OPIS Truckstop ID,Truckstop Name,Address,City,State,Rack ID,Retail Price,Full_Address,Location,Latitude,Longitude
35,ACI TRUCK STOP,US-46,Columbia,NJ,90,3.079,"US-46, Columbia, NJ, USA","Columbia, Knowlton Township, Warren County, New Jersey, 18351, United States",40.9262077,-75.0926763
75,Good 2 Go #709,US-50,Montrose,CO,810,3.424,"US-50, Montrose, CO, USA","North Townsend Avenue, Tortilla Flats, Montrose, Montrose County, Colorado, 81401, United States",38.4798561,-107.8790579
77,OASIS TRAVEL PLAZA,US-13,Laurel,DE,243,3.229,"US-13, Laurel, DE, USA","Sussex Highway, Laurel, Sussex County, Delaware, 19956, United States",38.5717115,-75.56341
79,DELAWARE TRUCK PLAZA,US-13 & US-40,New Castle                              ,DE,243,3.249,"US-13 & US-40, New Castle                              , DE, USA","New Castle County, Delaware, United States",39.6159851,-75.662956
127,CIRCLE K #4700095,US-41,Henderson,KY,340,3.609,"US-41, Henderson, KY, USA","Bi-State Vietnam Gold Star Memorial Bridge, Henderson County, Kentucky, United States",37.9043929,-87.5507791
174,Hop-In Food Stores,US-59 & SR-224,Nacogdoches                             ,TX,618,2.859,"US-59 & SR-224, Nacogdoches                             , TX, USA","Nacogdoches County, Texas, United States",31.5970503,-94.5927451
207,MARATHON,SR-32,Sardinia                                ,OH,300,3.56566666,"SR-32, Sardinia                                , OH, USA","James A. Rhodes Appalachian Highway, Macon, Sardinia, Eagle Township, Brown County, Ohio, 45171, United States",38.9897914,-83.7622621
243,SAVE,US-41 & SR-10,Lake Village,IN,399,3.179,"US-41 & SR-10, Lake Village, IN, USA","Lake Village, Newton County, Indiana, United States",41.130062,-87.4388977
263,CASEYS #3956,I-94 EXIT 16,Bridgman,MI,465,3.559,"I-94 EXIT 16, Bridgman, MI, USA","I 94, Bridgman, Berrien County, Michigan, 49106, United States",41.9478823,-86.5640955
267,CORNER MARKET #117,SR-154 & SR-129,Dodge City,KS,357,3.399,"SR-154 & SR-129, Dodge City, KS, USA","Dodge City, Ford County, Kansas, 67801, United States",37.7527982,-100.0170787
278,CARLISLE PLAZA,US-41,Carlisle,IN,510,3.499,"US-41, Carlisle, IN, USA","US 41;US 150, Carlisle, Sullivan County, Indiana, 47838, United States",38.9417211,-87.4152071
292,PETES #56,US-169 & CR-5000,Cherryvale,KS,307,3.23233333,"US-169 & CR-5000, Cherryvale, KS, USA","CR 5000, Cherryvale, Montgomery County, Kansas, 67335, United States",37.2665236,-95.5268789
372,GAS DEPOT,"I-94, EXIT 5",Hammond,IN,365,3.999,"I-94, EXIT 5, Hammond, IN, USA","Borman Expressway, Schleicher, Hammond, North Township, Lake County, Indiana, 46324, United States",41.5743507,-87.4832623
381,7-Eleven #41830,US-69 & US-135,Jacksonville,TX,630,2.91566666,"US-69 & US-135, Jacksonville, TX, USA","Jacksonville, Cherokee County, Texas, 75766, United States",31.963778,-95.2705042
442,WESTERN COOP,US-385 & SR-2,Alliance,NE,795,3.324,"US-385 & SR-2, Alliance, NE, USA","Alliance, Box Butte County, Nebraska, 69301, United States",42.0971897,-102.8707145
456,THE COUNTRY OASIS,US-24,Woodburn                                ,IN,370,3.399,"US-24, Woodburn                                , IN, USA","Woodburn, Allen County, Indiana, United States",41.1253271,-84.8532963
469,LOAF N JUG #750010,US-160 & SR-17,Alamosa,CO,803,3.259,"US-160 & SR-17, Alamosa, CO, USA","Alamosa County, Colorado, United States",37.5780995,-105.7890452
489,EDDIES CORNER,US-87 & US-191,Moore,MT,815,3.749,"US-87 & US-191, Moore, MT, USA","Moore, Fergus County, Montana, 59464, United States",46.975523,-109.696854
525,FASTBREAK,US-45 ALT,West Point,MS,705,3.059,"US-45 ALT, West Point, MS, USA","US Highway 45 Alternate, West Point, Clay County, Mississippi, 39773, United States",33.5811826,-88.6590308
546,PLAZA 30,US-30,Wanatah,IN,365,3.499,"US-30, Wanatah, IN, USA","Lincoln Highway, Wanatah, LaPorte County, Indiana, 46390, United States",41.4343533,-86.9190579
614,TA MAYBROOK TRAVEL CENTER,"I-84, EXIT 5",Montgomery,NY,120,4.359,"I-84, EXIT 5, Montgomery, NY, USA","I 84, Town of Montgomery, Town of Wallkill, Orange County, New York, 10916, United States",41.4807035,-74.2894593
692,BP,US-63,Ottumwa,IA,489,3.399,"US-63, Ottumwa, IA, USA","US 34;US 63, East Ottumwa, Ottumwa, Wapello County, Iowa, 52501, United States",41.0082765,-92.3884998
739,Arco #364420,US-23,Greenup,KY,255,3.649,"US-23, Greenup, KY, USA","U.S. Grant Bridge, South Portsmouth, Greenup County, Kentucky, 41174, United States",38.7269728,-82.997463
748,QUIKTRIP #4231,US-85,Evans,CO,800,3.17233333,"US-85, Evans, CO, USA","Highway 85, Evans, Weld County, Colorado, 80645, United States",40.369658,-104.6962201
769,AYERCO #26,US-61/US-136,Alexandria,MO,345,3.01566666,"US-61/US-136, Alexandria, MO, USA","US 61;US 136, Alexandria, Clark County, Missouri, 63430, United States",40.3642937,-91.4644714
855,SPEEDWAY #7459,US-41 & SR-137,North Chicago,IL,293,3.379,"US-41 & SR-137, North Chicago, IL, USA","North Chicago, Lake County, Illinois, United States",42.327724,-87.8394189
855,SPEEDWAY #7459,US-41 & SR-137,North Chicago,IL,293,3.499,"US-41 & SR-137, North Chicago, IL, USA","North Chicago, Lake County, Illinois, United States",42.327724,-87.8394189
855,SPEEDWAY #7459,US-41 & SR-137,North Chicago,IL,293,3.289,"US-41 & SR-137, North Chicago, IL, USA","North Chicago, Lake County, Illinois, United States",42.327724,-87.8394189
1042,Union 76,US-441 & SR-100A,Lake City,FL,75,3.56233333,"US-441 & SR-100A, Lake City, FL, USA","Northwest Bascom Norris Drive, Lake City, Columbia County, Florida, 32055, United States",30.2032618,-82.6403437
1154,CIRCLE K #2704691,SR-71 & CR-214,Cedar Creek,TX,595,3.199,"SR-71 & CR-214, Cedar Creek, TX, USA","Cedar Creek, Dallas, Dallas County, Texas, United States",32.7399277,-96.8160745
1158,PILOT TRAVEL CENTERS #36,US-30  & SR-49,Valparaiso,IN,365,3.869,"US-30  & SR-49, Valparaiso, IN, USA","Valparaiso, Porter County, Indiana, United States",41.4672552,-87.0604487
1158,PILOT TRAVEL CENTER #36,US-30  & SR-49,Valparaiso,IN,365,3.859,"US-30  & SR-49, Valparaiso, IN, USA","Valparaiso, Porter County, Indiana, United States",41.4672552,-87.0604487
1163,SHORT STOP #13,US-54,Emporia,KS,553,2.839,"US-54, Emporia, KS, USA","Emporia, Lyon County, Kansas, 66801, United States",38.4040054,-96.181623
1196,SOUTHERN BELLE TRUCK STOP,US-61 & SR-964,Saint Francisville,LA,725,3.384,"US-61 & SR-964, Saint Francisville, LA, USA","St. Francisville, West Feliciana Parish, Louisiana, United States",30.7807244,-91.3763353
1208,D AVENUE FUEL PLAZA,US-131,Kalamazoo,MI,465,3.499,"US-131, Kalamazoo, MI, USA","South Westnedge Avenue, Westnedge Hill Neigborhood, Kalamazoo, Kalamazoo County, Michigan, 49002, United States",42.2655832,-85.5896428
1208,D AVENUE FUEL PLAZA,US-131,Kalamazoo,MI,465,3.099,"US-131, Kalamazoo, MI, USA","South Westnedge Avenue, Westnedge Hill Neigborhood, Kalamazoo, Kalamazoo County, Michigan, 49002, United States",42.2655832,-85.5896428
1217,KWIK TRIP #250,"I-90, EXIT 179",Austin,MN,515,3.374,"I-90, EXIT 179, Austin, MN, USA","Gerard School Emergency Exit, Austin, Mower County, Minnesota, 55912, United States",43.6749798,-92.9386854
1225,AYERCO #35,US-61 & US-61 BUS,Bowling Green,MO,494,3.01566666,"US-61 & US-61 BUS, Bowling Green, MO, USA","Bowling Green, Pike County, Missouri, United States",39.3419891,-91.1951437
1234,Lamar Travel Plaza,US-71 & US-160,Lamar,MO,416,3.199,"US-71 & US-160, Lamar, MO, USA","Lamar, Barton County, Missouri, 64759, United States",37.4950527,-94.2768736
1236,AYERCO #44,US-36 & US-24,Palmyra,MO,494,3.01566666,"US-36 & US-24, Palmyra, MO, USA","Palmyra, Marion County, Missouri, United States",39.7942213,-91.5232557
1240,TEMP STOP #103,US-65,Sedalia,MO,400,3.199,"US-65, Sedalia, MO, USA","US 65, Sedalia, Pettis County, Missouri, 65302, United States",38.7237486,-93.2413495
1247,SNAPPY MART #11,US-63 & SR-14,West Plains,MO,535,3.299,"US-63 & SR-14, West Plains, MO, USA","West Plains, Howell County, Missouri, 65775, United States",36.7281652,-91.8525756
1251,MAPCO #3009,US-72,Corinth,MS,435,3.154,"US-72, Corinth, MS, USA","US 72, Corinth, Alcorn County, Mississippi, 38834, United States",34.9307846,-88.5374122
1265,JOE JOES TRAVEL CENTER,US-78 & RED BANKS RD S,Red Banks,MS,435,2.97233333,"US-78 & RED BANKS RD S, Red Banks, MS, USA","South Red Banks Road, Red Banks, Marshall County, Mississippi, 38125, United States",34.8238697,-89.5645993
1325,SCOTCHMAN #3303,US-421 & US-74,Wilmington,NC,245,3.629,"US-421 & US-74, Wilmington, NC, USA","Wilmington, New Hanover County, North Carolina, United States",34.2352853,-77.9487284
1333,PUMP & PANTRY #15,US-30,Grand Island,NE,330,3.30733333,"US-30, Grand Island, NE, USA","West Highway 30, Grand Island, Hall County, Nebraska, 68802, United States",40.9155658,-98.3665723
1344,BOLLA TRUCK STOP #193,US-202 & SR-17,Mahwah,NJ,115,3.53233333,"US-202 & SR-17, Mahwah, NJ, USA","Mahwah, Bergen County, New Jersey, United States",41.0887072,-74.1437552
1424,GETTYSBURG TRAVEL PLAZA,US-15 & SR-394,Gettysburg,PA,70,3.899,"US-15 & SR-394, Gettysburg, PA, USA","Gettysburg, Adams County, Pennsylvania, United States",39.8308973,-77.231012
1447,HOT SPOT #3005,US-221,Chesnee,SC,210,3.199,"US-221, Chesnee, SC, USA","North Alabama Avenue, Chesnee, Spartanburg County, South Carolina, 29323, United States",35.1500455,-81.8603215
1470,CIRCLE K #2705348,US-1,Beech Island,SC,135,3.159,"US-1, Beech Island, SC, USA","Beech Island, Aiken County, South Carolina, 29842, United States",33.4280649,-81.8891583
1533,YESWAY #1157,US-62,Brownfield,TX,700,2.99233333,"US-62, Brownfield, TX, USA","Seagraves Road, Brownfield, Terry County, Texas, 79316, United States",33.1690274,-102.280742
1546,SHELL,"I-35, EXIT 86 & SR-85",Dilley,TX,740,3.099,"I-35, EXIT 86 & SR-85, Dilley, TX, USA","Purple Heart Trail, Dilley, Frio County, Texas, 78017, United States",28.6710123,-99.1837357
1548,TOOT N TOTUM #107,US-287,Dumas,TX,585,3.03233333,"US-287, Dumas, TX, USA","South Dumas Avenue, Dumas, Moore County, Texas, 79029, United States",35.8378392,-101.9732155
1552,STRIPES #40911,US-59 & SR-16,Freer,TX,625,3.099,"US-59 & SR-16, Freer, TX, USA","Freer, Duval County, Texas, 78357, United States",27.8781306,-98.6142095
1560,CATTREZ,US-20 & SR-5,Irving,NY,38,2.899,"US-20 & SR-5, Irving, NY, USA","Irving, Sunset Bay, Town of Hanover, Chautauqua County, New York, 14081, United States",42.5675589,-79.1128169
1560,CATTREZ,US-20 & SR-5,Irving,NY,38,2.999,"US-20 & SR-5, Irving, NY, USA","Irving, Sunset Bay, Town of Hanover, Chautauqua County, New York, 14081, United States",42.5675589,-79.1128169
1567,KUM & GO #4110,"I-235, EXIT 11",Des Moines,IA,320,3.02733333,"I-235, EXIT 11, Des Moines, IA, USA","John MacVicar Freeway, Des Moines, Polk County, Iowa, 50318, United States",41.5956568,-93.6171061
1602,CIRCLE K #2723387,US-98,Beaumont,MS,620,3.56566666,"US-98, Beaumont, MS, USA","US 98, Beaumont, Perry County, Mississippi, 30423, United States",31.1595412,-88.9231477
1618,GO MART FOOD STORE #33,US-33,Ripley                                  ,WV,44,3.499,"US-33, Ripley                                  , WV, USA","Main Street West, Ripley, Jackson County, West Virginia, 25271, United States",38.8199417,-81.7198759
1646,SPEEDWAY #8310,US-6  & US-31,Plymouth,IN,465,3.609,"US-6  & US-31, Plymouth, IN, USA","Plymouth, Marshall County, Indiana, 46563, United States",41.3436555,-86.3097278
1647,SPEEDWAY #8305,US-41 & SR-312,Hammond,IN,290,3.76566666,"US-41 & SR-312, Hammond, IN, USA","Hammond, North Township, Lake County, Indiana, United States",41.6173959,-87.5220108
1653,ROAD RANGER #187,"I-55, EXIT 289",Chicago,IL,520,3.569,"I-55, EXIT 289, Chicago, IL, USA","Grant Park South Garage (Exit), Jewelers Row, Loop, Chicago, South Chicago Township, Cook County, Illinois, 60604, United States",41.8774134,-87.6243099
1653,ROAD RANGER #187,"I-55, EXIT 289",Chicago,IL,520,3.599,"I-55, EXIT 289, Chicago, IL, USA","Grant Park South Garage (Exit), Jewelers Row, Loop, Chicago, South Chicago Township, Cook County, Illinois, 60604, United States",41.8774134,-87.6243099
1720,TOOT N TOTUM #120,US-54 & S WESTERN AVE,Liberal,KS,585,3.01566666,"US-54 & S WESTERN AVE, Liberal, KS, USA","South Western Avenue, Liberal, Seward County, Kansas, 67905, United States",37.0336373,-100.9404472
1810,KENT KWIK #804,US-83,Perryton,TX,585,2.999,"US-83, Perryton, TX, USA","South Main Street, Perryton, Ochiltree County, Texas, 79070, United States",36.3781996,-100.8026264
1832,CORNER FUEL CENTER,US-49,Hattiesburg,MS,620,3.299,"US-49, Hattiesburg, MS, USA","US 49, Hattiesburg, Forrest County, Mississippi, 39406, United States",31.3527232,-89.341946
1849,Stripes #42457,US-67/US-277,San Angelo,TX,740,3.244,"US-67/US-277, San Angelo, TX, USA","Old Ballinger Highway, Paulann, Alvery Junction, San Angelo, Tom Green County, Texas, 76905, United States",31.5020514,-100.3854623
1855,EXIT 76 AUTO TRUCK PLAZA,US-131,Byron Center,MI,344,3.499,"US-131, Byron Center, MI, USA","Byron Center, Byron Township, Kent County, Michigan, 49315, United States",42.8122508,-85.7228062
1874,CIRCLE K #2744529,US-175,Seagoville,TX,630,2.95066666,"US-175, Seagoville, TX, USA","US 175, Seagoville, Kaufman County, Texas, 75114, United States",32.6392429,-96.4903785
1888,STRIPES 7FLEET #42449,US-87,Sterling City,TX,710,3.28066666,"US-87, Sterling City, TX, USA","US Highway 87 North, Sterling City, Sterling County, Texas, 76951, United States",31.8369062,-100.9990743
1889,TOOT N TOTUM #105,US-54 & US-287,Stratford,TX,585,2.96566666,"US-54 & US-287, Stratford, TX, USA","Stratford, Sherman County, Texas, United States",36.3361403,-102.072119
1905,LUCKY TRUCK STOP,US-82,Whitesboro                              ,TX,630,2.88566666,"US-82, Whitesboro                              , TX, USA","TX 56, Whitesboro, Grayson County, Texas, 76273, United States",33.6553688,-96.934841
1954,Joe's Kwik Mart #8409,US-58 & CR-645,Suffolk,VA,130,3.03233333,"US-58 & CR-645, Suffolk, VA, USA","Suffolk, Virginia, United States",36.7281341,-76.5834683
2000,RIVER CITY TRAVEL PLAZA,US-41,Marinette,WI,360,3.399,"US-41, Marinette, WI, USA","Interstate Bridge, Marinette, Marinette County, Wisconsin, 43858, United States",45.1026187,-87.6271905
2002,KWIK TRIP #222,US-53/US-2,Superior,WI,334,3.339,"US-53/US-2, Superior, WI, USA","US 2;US 53, Itasca, City of Superior, Douglas County, Wisconsin, United States",46.6723214,-92.0038121
2030,GHOST TOWN FUEL STOP,US-26/US-20,Casper,WY,790,3.429,"US-26/US-20, Casper, WY, USA","I 25;US 20;US 26;US 87, Casper, Natrona County, Wyoming, 82605, United States",42.8570288,-106.308043
2078,ALLSUPS CONVENIENCE STORE #2366,US-84 & CR-3300,Slaton                                  ,TX,700,2.969,"US-84 & CR-3300, Slaton                                  , TX, USA","County Road 3300, Slaton, Lubbock County, Texas, 79364, United States",33.4481042,-101.6748171
2087,LWS TRUCK STOP,SR-30,Logan,UT,835,3.42566666,"SR-30, Logan, UT, USA","200 North, Logan, Cache County, Utah, 84321, United States",41.7353743,-111.8438479
2144,Mountain View Truck Stop,US-15,Thurmont,MD,60,4.099,"US-15, Thurmont, MD, USA","Catoctin Mountain Highway, Thurmont, Frederick County, Maryland, 21788, United States",39.6272884,-77.4175984
2194,A AND A TRUCKSTOP,US-35 & CR-41,Jackson,OH,315,3.799,"US-35 & CR-41, Jackson, OH, USA","Jackson County, Ohio, United States",39.0131871,-82.6089043
2204,NATURAL BRIDGE SHELL,US-278 & SR-5,Lynn,AL,615,3.68233333,"US-278 & SR-5, Lynn, AL, USA","Lynn, Winston County, Alabama, United States",34.0470483,-87.54974
2283,CIRCLE K #2707321,SR-60,Bartow,FL,225,3.52233333,"SR-60, Bartow, FL, USA","Van Fleet Drive, Bartow, Polk County, Florida, 33830, United States",27.9041574,-81.8455336
2331,PINNERS POINT,SR-135,Portsmouth,VA,130,3.499,"SR-135, Portsmouth, VA, USA","Rotunda Avenue, Crystal Lake, Cavalier Manor, Portsmouth, Virginia, 23701, United States",36.795886,-76.3842425
2340,RSTORE #4478,SR-8 & SR-13,Prentice,WI,395,3.039,"SR-8 & SR-13, Prentice, WI, USA","Prentice, Price County, Wisconsin, United States",45.5459408,-90.2875802
2638,PIT STOP TRAVEL CENTER,US-789,Riverton                                ,WY,790,4.399,"US-789, Riverton                                , WY, USA","789, West Main Street, Riverton, Fremont County, Wyoming, 82501, United States",43.0245238,-108.4000304
2761,PONY EXPRESS SERVICE CENTER,US-36 & SR-148,Hanover,KS,316,2.95566666,"US-36 & SR-148, Hanover, KS, USA","Hanover, Washington County, Kansas, 66945, United States",39.893892,-96.87947
2764,LOVES TRAVEL STOP #046,US-64/54 & SR-94,Hooker,OK,585,3.56233333,"US-64/54 & SR-94, Hooker, OK, USA","Clarence Street, Hooker, Texas County, Oklahoma, 73945, United States",36.8593396,-101.2090716
2765,LOVES TRAVEL STOP #023,US-50 & US-287,Lamar,CO,525,3.46233333,"US-50 & US-287, Lamar, CO, USA","Lamar, Prowers County, Colorado, 81052, United States",38.0872306,-102.620749
2807,SUDDEN SERVICE #25,"I-24, EXIT 11",Clarksville,TN,460,3.30733333,"I-24, EXIT 11, Clarksville, TN, USA","I 24, Clarksville, Montgomery County, Middle Tennessee, Tennessee, United States",36.5942347,-87.2771378
2896,NORTH LEWISTON DYNAMART,US-12 & SR 128,Lewiston,ID,970,3.669,"US-12 & SR 128, Lewiston, ID, USA","Lewiston, Nez Perce County, Idaho, United States",46.4195913,-117.0216144
2917,GOLDYS TRUCK PLAZA,US-29,Rustburg,VA,185,3.519,"US-29, Rustburg, VA, USA","Rustburg, Campbell County, Virginia, 24588, United States",37.2768113,-79.1008543
2924,HWY 190 FUEL STOP,US-190,Jasper                                  ,TX,610,3.13233333,"US-190, Jasper                                  , TX, USA","West Gibson Street, Jasper, Jasper County, Texas, 75951, United States",30.907308,-94.0079962
3030,Mr Ts Riverside,US-412,Cardwell                                ,MO,435,3.199,"US-412, Cardwell                                , MO, USA","US 412, Cardwell, Dunklin County, Missouri, 63829, United States",36.0391468,-90.2962776
3064,PORTS TO PLAINS TRAVEL PLAZA,US-50 & US-287,Lamar,CO,800,3.399,"US-50 & US-287, Lamar, CO, USA","Lamar, Prowers County, Colorado, 81052, United States",38.0872306,-102.620749
3086,SPEEDWAY #4638,US-29,Madison Heights,VA,185,3.49566666,"US-29, Madison Heights, VA, USA","Monacan Parkway, Montrose Heights, Angelo, Madison Heights, Amherst County, Virginia, 84572, United States",37.4748343,-79.0799194
3093,RSTORE #4488,US-51,Merrill,WI,395,3.24066666,"US-51, Merrill, WI, USA","US 51, Town of Merrill, Lincoln County, Wisconsin, United States",45.1946928,-89.6467982
3148,YESWAY #1038,US-60 & SR-86,Neosho,MO,307,3.059,"US-60 & SR-86, Neosho, MO, USA","Neosho, Newton County, Missouri, United States",36.8665201,-94.3701651
3167,JASPER FOOD MART,US-78,Jasper,AL,615,3.229,"US-78, Jasper, AL, USA","I 22;US 78, Jasper, Walker County, Alabama, 35001, United States",33.8215857,-87.3143563
3176,BP,US-6 & SR-15,New Paris                               ,IN,365,3.65733333,"US-6 & SR-15, New Paris                               , IN, USA","New Paris, Elkhart County, Indiana, United States",41.5045465,-85.8241113
3178,ERNIES FUEL STOP #1605,SR-167,Kent,WA,977,4.599,"SR-167, Kent, WA, USA","Valley Freeway, Kent, King County, Washington, 98031, United States",47.414076,-122.2206114
3206,PERHAM OASIS,US-10 & SR-78,Perham,MN,250,3.499,"US-10 & SR-78, Perham, MN, USA","Perham, Otter Tail County, Minnesota, 56573, United States",46.5944042,-95.5725415
3230,STRIPES #40815,US-281 & US-285,Falfurrias,TX,625,3.299,"US-281 & US-285, Falfurrias, TX, USA","Falfurrias, Brooks County, Texas, 78355, United States",27.2247328,-98.1462397
3413,COUNTRY GIRL TRUCK STOP,US-167 & SR-156,Winnfield,LA,590,3.319,"US-167 & SR-156, Winnfield, LA, USA","Winnfield, Winn Parish, Louisiana, United States",31.925228,-92.63994
3460,CHROME TRUCK STOP,US-18 & US-169,Algona,IA,433,3.499,"US-18 & US-169, Algona, IA, USA","Algona, Kossuth County, Iowa, 50511, United States",43.0699663,-94.233019
3522,SUNMART #308,US-59,Livingston                              ,TX,610,2.859,"US-59, Livingston                              , TX, USA","US 59, Livingston, Polk County, Texas, 77351, United States",30.7020743,-94.9536673
3719,KEYSTONE TRUCK STOP,US-22 & SR-164,Loretto,PA,14,3.999,"US-22 & SR-164, Loretto, PA, USA","Loretto, Cambria County, Pennsylvania, United States",40.5029161,-78.6314019
3737,JORDAN'S KWIK STOP #70,US-49,West Helena                             ,AR,435,3.399,"US-49, West Helena                             , AR, USA","Martin Luther King Jr Drive, West Helena, Helena-West Helena, Phillips County, Arkansas, 72390, United States",34.5232725,-90.6380761
3759,EXXON,US-67 & SR-18,Newport,AR,695,4.13233333,"US-67 & SR-18, Newport, AR, USA","Newport, Jackson County, Arkansas, United States",35.6067154,-91.2830334
3772,Brake Time Corner Market,"I-25, EXIT 240",Burlington                              ,CO,800,3.499,"I-25, EXIT 240, Burlington                              , CO, USA","Exit 14, New Hanover Township, Burlington County, New Jersey, 08511, United States",39.999754,-74.5284699
3774,SINCLAIR,"I-70, EXIT 438",Burlington                              ,CO,796,3.889,"I-70, EXIT 438, Burlington                              , CO, USA","Exit 14, New Hanover Township, Burlington County, New Jersey, 08511, United States",39.999754,-74.5284699
3783,CIRCLE K #2744095,"I-25, EXIT 215",Denver,CO,800,3.299,"I-25, EXIT 215, Denver, CO, USA","Exit, Denver, Colorado, 80231, United States",39.6660361,-104.8673054
3817,FAST MARKET,"I-25, EXIT 158",Colorado Springs,CO,803,3.159,"I-25, EXIT 158, Colorado Springs, CO, USA","Exit Road, Colorado Springs, El Paso County, Colorado, 80914, United States",38.7922335,-104.6984674
3868,SHORE STOP #279,US-13,Greenwood,DE,194,3.239,"US-13, Greenwood, DE, USA","Sussex Highway, Greenwood, Sussex County, Delaware, 19950, United States",38.80335,-75.5849115
3868,SHORE STOP #279,US-13,Greenwood,DE,194,3.259,"US-13, Greenwood, DE, USA","Sussex Highway, Greenwood, Sussex County, Delaware, 19950, United States",38.80335,-75.5849115
3907,SUNOCO,US-46 & SR-93,Palisades Park,NJ,105,3.279,"US-46 & SR-93, Palisades Park, NJ, USA","Palisades Park, Bergen County, New Jersey, 07650, United States",40.8481556,-73.997639
3946,Fast Lane,US-24 & US-63,Moberly,MO,310,3.469,"US-24 & US-63, Moberly, MO, USA","Moberly, Randolph County, Missouri, 65270, United States",39.4201137,-92.4364298
4006,MISSILE MART #1,US-167 & SR-7,El Dorado,AR,635,3.499,"US-167 & SR-7, El Dorado, AR, USA","El Dorado, Union County, Arkansas, 71730, United States",33.2115087,-92.6650144
4062,DUDLEYS TRUCK STOP RESTAURANT,US-220,Rocky Mount,VA,185,3.299,"US-220, Rocky Mount, VA, USA","Virgil H Goode Highway, Rocky Mount, Franklin County, Virginia, 24151, United States",37.0172625,-79.8795982
4080,SHELL DBA PILOT DEALER #874,US-41,Miami,FL,176,3.699,"US-41, Miami, FL, USA","Southwest 8th Street, Miami, Miami-Dade County, Florida, 33130, United States",25.766241,-80.1992893
4080,PILOT TRAVEL CENTERS #874,US-41,Miami,FL,176,3.699,"US-41, Miami, FL, USA","Southwest 8th Street, Miami, Miami-Dade County, Florida, 33130, United States",25.766241,-80.1992893
4113,ASAP GENERAL STORE #330,US-412/SR-15,Enid,OK,500,3.08233333,"US-412/SR-15, Enid, OK, USA","West Owen K. Garriott Road, Enid, Garfield County, Oklahoma, 73703, United States",36.3910368,-97.9716014
4119,JET FOOD STORE #82,US-441 & CR-13,Douglas,GA,10,3.44066666,"US-441 & CR-13, Douglas, GA, USA","Douglas County, Georgia, United States",33.6995565,-84.7622973
4171,PETRO SERVE USA #11,US-2 & US-71,Bemidji,MN,355,3.499,"US-2 & US-71, Bemidji, MN, USA","Bemidji, Beltrami County, Minnesota, 56601, United States",47.4723148,-94.8832791
4220,KENNETT TRUCK STOP,"I-275, EXIT 16",Lawrenceburg                            ,IN,300,3.424,"I-275, EXIT 16, Lawrenceburg                            , IN, USA","Cincinnati Bypass, Greendale, Lawrenceburg Township, Dearborn County, Indiana, 47025, United States",39.1253204,-84.8334209
4233,QUIKTRIP #7220,"I-20, EXIT 8",Shreveport,LA,745,2.89233333,"I-20, EXIT 8, Shreveport, LA, USA","I 20, Flournoy, Shreveport, Caddo Parish, Louisiana, 71129, United States",32.4470363,-93.9016643
4267,CONOCO,US-30 & SR-41,Gap,PA,160,3.799,"US-30 & SR-41, Gap, PA, USA","Gap, Salisbury Township, Lancaster County, Pennsylvania, 17527, United States",39.989477,-76.0173511
4331,KWIK STOP C STORES,US-61/US-151,Dubuque,IA,335,3.559,"US-61/US-151, Dubuque, IA, USA","US 61;US 151, Dubuque, Julien Township, Dubuque County, Iowa, 52001, United States",42.5106721,-90.6585131
4335,HIGHWAY 20  AUTO TRUCK PLAZA,US-20,Peosta,IA,335,3.489,"US-20, Peosta, IA, USA","US 20;US 52, Peosta, Vernon Township, Dubuque County, Iowa, 52068, United States",42.4410122,-90.8551838
4442,Minuteman Food Mart #58,US-74/US-76,Delco,NC,245,3.50733333,"US-74/US-76, Delco, NC, USA","Andrew Jackson Highway, Delco, Columbus County, North Carolina, 28436, United States",34.3165947,-78.233707
4452,CASEYS #2867,US-63 & US-20,Waterloo,IA,380,3.499,"US-63 & US-20, Waterloo, IA, USA","Waterloo, Black Hawk County, Iowa, United States",42.498275,-92.3328743
4492,3 MILE CORNER TRUCK STOP,US-2 & US-95,Bonners Ferry,ID,970,3.734,"US-2 & US-95, Bonners Ferry, ID, USA","Bonners Ferry, Boundary County, Idaho, United States",48.6972317,-116.3119832
4819,Alta Convenience #6333,"I-25, EXIT 11",Trinidad,CO,803,3.399,"I-25, EXIT 11, Trinidad, CO, USA","I 25, Trinidad, Las Animas County, Colorado, 81082, United States",37.1637593,-104.5132251
4837,SHELL,US-10 & SR-210,Motley,MN,522,3.399,"US-10 & SR-210, Motley, MN, USA","Motley, Morrison County, Minnesota, United States",46.3366315,-94.646125
4905,HY-MILER #2204,SR-250,Sandusky,OH,550,3.53233333,"SR-250, Sandusky, OH, USA","250, West Washington Street, Columbus Avenue Historic District, Sandusky, Erie County, Ohio, 44870, United States",41.4542204,-82.7128465
4977,KWIK TRIP #331,SR-54,Wisconsin Rapids,WI,395,3.26233333,"SR-54, Wisconsin Rapids, WI, USA","Shady Lane Senior Living, Manitowoc Rapids, Manitowoc, Manitowoc County, Wisconsin, United States",44.0842353,-87.6770463
5006,SUNOCO,US-1/US-9,Linden,NJ,79,3.799,"US-1/US-9, Linden, NJ, USA","US 1;US 9, Linden, Union County, New Jersey, 07202, United States",40.6487158,-74.2236403
5030,YESWAY #1030,US-63 & E MARY ST,Ottumwa,IA,320,3.399,"US-63 & E MARY ST, Ottumwa, IA, USA","East Mary Street, Ottumwa, Wapello County, Iowa, 52501, United States",40.9948186,-92.4135936
5079,FASTLANE TAYLOR 63,US-61 & SR-6,Taylor,MO,494,3.01566666,"US-61 & SR-6, Taylor, MO, USA","Taylor, Marion County, Missouri, 63471, United States",39.9381011,-91.5237663
5202,Chevron #306185,US-30,Montpelier,ID,825,3.699,"US-30, Montpelier, ID, USA","North 4th Street, Montpelier, Bear Lake County, Idaho, 83254, United States",42.319849,-111.2978195
5232,CM EUNICE,US-190,Eunice,LA,730,3.399,"US-190, Eunice, LA, USA","West Laurel Avenue, Eunice, St. Landry Parish, Louisiana, 70535, United States",30.4949124,-92.4289449
5245,CASEYS #3842,US-36 & US-283,Norton,KS,357,3.15733333,"US-36 & US-283, Norton, KS, USA","Norton County, Kansas, United States",39.7944702,-99.9100033
5249,Taylor's Stateline Travel Center,US-67 & SR-278,Neelyville,MO,275,2.999,"US-67 & SR-278, Neelyville, MO, USA","Neelyville, Butler County, Missouri, United States",36.561713,-90.5061465
5282,CASEYS #3548,US-54 & US-61,Pratt,KS,357,3.14066666,"US-54 & US-61, Pratt, KS, USA","Pratt County, Kansas, United States",37.6280602,-98.7485305
5309,NEWBORN TRUCK STOP,I-20 EXIT 5,Tallapoosa,GA,48,3.40733333,"I-20 EXIT 5, Tallapoosa, GA, USA","Tom Murphy Freeway, Tallapoosa, Haralson County, Georgia, 30182, United States",33.6853141,-85.2596222
5324,HY-MILER #2245,SR-53,Fremont,OH,550,3.38233333,"SR-53, Fremont, OH, USA","Bypass Highway, Fremont, Sandusky Township, Sandusky County, Ohio, 43420, United States",41.36849,-83.1421074
5407,CASEYS #4535,US 81,Concordia                               ,KS,570,2.91233333,"US 81, Concordia                               , KS, USA","Lincoln Street, Concordia, Cloud County, Kansas, 66901, United States",39.5639543,-97.6574286
5435,MEADE AUTO AND TRUCK PLAZA,US-54,Meade                                   ,KS,525,3.799,"US-54, Meade                                   , KS, USA","West Carthage Street, Meade, Meade County, Kansas, 67864, United States",37.285498,-100.3444962
5464,PILOT TRAVEL CENTERS #48,"I-65, EXIT 86",Glendale,KY,415,3.609,"I-65, EXIT 86, Glendale, KY, USA","I 65, Glendale Junction, Hardin County, Kentucky, 42740, United States",37.6022769,-85.8675485
5569,TA EXPRESS NORWOOD #0450,US-60,Norwood,MO,535,3.449,"US-60, Norwood, MO, USA","US 60, Norwood, Wright County, Missouri, 65717, United States",37.1109477,-92.4520983
5579,SAPP BROS TRAVEL CENTER,US-30,Columbus,NE,486,3.219,"US-30, Columbus, NE, USA","23rd Street, Carriage House Estates, Columbus, Platte County, Nebraska, 68601, United States",41.4385015,-97.3346445
5601,BP,"I-24, EXIT 16",Paducah,KY,490,3.429,"I-24, EXIT 16, Paducah, KY, USA","I 24, Paducah, McCracken County, Kentucky, 42002, United States",37.051416,-88.6507481
5608,SHOP A LOTT  #3,US-84 & US-171,Mansfield                               ,LA,766,3.13566666,"US-84 & US-171, Mansfield                               , LA, USA","Mansfield, DeSoto Parish, Louisiana, United States",32.0218301,-93.7143492
5659,TEX-BEST #526,US-59 & US-281,George West,TX,625,3.299,"US-59 & US-281, George West, TX, USA","George West, Live Oak County, Texas, 78022, United States",28.3318242,-98.1171612
5700,BEACON & BRIDGE #18,US-131 BUS,Big Rapids,MI,456,3.559,"US-131 BUS, Big Rapids, MI, USA","North State Street, Big Rapids, Mecosta County, Michigan, 49307, United States",43.7051513,-85.484087
5700,BEACON & BRIDGE #18,US-131 BUS,Big Rapids,MI,456,3.319,"US-131 BUS, Big Rapids, MI, USA","North State Street, Big Rapids, Mecosta County, Michigan, 49307, United States",43.7051513,-85.484087
5700,BEACON & BRIDGE #18,US-131 BUS,Big Rapids,MI,456,3.339,"US-131 BUS, Big Rapids, MI, USA","North State Street, Big Rapids, Mecosta County, Michigan, 49307, United States",43.7051513,-85.484087
5718,TOOT N TOTUM #104,US-287,Dalhart,TX,585,3.199,"US-287, Dalhart, TX, USA","Dalhart, Dallam County, Texas, 79022, United States",36.0616092,-102.522223
5730,SCOTTS QUICK STOP,SR-53 & SR-46,Marlette,MI,342,3.399,"SR-53 & SR-46, Marlette, MI, USA","Marlette, Sanilac County, Michigan, 48453, United States",43.326969,-83.08022
5758,SPEEDY Q MARKET #8206,"I-94, EXIT 274",Port Huron                              ,MI,325,3.899,"I-94, EXIT 274, Port Huron                              , MI, USA","CBP - Port Huron Port Of Entry Commercial Secondary Inspection VACIS Exit Route, Port Huron, Saint Clair County, Michigan, 48060, United States",42.9983959,-82.4394175
5907,SPEEDWAY #4035,CR-101,Shakopee,MN,448,3.599,"CR-101, Shakopee, MN, USA","CR 101, Shakopee, Scott County, Minnesota, 55379, United States",44.7997635,-93.5255672
5949,EXXON,US-59 & LOOP 151,Texarkana                               ,TX,723,3.16566666,"US-59 & LOOP 151, Texarkana                               , TX, USA","South Lake Drive, Texarkana, Bowie County, Texas, 75501, United States",33.4160475,-94.0609784
5979,TA LAFAYETTE TRAVEL CENTER,"I-10 & SR-182, EXIT 101",Lafayette,LA,600,3.134,"I-10 & SR-182, EXIT 101, Lafayette, LA, USA","Exit Trail to Gravel Road, Lafayette, Lafayette Parish, Louisiana, 70502, United States",30.2591672,-91.98279
5990,360 TRUCK STOP,US-360,Amelia Court House,VA,180,3.599,"US-360, Amelia Court House, VA, USA","Patrick Henry Highway, Amelia, Amelia County, Virginia, 23002, United States",37.3569544,-77.9651872
6001,ALLSUPS #2392,US-70 & US-285,Roswell,NM,700,3.199,"US-70 & US-285, Roswell, NM, USA","Roswell, Chaves County, New Mexico, United States",33.3943282,-104.5229518
6009,CASEYS #2652,US-65 & US-36,Chillicothe,MO,400,3.289,"US-65 & US-36, Chillicothe, MO, USA","Chillicothe, Livingston County, Missouri, 64601, United States",39.7948749,-93.5532779
6033,EMERY'S,US-54,Deerfield,MO,277,3.349,"US-54, Deerfield, MO, USA","Old US Highway 54, Deerfield, Vernon County, Missouri, 64741, United States",37.837787,-94.5173017
6047,FAST LANE #26,US-61,Eolia,MO,494,3.099,"US-61, Eolia, MO, USA","Avenue of the Saints, Eolia, Lincoln County, Missouri, 63344, United States",39.2128074,-91.0054728
6068,AYERCO #24,US-61 & CR MM,Hannibal,MO,494,3.099,"US-61 & CR MM, Hannibal, MO, USA","Hannibal, Marion County, Missouri, 63401, United States",39.7082498,-91.3587413
6087,BREAK TIME #3173,US-54 & CR-HH,Fulton,MO,310,3.299,"US-54 & CR-HH, Fulton, MO, USA","Fulton, Callaway County, Missouri, 65251, United States",38.8467082,-91.9479586
6096,Waverly Travel Center,US-23,Waverly                                 ,OH,315,3.41566666,"US-23, Waverly                                 , OH, USA","East Emmitt Avenue, Green Acres, Waverly, Pee Pee Township, Pike County, Ohio, 45690, United States",39.1286121,-82.9830186
6167,PILOT TRAVEL CENTERS #167,US-71,Nevada,MO,277,3.49566666,"US-71, Nevada, MO, USA","I 49;US 71, Nevada, Vernon County, Missouri, 64772, United States",37.8463375,-94.3358481
6188,SIGNAL FOOD STORE #112,US-65 & SR-J,Ozark,MO,535,2.999,"US-65 & SR-J, Ozark, MO, USA","Ozark County, Missouri, United States",36.6467816,-92.4575198
6219,SCHATZ CROSSROADS,US-2 /US-52,Minot,ND,452,3.549,"US-2 /US-52, Minot, ND, USA","US Highway 2, Minot, Ward County, North Dakota, 58701, United States",48.2096542,-101.3111905
6243,GARDEN INN TRAVEL PLAZA,US-60/US-63,Cabool,MO,535,3.299,"US-60/US-63, Cabool, MO, USA","US 63;US 60 Business, Cedar Bluff, Cabool, Texas County, Missouri, 65689, United States",37.1237554,-92.091638
6296,GRAY TRUCK STOP,US-71/US-136,Maryville,MO,400,3.26566666,"US-71/US-136, Maryville, MO, USA","US 71;US 136, Maryville, Polk Township, Nodaway County, Missouri, 64468, United States",40.3707304,-94.8504749
6307,QUIKTRIP #608,"I-70, MID RIVERS MALL",Saint Peters,MO,540,2.904,"I-70, MID RIVERS MALL, Saint Peters, MO, USA","Mid Rivers Mall, Saint Peters, Saint Charles County, Missouri, 63376, United States",38.7952673,-90.6194737
6315,AYERCO #25,US-24,Taylor,MO,494,3.01566666,"US-24, Taylor, MO, USA","US 24, Taylor, Marion County, Missouri, 63471, United States",39.9361202,-91.5134943
6356,CIRCLE K #2721536,ST 6 EAST,Batesville,MS,435,3.24066666,"ST 6 EAST, Batesville, MS, USA","Road East, Batesville, Panola County, Mississippi, 38606, United States",34.3069861,-89.9174289
6374,TA ELGIN WEST TRAVEL CENTER,I-90 &  US-20,Hampshire,IL,290,3.459,"I-90 &  US-20, Hampshire, IL, USA","Hampshire, Hampshire Township, Kane County, Illinois, 60140, United States",42.0978028,-88.5303643
6374,TA ELGIN WEST TRAVEL CENTER,I-90 &  US-20,Hampshire,IL,290,3.539,"I-90 &  US-20, Hampshire, IL, USA","Hampshire, Hampshire Township, Kane County, Illinois, 60140, United States",42.0978028,-88.5303643
6374,TA ELGIN WEST TRAVEL CENTER,I-90 &  US-20,Hampshire,IL,290,3.599,"I-90 &  US-20, Hampshire, IL, USA","Hampshire, Hampshire Township, Kane County, Illinois, 60140, United States",42.0978028,-88.5303643
6374,TA ELGIN WEST TRAVEL CENTER,I-90 &  US-20,Hampshire,IL,290,3.499,"I-90 &  US-20, Hampshire, IL, USA","Hampshire, Hampshire Township, Kane County, Illinois, 60140, United States",42.0978028,-88.5303643
6374,TA ELGIN WEST TRAVEL CENTER,I-90 &  US-20,Hampshire,IL,290,3.469,"I-90 &  US-20, Hampshire, IL, USA","Hampshire, Hampshire Township, Kane County, Illinois, 60140, United States",42.0978028,-88.5303643
6391,TOOT N TOTUM #106,US-287,Dumas,TX,585,3.00566666,"US-287, Dumas, TX, USA","South Dumas Avenue, Dumas, Moore County, Texas, 79029, United States",35.8378392,-101.9732155
6434,AMPRIDE ALL ROUND TRUCK STOP,US-20,Fort Dodge,IA,343,3.299,"US-20, Fort Dodge, IA, USA","Kenyon Road, Fort Dodge, Wahkonsa Township, Webster County, Iowa, 50501, United States",42.4994532,-94.1860998
6442,CLARK OIL #49,US-84,Laurel,MS,620,2.999,"US-84, Laurel, MS, USA","I 59;US 84;MS 15, Queensburg, Laurel, Jones County, Mississippi, 39440, United States",31.6842792,-89.1383693
6462,ARCO #471770,US-281 & SR-5,Dunseith,ND,452,3.499,"US-281 & SR-5, Dunseith, ND, USA","Dunseith, Rolette County, North Dakota, United States",48.813057,-100.060968
6492,FLICKS,US-49,Richland,MS,760,2.999,"US-49, Richland, MS, USA","I 20;US 49, Richland, Rankin County, Mississippi, 39205, United States",32.2762194,-90.1756514
6526,TULIP CITY TRUCK STOP,"I-196 & SR-40, EXIT 49",Holland,MI,344,3.739,"I-196 & SR-40, EXIT 49, Holland, MI, USA","Holland, Ottawa County, Michigan, 49423, United States",42.7876022,-86.1090828
6564,FLYING J FRANCHISE #970,US-395,Pasco                                   ,WA,925,4.599,"US-395, Pasco                                   , WA, USA","Lewis and Clark Trail, Pasco, Franklin County, Washington, 99301, United States",46.2500374,-119.0940572
6608,7-ELEVEN #35560,SR-16,Charlotte,NC,46,3.999,"SR-16, Charlotte, NC, USA","Charlotte, Mecklenburg County, North Carolina, United States",35.2272086,-80.8430827
6659,GURNEE TRUCK STOP,US-41,Gurnee                                  ,IL,290,3.289,"US-41, Gurnee                                  , IL, USA","Skokie Highway, Chittenden, Gurnee, Lake County, Illinois, 60085, United States",42.3648861,-87.8948828
6659,GURNEE TRUCK STOP,US-41,Gurnee                                  ,IL,290,3.379,"US-41, Gurnee                                  , IL, USA","Skokie Highway, Chittenden, Gurnee, Lake County, Illinois, 60085, United States",42.3648861,-87.8948828
6693,SAPP BROS TRAVEL CENTER,US-77,Fremont,NE,486,3.34566666,"US-77, Fremont, NE, USA","North Broad Street, Fremont, Dodge County, Nebraska, 68025, United States",41.4361353,-96.4984628
6734,TOMAHAWK TRUCK STOP,"I-25, EXIT 128",Fountain,CO,803,3.299,"I-25, EXIT 128, Fountain, CO, USA","(High Profile Vehicle Exit), Fountain Hills, Maricopa County, Arizona, 85268, United States",33.5811758,-111.7391981
6744,FLYING J #550,US-2/US-52,Minot,ND,273,3.93566666,"US-2/US-52, Minot, ND, USA","US Highway 2, Minot, Ward County, North Dakota, 58702, United States",48.2197762,-101.2329936
6859,PRIME STOP,US-81,Norfolk,NE,470,3.229,"US-81, Norfolk, NE, USA","South 13th Street, Norfolk, Madison County, Nebraska, 68701, United States",42.0088135,-97.4265172
6883,PILOT TRAVEL CENTERS #517,US- 22 & SR-322,Duncannon,PA,70,4.199,"US- 22 & SR-322, Duncannon, PA, USA","Duncannon, Perry County, Pennsylvania, United States",40.3931433,-77.0325751
6897,Speedee Mart #2890,US-20 & US-83,Valentine,NE,475,3.329,"US-20 & US-83, Valentine, NE, USA","Valentine, Cherry County, Nebraska, United States",42.8746752,-100.5506158
6901,PRIME STOP,US-275,Wisner,NE,470,3.259,"US-275, Wisner, NE, USA","Highway 275, Wisner, Cuming County, Nebraska, 68788, United States",41.982701,-96.9072539
6968,R STORE #4513,US-41,Fond Du Lac,WI,360,3.299,"US-41, Fond Du Lac, WI, USA","I 41;US 41;US 45, Fond du Lac, Fond du Lac County, Wisconsin, 54935, United States",43.7543876,-88.4690081
6976,MOASIS TRUCK CENTER,US-41,Little Chute,WI,444,3.199,"US-41, Little Chute, WI, USA","I 41;US 41, Little Chute, Outagamie County, Wisconsin, 54136, United States",44.2981313,-88.3519449
7018,FLYING J TRAVEL PLAZA #746,"I-15 & I-80 SR 201, EXIT 305",Salt Lake City,UT,835,3.73233333,"I-15 & I-80 SR 201, EXIT 305, Salt Lake City, UT, USA","Exit Stair 13, Westpointe, Salt Lake City, Salt Lake County, Utah, 84122, United States",40.7852018,-111.990179
7045,BUBBLE CITY TRUCK STOP,US-64,Farmington,NM,614,3.70566666,"US-64, Farmington, NM, USA","West Main Street, Farmington, San Juan County, New Mexico, 87401, United States",36.7338308,-108.2453726
7051,PILOT #887,US-84 & US-180,Snyder,TX,575,3.24566666,"US-84 & US-180, Snyder, TX, USA","Snyder, Scurry County, Texas, 79549, United States",32.7180803,-100.918231
7084,Holiday StationStore #2746500,US-12 & US-281,Aberdeen,SD,248,3.114,"US-12 & US-281, Aberdeen, SD, USA","Aberdeen, Aberdeen Township, Brown County, South Dakota, 57401, United States",45.4649805,-98.487813
7147,JUBITZ TRAVEL PLAZA,"I-5, EXIT 307",Portland,OR,935,3.859,"I-5, EXIT 307, Portland, OR, USA","PDX Parking Exit, Portland, Multnomah County, Oregon, 97238, United States",45.5855363,-122.5858201
7225,LOVES TRAVEL STOP #329,US-60,Clovis,NM,593,4.089,"US-60, Clovis, NM, USA","West Grand Avenue, Clovis, Curry County, New Mexico, 88101, United States",34.400674,-103.2162702
7326,PETRO STOP #398,"I-35 & I-90, EXIT 11",Albert Lea,MN,515,4.099,"I-35 & I-90, EXIT 11, Albert Lea, MN, USA","Albert Lea, Freeborn County, Minnesota, 56007, United States",43.6480127,-93.3682656
7331,SPEEDWAY #9266,US-52 & SR-234,Ironton,OH,255,3.699,"US-52 & SR-234, Ironton, OH, USA","Ironton, Upper Township, Lawrence County, Ohio, United States",38.5367471,-82.6829406
7344,BEST QUICK STOP,US-1,Peabody,MA,178,3.61566666,"US-1, Peabody, MA, USA","Newbury Street, Peabody, Essex County, Massachusetts, 01960, United States",42.5262399,-70.9948002
7360,KINGS TRUCK STOP,ST 103,Port Barre                              ,LA,600,3.189,"ST 103, Port Barre                              , LA, USA","103, Oak Street, Port Barre, St. Landry Parish, Louisiana, 70570, United States",30.5473504,-91.9645603
7396,7-ELEVEN #36180,US-20/SR-18,Monroeville,OH,550,3.614,"US-20/SR-18, Monroeville, OH, USA","Main Street, Monroeville, Ridgefield Township, Huron County, Ohio, 44847, United States",41.2380157,-82.6914446
7417,SKY CITGO,US-30 & SR-23,Grovertown,IN,365,3.499,"US-30 & SR-23, Grovertown, IN, USA","Grovertown, Starke County, Indiana, United States",41.3750434,-86.5047339
7418,JJS TRAVEL PLAZA,US-31 & US-24,Peru,IN,370,3.444,"US-31 & US-24, Peru, IN, USA","Peru, Miami County, Indiana, 46970, United States",40.7537253,-86.0690325
7622,COPAN TRUCK STOP,US-75,Copan                                   ,OK,307,3.119,"US-75, Copan                                   , OK, USA","Copan, Washington County, Oklahoma, 74022, United States",36.8975794,-95.9260927
7724,FUEL MART #767,US-6 & US-23,Bradner,OH,550,3.40733333,"US-6 & US-23, Bradner, OH, USA","Bradner, Montgomery Township, Wood County, Ohio, United States",41.3242192,-83.4385387
7725,BELL STORES #48,US-30 & SR-94,Dalton,OH,249,3.38566666,"US-30 & SR-94, Dalton, OH, USA","Dalton, Sugar Creek Township, Wayne County, Ohio, United States",40.7991618,-81.6953867
7753,LOVES TRAVEL STOP #166,SR-351,Muskogee,OK,560,3.33733333,"SR-351, Muskogee, OK, USA","Fair Haven Senior Residences, 500, Muskogee, Muskogee County, Oklahoma, 74403, United States",35.7493153,-95.361374
7871,STRIPES 7FLEET #42454,"US-60, US-70 & US-84",Texico,NM,700,3.829,"US-60, US-70 & US-84, Texico, NM, USA","US 60, Texico, Curry County, New Mexico, 88135, United States",34.3895321,-103.044293
8936,CIRCLE K #107,US-220 & CR-902,Ridgeway,VA,65,3.399,"US-220 & CR-902, Ridgeway, VA, USA","Ridgeway, Henry County, Virginia, United States",36.5768047,-79.8583721
9161,TREXLER PLAZA TRUCK STOP,I-78/US-22,Allentown,PA,160,3.63233333,"I-78/US-22, Allentown, PA, USA","Tilghman Street, Trexler Park, Allentown, Lehigh County, Pennsylvania, 18104, United States",40.5954094,-75.5360057
9206,CIRCLE K #4707005,US-2 & SR-4,Farmington,ME,170,3.899,"US-2 & SR-4, Farmington, ME, USA","Farmington, Franklin County, Maine, United States",44.670628,-70.1514536
9340,LANCASTER TRAVEL PLAZA,US-30,Ronks,PA,208,3.899,"US-30, Ronks, PA, USA","Lincoln Highway East, Ronks, East Lampeter Township, Lancaster County, Pennsylvania, 17572, United States",40.0197171,-76.1788878
9554,BIG D OIL #2,US-85 & US-34,Belle Fourche                           ,SD,506,3.22733333,"US-85 & US-34, Belle Fourche                           , SD, USA","Belle Fourche, Butte County, South Dakota, 57717, United States",44.6731329,-103.8517342
9618,FLYING J #477,US-75,Anna,TX,630,3.239,"US-75, Anna, TX, USA","South Central Expressway, Anna, Collin County, Texas, 75409, United States",33.3423763,-96.5870077
9763,DELUXE TRUCK STOP,SR-759,Saint Joseph,MO,400,3.149,"SR-759, Saint Joseph, MO, USA","John Shea Sr Ct, Saint Joseph, Buchanan County, Missouri, 64507, United States",39.7301009,-94.8126536
9842,Petes #03,US-59 & US-54,Moran,KS,336,3.26566666,"US-59 & US-54, Moran, KS, USA","Moran, Allen County, Kansas, United States",37.9161474,-95.1702546
9860,PARADISE AUTO TRUCK PLAZA,US-31,Rochester,IN,370,3.40566666,"US-31, Rochester, IN, USA","Main Street, Rochester, Fulton County, Indiana, 46975, United States",41.0707164,-86.2157681
9990,JIMS  BEST STOP,US-45 & US-64,Selmer,TN,435,3.174,"US-45 & US-64, Selmer, TN, USA","Selmer, McNairy County, West Tennessee, Tennessee, 38375, United States",35.1700744,-88.5923645
10006,FLINT HILLS FUEL MART,US-50 & US-77,Florence,KS,336,3.499,"US-50 & US-77, Florence, KS, USA","Florence, Marion County, Kansas, 66851, United States",38.2444619,-96.9280787
10007,CIRCLE K #2705346,SR-307,Savannah,GA,195,3.03233333,"SR-307, Savannah, GA, USA","Savannah, Chatham County, Georgia, United States",32.0790074,-81.0921335
10024,MILLERS TRAVEL CENTER,US-6 & US-50,Wellington,UT,835,3.659,"US-6 & US-50, Wellington, UT, USA","Wellington, Carbon County, Utah, United States",39.5424659,-110.735434
10028,GOOD TO GO #10,US-35,Winamac,IN,290,3.914,"US-35, Winamac, IN, USA","US 35, Winamac, Pulaski County, Indiana, 46996, United States",41.0612003,-86.6034174
10065,ROAD MART,US-71/US-59,Ashdown,AR,723,3.299,"US-71/US-59, Ashdown, AR, USA","North Constitution Avenue, Ashdown, Little River County, Arkansas, 71822, United States",33.6809148,-94.1353765
10168,Express Stop,"I-94, EXIT 145",Jackson                                 ,MI,385,3.589,"I-94, EXIT 145, Jackson                                 , MI, USA","Downtown Underground Entrance/Exit, Westport, Kansas City, Jackson County, Missouri, 66160, United States",39.0707405,-94.6030701
20006,CENEX C STORE,US-52,Kenmare,ND,452,3.46733333,"US-52, Kenmare, ND, USA","506th Street Northwest, Kenmare, Ward County, North Dakota, United States",48.6470581,-102.039813
20011,CUBBYS #111,US-81,Norfolk,NE,470,3.209,"US-81, Norfolk, NE, USA","South 13th Street, Norfolk, Madison County, Nebraska, 68701, United States",42.0088135,-97.4265172
20014,SIMONS EXIT 16,"I-89, EXIT 16",Enfield                                 ,NH,39,3.499,"I-89, EXIT 16, Enfield                                 , NH, USA","I 89;NH 10, Enfield, Grafton County, New Hampshire, 03748, United States",43.5683629,-72.1510957
20043,FRIENDSHIP FOOD MART #70,SR-2 & SR-53,Port Clinton,OH,550,3.939,"SR-2 & SR-53, Port Clinton, OH, USA","Port Clinton, Ottawa County, Ohio, United States",41.5119954,-82.9376919
20119,FREMONT CITGO,US-10 & SR-110,Fremont,WI,444,3.399,"US-10 & SR-110, Fremont, WI, USA","Town of Fremont, Waupaca County, Wisconsin, United States",44.271989,-88.8505115
52052,EXPRESSWAY MOBIL,US-63 & US-167,El Dorado,AR,635,3.599,"US-63 & US-167, El Dorado, AR, USA","El Dorado, Union County, Arkansas, 71730, United States",33.2115087,-92.6650144
52070,FRIENDLY EXPRESS #31,US-1 & US-301,Folkston,GA,75,3.099,"US-1 & US-301, Folkston, GA, USA","Folkston, Charlton County, Georgia, 31537, United States",30.8305818,-82.0097846
52081,MCCLURE OIL #9,US-31 & SR-18,Kokomo,IN,375,3.839,"US-31 & SR-18, Kokomo, IN, USA","Kokomo, Howard County, Indiana, United States",40.4864444,-86.1336351
52089,SHELL,US-84 & SR-28,Jonesville,LA,719,3.399,"US-84 & SR-28, Jonesville, LA, USA","Jonesville, Catahoula Parish, Louisiana, United States",31.626142,-91.8135871
52103,SPRINT MART #27,US-45 & US-72,Corinth,MS,435,3.05566666,"US-45 & US-72, Corinth, MS, USA","Corinth, Alcorn County, Mississippi, 38834, United States",34.9343599,-88.5223353
52104,BLUE SKY #734,SR-1,Saltillo                                ,MS,435,3.08233333,"SR-1, Saltillo                                , MS, USA","Saltillo, Lee County, Mississippi, United States",34.3765897,-88.6844613
52236,CHEVRON,US-60,Globe,AZ,930,4.299,"US-60, Globe, AZ, USA","East Ash Street, Globe, Gila County, Arizona, 85502, United States",33.3949413,-110.7756963
52262,CIRCLE K #2721577,US-84 & SR-21,Monroeville,AL,715,3.434,"US-84 & SR-21, Monroeville, AL, USA","Monroeville, Monroe County, Alabama, United States",31.5278224,-87.3246325
52340,KWIK FILL #249,US-22,Duncansville,PA,14,4.07233333,"US-22, Duncansville, PA, USA","US 22;PA 764, Sunbrook, Allegheny Township, Blair County, Pennsylvania, 16635, United States",40.4272345,-78.440876
52363,SPEEDWAY #2376,US-131 & SR-46,Cedar Springs,MI,456,3.899,"US-131 & SR-46, Cedar Springs, MI, USA","Cedar Springs, Kent County, Michigan, 49319, United States",43.22336,-85.551424
52393,CASEYS #3004,SR-15 & CR-52,Truman,MN,425,3.299,"SR-15 & CR-52, Truman, MN, USA","Truman, Martin County, Minnesota, United States",43.8277419,-94.4389338
52435,CM WINNERS CHOICE,"I-10 & SR-108, EXIT 23",Sulphur,LA,690,3.299,"I-10 & SR-108, EXIT 23, Sulphur, LA, USA","(Future) Terminal Exit, LA 23, Venture Global Plaquemines LNG Terminal, Magnolia, Port Sulphur, Plaquemines Parish, Louisiana, 70041, United States",29.5953311,-89.8460959
52439,CIRCLE K #2723395,US-11,Hattiesburg,MS,620,3.199,"US-11, Hattiesburg, MS, USA","West Pine Street, Woodlawn Court, Hattiesburg, Forrest County, Mississippi, 39401, United States",31.320836,-89.2972131
52461,FLORENCE VALERO,US-130,Burlington                              ,NJ,160,3.13566666,"US-130, Burlington                              , NJ, USA","Burlington Pike, East Burlington, Burlington, Burlington County, New Jersey, 08016, United States",40.0752603,-74.8472631
52464,7-ELEVEN #40118,ST 220 & I-180,Muncy,PA,138,4.359,"ST 220 & I-180, Muncy, PA, USA","Muncy, Lycoming County, Pennsylvania, United States",41.20484,-76.7870991
52480,LOVES TRAVEL STOP #268,US6-9 & US-75,Atoka,OK,253,3.489,"US6-9 & US-75, Atoka, OK, USA","Atoka County, Oklahoma, United States",34.3284948,-96.017838
52510,Valero,SR-9,Maysville                               ,KY,312,3.599,"SR-9, Maysville                               , KY, USA","Maysville, Mason County, Kentucky, 41056, United States",38.6474569,-83.7644793
52517,STRIPES 7FLEET #42562,US-84 & US-385,Littlefield,TX,700,3.199,"US-84 & US-385, Littlefield, TX, USA","Littlefield, Lamb County, Texas, United States",33.9189172,-102.332836
52541,PANTRY TRUCKSTOP,US-2/US-41,Rapid River,MI,360,3.499,"US-2/US-41, Rapid River, MI, USA","US 2;US 41, Rapid River, Masonville Township, Delta County, Michigan, 49828, United States",45.9259963,-86.9822177
52541,PANTRY TRUCKSTOP,US-2/US-41,Rapid River,MI,360,3.319,"US-2/US-41, Rapid River, MI, USA","US 2;US 41, Rapid River, Masonville Township, Delta County, Michigan, 49828, United States",45.9259963,-86.9822177
52541,PANTRY TRUCKSTOP,US-2/US-41,Rapid River,MI,360,3.399,"US-2/US-41, Rapid River, MI, USA","US 2;US 41, Rapid River, Masonville Township, Delta County, Michigan, 49828, United States",45.9259963,-86.9822177
52546,CIRCLE K #2723910,US-84 & US-27,Bainbridge,GA,20,3.599,"US-84 & US-27, Bainbridge, GA, USA","Bainbridge, Decatur County, Georgia, United States",30.9038252,-84.5754768
52557,SPRINT MART #40,US-72 & SR-247,Tuscumbia,AL,615,3.189,"US-72 & SR-247, Tuscumbia, AL, USA","Tuscumbia, Colbert County, Alabama, United States",34.7318811,-87.7028627
52566,YUMM,"I-35, EXIT 8",Laredo,TX,598,2.87566666,"I-35, EXIT 8, Laredo, TX, USA","Purple Heart Trail, Laredo, Webb County, Texas, United States",27.6817492,-99.4656831
52588,STRIPES #42564,US-87,Lubbock,TX,700,3.199,"US-87, Lubbock, TX, USA","Marshall Formby Memorial Highway, Slaton-Bean, Lubbock, Lubbock County, Texas, 79405, United States",33.5674319,-101.8448382
52603,CASEYS #3364,US-281 & SR-200,Carrington,ND,341,3.439,"US-281 & SR-200, Carrington, ND, USA","Carrington, Foster County, North Dakota, United States",47.44972,-99.126224
52607,PILOT TRAVEL CENTERS #409,"I-40, EXIT 172",Dickson                                 ,TN,460,3.19233333,"I-40, EXIT 172, Dickson                                 , TN, USA","Green Exit, Acorn Hill, Dickson County, Middle Tennessee, Tennessee, 27187, United States",36.105938,-87.2743797
52612,STRIPES 7FLEET #42568,US-60 & CR-G,Hereford,TX,700,3.35066666,"US-60 & CR-G, Hereford, TX, USA","Hereford, Deaf Smith County, Texas, 79045, United States",34.8245521,-102.398778
52622,STRIPES 7FLEET #42567,I-20,Stanton,TX,700,3.01566666,"I-20, Stanton, TX, USA","I 20, Stanton, Martin County, Texas, 79782, United States",32.1410781,-101.780247
52640,SPEEDWAY #8316,US-30 & US-41,Dyer,IN,290,3.649,"US-30 & US-41, Dyer, IN, USA","Dyer, Lake County, Indiana, 46311, United States",41.4942021,-87.5217068
52648,Stripes #42566,US-67 & SR-158,Ballinger,TX,612,3.05566666,"US-67 & SR-158, Ballinger, TX, USA","Ballinger, Runnels County, Texas, 76821, United States",31.7411047,-99.9530698
52669,COLUMBIA TRUCK STOP,US-46,Columbia,NJ,115,3.079,"US-46, Columbia, NJ, USA","Columbia, Knowlton Township, Warren County, New Jersey, 18351, United States",40.9262077,-75.0926763
52678,STRIPES 7FLEET #42433,US-277,Bronte,TX,739,3.474,"US-277, Bronte, TX, USA","US 277, Bronte, Coke County, Texas, 76933, United States",31.888454,-100.2919616
52684,KWIK STAR #348,US-30/US-67,Clinton,IA,270,3.624,"US-30/US-67, Clinton, IA, USA","US 30, Clinton County, Iowa, 52730, United States",41.8151401,-90.274246
60084,SUNSTOP #625,US-84,Ashford,AL,20,3.599,"US-84, Ashford, AL, USA","US 84, Ashford, Houston County, Alabama, 36312, United States",31.1749404,-85.23635
60106,SUNSTOP #619,US-84,Daleville,AL,720,3.399,"US-84, Daleville, AL, USA","US 84;AL 134, Daleville, Dale County, Alabama, 36322, United States",31.3013185,-85.7289152
60136,HOBO PANTRY #18,US-431,Headland                                ,AL,20,3.599,"US-431, Headland                                , AL, USA","US 431, Walden Pond Estates, Headland, Henry County, Alabama, 36345, United States",31.342701,-85.3299464
60145,OCS QUICK STOP,US-43/SR-13,Mount Vernon                            ,AL,715,3.699,"US-43/SR-13, Mount Vernon                            , AL, USA","US 43, Mobile County Commission District 1, Mount Vernon, Mobile County, Alabama, 36560, United States",31.0978406,-88.0120337
60147,HOP-IN FOOD STORES,US-82 & SR-22,Maplesville,AL,720,3.399,"US-82 & SR-22, Maplesville, AL, USA","Maplesville, Chilton County, Alabama, United States",32.7884608,-86.8716549
60220,ZELLWOOD TRUCK STOP,US-441,Zellwood,FL,140,3.499,"US-441, Zellwood, FL, USA","Orange Blossom Trail, Zellwood, Orange County, Florida, 32768, United States",28.6954297,-81.5604497
60224,SUNSTOP #419,US-19,Camilla,GA,20,3.499,"US-19, Camilla, GA, USA","US 19;GA 3;GA 300, Camilla, Mitchell County, Georgia, 31730, United States",31.2431584,-84.2001125
60226,CIRCLE K #2723903,US-82 & SR-520,Dawson,GA,20,3.499,"US-82 & SR-520, Dawson, GA, USA","Dawson County, Georgia, 30534, United States",34.4077085,-84.1356771
60230,CIRCLE K #2745152,US-19,Pelham,GA,20,3.499,"US-19, Pelham, GA, USA","US 19;GA 3;GA 300, Pelham, Mitchell County, Georgia, 31779, United States",31.1335651,-84.1403181
60242,KWIK STAR #711,US-18/US-52,Monona,IA,565,3.624,"US-18/US-52, Monona, IA, USA","US 18;US 52, Luana, Post Township, Clayton County, Iowa, 52162, United States",43.0514959,-91.440157
60270,CHUCKLES #27,SR-57,Washington                              ,IN,340,3.339,"SR-57, Washington                              , IN, USA","Southeast 4th Street, Washington, Daviess County, Indiana, 47501, United States",38.650294,-87.1712151
60282,CRVS #7,SR-96 & SR-27,Tribune,KS,525,3.399,"SR-96 & SR-27, Tribune, KS, USA","Tribune, Tribune Township, Greeley County, Kansas, 67879, United States",38.4697378,-101.752672
60298,BEAU CHENE TRUCK STOP,"I-49, EXIT 11",Grand Coteau,LA,730,3.399,"I-49, EXIT 11, Grand Coteau, LA, USA","Charles I. ""Doc"" Hudson Highway, Grand Coteau, St. Landry Parish, Louisiana, 70541, United States",30.4161348,-92.0542489
60313,WHITE MARSH TRUCK STOP,US-40,White Marsh                             ,MD,22,3.369,"US-40, White Marsh                             , MD, USA","Pulaski Highway, Poplar, White Marsh, Baltimore County, Maryland, 21326, United States",39.358752,-76.4477322
60333,LAKESHORE BP,US-2,Manistique,MI,287,3.499,"US-2, Manistique, MI, USA","Deer Street, Manistique, Schoolcraft County, Michigan, 49854, United States",45.9633054,-86.2692135
60341,SNAPPY FOOD MART,ST 60,Tekonsha,MI,431,3.589,"ST 60, Tekonsha, MI, USA","North Church Street, Tekonsha Township, Calhoun County, Michigan, 49092, United States",42.0967689,-84.9874072
60342,True North #254,US-31 & SR-37,Traverse City,MI,456,3.789,"US-31 & SR-37, Traverse City, MI, USA","Traverse City, Grand Traverse County, Michigan, United States",44.7606481,-85.6165976
60342,True North #254,US-31 & SR-37,Traverse City,MI,456,3.729,"US-31 & SR-37, Traverse City, MI, USA","Traverse City, Grand Traverse County, Michigan, United States",44.7606481,-85.6165976
60358,PETRO SERVE USA #54,US-10,Glyndon,MN,341,3.449,"US-10, Glyndon, MN, USA","State Street Northeast, Glyndon, Clay County, Minnesota, 56547, United States",46.8773715,-96.5742099
60372,FLYING W CONVENIENCE STORE,SR-96,Carthage                                ,MO,277,3.199,"SR-96, Carthage                                , MO, USA","Murphy USA, South Grand Avenue, Carthage, Jasper County, Missouri, 64836, United States",37.1426773,-94.3111611
60374,PILOT TRAVEL CENTERS #385,US-54 & SR-13,Collins                                 ,MO,416,3.49566666,"US-54 & SR-13, Collins                                 , MO, USA","Collins, St. Clair County, Missouri, United States",37.8893585,-93.6198941
60380,AMOCO,US-63/US-136,Lancaster,MO,320,3.249,"US-63/US-136, Lancaster, MO, USA","US 63;US 136, Lancaster, Schuyler County, Missouri, 63548, United States",40.5077331,-92.5496094
60400,CAN AM C STORE,SR-16,Plentywood,MT,807,3.499,"SR-16, Plentywood, MT, USA","Plentywood, Sheridan County, Montana, 59254, United States",48.77475,-104.562458
60416,MINUTEMAN FOOD MART #20,US-74 & US-76,Whiteville                              ,NC,245,3.46066666,"US-74 & US-76, Whiteville                              , NC, USA","Whiteville, Columbus County, North Carolina, 28472, United States",34.3217345,-78.703148
60420,PUMP & PANTRY #35,US-183,Alma,NE,330,3.459,"US-183, Alma, NE, USA","US 183, Alma, Harlan County, Nebraska, 68920, United States",40.0925022,-99.3716483
60426,BONS BONS MOBIL,US-3,Merrimack,NH,125,3.699,"US-3, Merrimack, NH, USA","Fisherville Road, West Concord, Concord, Merrimack County, New Hampshire, 03303, United States",43.2517789,-71.5742294
60434,ENRITE,US-9,Linden,NJ,79,3.34233333,"US-9, Linden, NJ, USA","East Edgar Road, Linden, Union County, New Jersey, 07036, United States",40.6261334,-74.2436216
60442,Circle K #4706716,SR-71 & SR-47,Yorkville,IL,290,3.799,"SR-71 & SR-47, Yorkville, IL, USA","Yorkville, Kendall Township, Kendall County, Illinois, United States",41.6411409,-88.4472948
60442,Circle K #4706716,SR-71 & SR-47,Yorkville,IL,290,3.499,"SR-71 & SR-47, Yorkville, IL, USA","Yorkville, Kendall Township, Kendall County, Illinois, United States",41.6411409,-88.4472948
60442,Circle K #4706716,SR-71 & SR-47,Yorkville,IL,290,3.599,"SR-71 & SR-47, Yorkville, IL, USA","Yorkville, Kendall Township, Kendall County, Illinois, United States",41.6411409,-88.4472948
60460,HAHN OIL,US-36,Coshocton                               ,OH,315,3.299,"US-36, Coshocton                               , OH, USA","US 36;SR 83, Tuscarawas Township, Coshocton County, Ohio, 43844, United States",40.283968,-81.8703413
60465,MOTOMART #4129,ST 309,Marion                                  ,OH,411,3.34233333,"ST 309, Marion                                  , OH, USA","East Church Street, Downtown, Marion, Marion Township, Marion County, Ohio, 43302, United States",40.5875335,-83.1222007
60473,BELL STORES #50,ST 3,Wooster,OH,249,3.599,"ST 3, Wooster, OH, USA","3, East Liberty Street, Wooster Public Square Historic District, Wooster, Wayne County, Ohio, 44691, United States",40.7981749,-81.9397121
60476,PETES #11,US-75,Dewey,OK,560,3.154,"US-75, Dewey, OK, USA","North Osage Avenue, Dewey, Washington County, Oklahoma, 74029, United States",36.8017962,-95.9356232
60513,CIRCLE K #2723873,US-17,Georgetown,SC,42,2.899,"US-17, Georgetown, SC, USA","South Fraser Street, Georgetown, Georgetown County, South Carolina, 29440, United States",33.3535199,-79.2928921
60515,FLASH MARKET #302,SR-9 & SR-151,Pageland,SC,46,3.38566666,"SR-9 & SR-151, Pageland, SC, USA","Pageland, Chesterfield County, South Carolina, 29728, United States",34.7719578,-80.3914661
60519,CORNER PANTRY #25,US-14,Huron,SD,571,3.079,"US-14, Huron, SD, USA","US Highway 14 West, Huron, Theresa Township, Beadle County, South Dakota, 57350, United States",44.3714406,-98.2546949
60538,TEXACO #380031,ST 21W,Bryan,TX,765,3.399,"ST 21W, Bryan, TX, USA","Olive Street, Saddlewood Apartments, Bryan, Brazos County, Texas, 77801, United States",30.6298194,-96.3562739
60554,CEFCO #2070,"I-27, EXIT 49",Plainview,TX,700,2.83233333,"I-27, EXIT 49, Plainview, TX, USA","Marshall Formby Memorial Highway, Plainview, Hale County, Texas, 79072, United States",34.1845318,-101.7497759
60587,BJS AUTO TRUCK PLAZA,SR-28,Rock Island,WA,970,4.099,"SR-28, Rock Island, WA, USA","SR 28, Rock Island, Douglas County, Washington, 98850, United States",47.3714809,-120.1423669
60587,BJS AUTO TRUCK PLAZA,SR-28,Rock Island,WA,970,3.999,"SR-28, Rock Island, WA, USA","SR 28, Rock Island, Douglas County, Washington, 98850, United States",47.3714809,-120.1423669
60590,DARLINGTON MINI MART,SR-23 & SR-81,Darlington,WI,420,3.399,"SR-23 & SR-81, Darlington, WI, USA","Darlington, Lafayette County, Wisconsin, 53530, United States",42.6802288,-90.1178079
60601,HOLIDAY STATIONSTORE #2746229,US-53/US-2,Superior,WI,545,3.339,"US-53/US-2, Superior, WI, USA","US 2;US 53, Itasca, City of Superior, Douglas County, Wisconsin, United States",46.6723214,-92.0038121
60708,CRVS STORE #6,US-385,Wray,CO,800,3.449,"US-385, Wray, CO, USA","US 385, Wray, Yuma County, Colorado, 80758, United States",40.0815264,-102.2286339
60762,BP,US-1 & US-341,Baxley,GA,195,3.599,"US-1 & US-341, Baxley, GA, USA","Baxley, Appling County, Georgia, 31513, United States",31.7773202,-82.3490533
60779,Marathon,US-129,Eatonton                                ,GA,85,3.399,"US-129, Eatonton                                , GA, USA","Gray Highway, Warfield, Eatonton, Putnam County, Georgia, 31024, United States",33.2971092,-83.38464
60787,MARATHON,"I-20, EXIT 11",Lithia Springs,GA,48,2.87233333,"I-20, EXIT 11, Lithia Springs, GA, USA","Tom Murphy Freeway, Deerfield, Lithia Springs, Douglas County, Georgia, 30122, United States",33.7742145,-84.62592
60797,EVANS FOOD MART,SR-20,Rome,GA,193,3.699,"SR-20, Rome, GA, USA","Rome, Floyd County, Georgia, United States",34.257038,-85.1646726
60804,JET FOOD STORE #4,US-1 & SR-78,Wadley,GA,135,3.41566666,"US-1 & SR-78, Wadley, GA, USA","Wadley, Jefferson County, Georgia, 30477, United States",32.8668223,-82.4040162
60817,KWIK STAR #712,US-218 & SR-27,Janesville,IA,565,3.599,"US-218 & SR-27, Janesville, IA, USA","Janesville, Bremer County, Iowa, United States",42.6464613,-92.4629005
60822,CASEYS #3639,US-18/US-52,Postville,IA,420,3.599,"US-18/US-52, Postville, IA, USA","East Military Road, Postville, Post Township, Allamakee County, Iowa, 52162, United States",43.0826236,-91.5653134
60833,SPEEDWAY #5400,CR-11 & CR-23,Bloomingdale,IL,290,3.759,"CR-11 & CR-23, Bloomingdale, IL, USA","Bloomingdale, Bloomingdale Township, DuPage County, Illinois, 60108, United States",41.9575285,-88.0809036
60851,SPEEDWAY #7382,I-355 & SR-64,Lombard,IL,293,3.249,"I-355 & SR-64, Lombard, IL, USA","Lombard, DuPage County, Illinois, 60148, United States",41.8864687,-88.0201536
60851,SPEEDWAY #7382,I-355 & SR-64,Lombard,IL,293,3.349,"I-355 & SR-64, Lombard, IL, USA","Lombard, DuPage County, Illinois, 60148, United States",41.8864687,-88.0201536
60851,SPEEDWAY #7382,I-355 & SR-64,Lombard,IL,293,3.299,"I-355 & SR-64, Lombard, IL, USA","Lombard, DuPage County, Illinois, 60148, United States",41.8864687,-88.0201536
60882,SPEEDWAY #6666,US-33,Goshen,IN,465,3.81566666,"US-33, Goshen, IN, USA","West Pike Street, Historic Dickerson Landing, Goshen, Elkhart County, Indiana, 46527, United States",41.5890422,-85.8421014
60926,CENEX,US-36 & US-83,Oberlin,KS,525,3.159,"US-36 & US-83, Oberlin, KS, USA","Oberlin, Decatur County, Kansas, 67749, United States",39.818338,-100.528201
60958,NORTH WEST TRUCK STOP,US-90 & SR-3211,Franklin,LA,600,3.399,"US-90 & SR-3211, Franklin, LA, USA","Northwest Boulevard, Franklin, St. Mary Parish, Louisiana, 70538, United States",29.7992156,-91.5289091
60997,GULF OIL #5035,I-90 MM 66.7,Ludlow,MA,215,3.914,"I-90 MM 66.7, Ludlow, MA, USA","Ludlow, Hampden County, Massachusetts, 01056, United States",42.1589979,-72.4803259
61004,Applegreen,SR-15,Sturbridge,MA,215,3.999,"SR-15, Sturbridge, MA, USA","Sturbridge, Worcester County, Massachusetts, United States",42.1084385,-72.0807772
61006,GULF OIL LP #5155,"I-90, EXIT 11",Westborough                             ,MA,215,3.909,"I-90, EXIT 11, Westborough                             , MA, USA","Massachusetts Turnpike, Westborough, Worcester County, Massachusetts, 01784, United States",42.2676459,-71.5624978
61019,MARDELA GOOSE CREEK FOOD STORE,US-50,Mardela Springs                         ,MD,194,3.979,"US-50, Mardela Springs                         , MD, USA","Ocean Gateway, Mardela Springs, Wicomico County, Maryland, 21837, United States",38.4631444,-75.752871
61021,WESTOVER GOOSE CREEK,US-13 & SR-673,Westover                                ,MD,194,3.259,"US-13 & SR-673, Westover                                , MD, USA","Westover, Somerset County, Maryland, 21890, United States",38.1240114,-75.7063171
61030,HAGGERTY JOY MOBIL,I-275,Canton                                  ,MI,325,3.699,"I-275, Canton                                  , MI, USA","I 275, Canton Township, Wayne County, Michigan, 48187, United States",42.3259881,-83.4431367
61032,MARATHON,US-10/US-127,Clare,MI,260,3.289,"US-10/US-127, Clare, MI, USA","US 127, Allendale, Hayes Township, Clare County, Michigan, 48625, United States",44.0335582,-84.7790857
61032,MARATHON,US-10/US-127,Clare,MI,260,3.299,"US-10/US-127, Clare, MI, USA","US 127, Allendale, Hayes Township, Clare County, Michigan, 48625, United States",44.0335582,-84.7790857
61037,HEARTLAND MOBIL,US-23,Fenton,MI,342,3.849,"US-23, Fenton, MI, USA","US 23, Tyrone Township, Livingston County, Michigan, 48430, United States",42.7713782,-83.7507739
61057,CIRCLE K #2746537,US-2 & US-41,Rapid River                             ,MI,360,3.499,"US-2 & US-41, Rapid River                             , MI, USA","Rapid River, Masonville Township, Delta County, Michigan, 49828, United States",45.9269087,-86.9670846
61057,CIRCLE K #2746537,US-2 & US-41,Rapid River                             ,MI,360,3.319,"US-2 & US-41, Rapid River                             , MI, USA","Rapid River, Masonville Township, Delta County, Michigan, 49828, United States",45.9269087,-86.9670846
61057,CIRCLE K #2746537,US-2 & US-41,Rapid River                             ,MI,360,3.399,"US-2 & US-41, Rapid River                             , MI, USA","Rapid River, Masonville Township, Delta County, Michigan, 49828, United States",45.9269087,-86.9670846
61057,CIRCLE K #2746537,US-2 & US-41,Rapid River                             ,MI,360,3.449,"US-2 & US-41, Rapid River                             , MI, USA","Rapid River, Masonville Township, Delta County, Michigan, 49828, United States",45.9269087,-86.9670846
61080,CO-OP SERVICE,US-10 & CR-67,New York Mills,MN,250,3.499,"US-10 & CR-67, New York Mills, MN, USA","New York Mills, Otter Tail County, Minnesota, United States",46.5180469,-95.3763155
61090,Northdale Oil,US-59 & SR-1,Thief River Falls                       ,MN,355,3.239,"US-59 & SR-1, Thief River Falls                       , MN, USA","Thief River Falls, Pennington County, Minnesota, United States",48.1172301,-96.1770667
61102,FAST LANE #54,US-63,Columbia,MO,310,3.20733333,"US-63, Columbia, MO, USA","US 63, Columbia, Columbia Township, Boone County, Missouri, 65202, United States",38.9882639,-92.2857658
61106,TEMP STOP #102,US-54 & SR-52,Eldon,MO,392,3.199,"US-54 & SR-52, Eldon, MO, USA","Eldon, Miller County, Missouri, United States",38.3494456,-92.5805241
61115,BREAK TIME #3071,US-24 & US-63,Moberly,MO,310,3.469,"US-24 & US-63, Moberly, MO, USA","Moberly, Randolph County, Missouri, 65270, United States",39.4201137,-92.4364298
61145,TEXACO,US-49 & US-98,Hattiesburg,MS,620,3.199,"US-49 & US-98, Hattiesburg, MS, USA","Hattiesburg, Forrest County, Mississippi, United States",31.3271189,-89.2903392
61149,CEFCO #501,US-45,Lauderdale,MS,705,2.899,"US-45, Lauderdale, MS, USA","US 45, Meridian, Lauderdale County, Mississippi, 39342, United States",32.3860636,-88.6372307
61168,Blue Sky #717,US-72 & SR-15,Walnut,MS,435,3.099,"US-72 & SR-15, Walnut, MS, USA","Walnut, Tippah County, Mississippi, United States",34.9485431,-88.9020767
61171,CHEVRON CURB STORE,US-49 & SR-26,Wiggins,MS,620,3.499,"US-49 & SR-26, Wiggins, MS, USA","Wiggins, Stone County, Mississippi, 39577, United States",30.858244,-89.1353283
61176,TOWN PUMP FOOD STORE #8947,US-2,Chinook,MT,815,3.629,"US-2, Chinook, MT, USA","US 2, Chinook, Blaine County, Montana, United States",48.5960476,-109.2467766
61182,TOWN PUMP FOOD STORE #3000,US-87,Lewistown,MT,815,3.599,"US-87, Lewistown, MT, USA","Northeast Main Street, Mountain Acres Mobile Home Park, Lewistown, Fergus County, Montana, 59457, United States",47.070593,-109.4155307
61195,MINUTEMAN FOOD MART #06,SR-24,Clinton,NC,245,3.649,"SR-24, Clinton, NC, USA","Murphy USA, Sunset Avenue, Sampson Crossing Shopping Center, Johnsontown, Clinton, Sampson County, North Carolina, 28328, United States",34.9910899,-78.3524745
61210,SHEETZ #548,US-29,Greensboro,NC,65,2.859,"US-29, Greensboro, NC, USA","I 40;US 29;US 220, Greensboro, Guilford County, North Carolina, 27406, United States",36.0387353,-79.7820115
61266,CENEX CONVENIENCE STORE,US-2 & SR-19,Devils Lake,ND,355,3.249,"US-2 & SR-19, Devils Lake, ND, USA","Devils Lake, Ramsey County, North Dakota, United States",48.112779,-98.86512
61291,FLEMING OIL FOOD MART,ST 9,West Chesterfield,NH,12,3.899,"ST 9, West Chesterfield, NH, USA","9, Main Street, West Chesterfield, Chesterfield, Cheshire County, New Hampshire, 03466, United States",42.9041913,-72.5136495
61305,BP,US-130,Cranbury,NJ,150,3.14566666,"US-130, Cranbury, NJ, USA","US 130, Cranbury, Cranbury Township, Middlesex County, New Jersey, 08512, United States",40.2963262,-74.5163127
61312,BLUE STAR,US-202 & SR-31,Flemington                              ,NJ,115,3.399,"US-202 & SR-31, Flemington                              , NJ, USA","Flemington, Hunterdon County, New Jersey, United States",40.5130953,-74.8591333
61328,KW RASTALL OIL,US-130,North Brunswick,NJ,115,3.199,"US-130, North Brunswick, NJ, USA","US 130, Maple Meade, North Brunswick Township, Middlesex County, New Jersey, 08902, United States",40.4426261,-74.4733956
61333,46 GAS AND TRUCK STOP,US-46,Palisades Park,NJ,115,3.23566666,"US-46, Palisades Park, NJ, USA","US 1;US 9;US 46, Fort Lee, Bergen County, New Jersey, 07650, United States",40.8501913,-73.9866865
61357,KENT KWIK #501,US-70 & US-54,Alamogordo,NM,593,2.98233333,"US-70 & US-54, Alamogordo, NM, USA","Alamogordo, Otero County, New Mexico, United States",32.8998822,-105.9602081
61410,KWIK FILL #58,ST 15,Rochester                               ,NY,190,3.969,"ST 15, Rochester                               , NY, USA","City of Rochester, Monroe County, New York, United States",43.157285,-77.615214
61410,KWIK FILL #58,ST 15,Rochester                               ,NY,190,3.999,"ST 15, Rochester                               , NY, USA","City of Rochester, Monroe County, New York, United States",43.157285,-77.615214
61450,7-ELEVEN #40298,I-80,Mantua,OH,249,3.53233333,"I-80, Mantua, OH, USA","Mantua, Portage County, Ohio, United States",41.283944,-81.223991
61477,CHOCTAW NATION GRANT #633,US-271,Grant,OK,253,2.999,"US-271, Grant, OK, USA","US 271;OK 109, Grant, Choctaw County, Oklahoma, 75473, United States",33.9380504,-95.5238798
61540,S&P Oil,US-13,Levittown,PA,160,3.81566666,"US-13, Levittown, PA, USA","Levittown, Bristol Township, Bucks County, Pennsylvania, 19055, United States",40.154762,-74.8380029
61605,HOT SPOT #2028,US-76/US-301,Marion,SC,63,2.999,"US-76/US-301, Marion, SC, USA","US 76;US 301, Pee Dee, Marion County, South Carolina, United States",34.2033368,-79.5360504
61625,PRARIE STOP,US-212 & SR-20,Watertown,SD,566,3.279,"US-212 & SR-20, Watertown, SD, USA","Watertown, Elmira Township, Codington County, South Dakota, 57201, United States",44.899211,-97.115289
61654,MAJOR MARKETS #276,US-51/SR-3,Ripley,TN,435,3.799,"US-51/SR-3, Ripley, TN, USA","Jefferson Davis Highway, Ripley, Lauderdale County, West Tennessee, Tennessee, 38063, United States",35.7434787,-89.5548388
61656,PHILLIPS 66,US-51,Union City,TN,460,3.38233333,"US-51, Union City, TN, USA","Jere B. Ford Memorial Highway, Union City, Obion County, West Tennessee, Tennessee, 38261, United States",36.445368,-89.0340993
61787,DUCK THRU FOOD STORE #5,US-258,Franklin                                ,VA,180,3.499,"US-258, Franklin                                , VA, USA","Franklin, Virginia, 23851, United States",36.6776507,-76.9224609
61796,EXXON,US-220,Martinsville                            ,VA,185,3.375,"US-220, Martinsville                            , VA, USA","Martinsville, Virginia, United States",36.6915262,-79.8725386
61806,LANKFORD TRUCK PLAZA,US-13 & CR-646,Townsend,VA,130,3.399,"US-13 & CR-646, Townsend, VA, USA","Townsend, Northampton County, Virginia, 23443, United States",37.1849815,-75.958473
61830,APPLETON TRAVEL PLAZA,SR-96,Appleton,WI,444,3.40566666,"SR-96, Appleton, WI, USA","Hobbytown USA, West Lawrence Street, 1, Appleton, Outagamie County, Wisconsin, 54911, United States",44.2610234,-88.4148831
61879,KWIK TRIP #347,SR-13,Wisconsin Rapids,WI,395,3.31233333,"SR-13, Wisconsin Rapids, WI, USA","Wisconsin Rapids, Wood County, Wisconsin, 54495, United States",44.3917589,-89.8228767
62097,FLASH MARKET #17046,US-65/SR-9,Clinton,AR,695,3.239,"US-65/SR-9, Clinton, AR, USA","US 65;AR 9;AR 16, Clinton, Van Buren County, Arkansas, 72031, United States",35.6044508,-92.4594086
62238,Circle K #2726278,SR-207,Hastings,FL,75,3.569,"SR-207, Hastings, FL, USA","SR 207, Hastings, Saint Johns County, Florida, United States",29.7143483,-81.4988587
62316,BP,US-20,Delaware,IA,335,3.299,"US-20, Delaware, IA, USA","West Main Street, Manchester, Delaware County, Iowa, 52057, United States",42.4839497,-91.4605044
62355,MINIT MART #600630,"I-39, EXIT 14",El Paso,IL,368,3.679,"I-39, EXIT 14, El Paso, IL, USA","I 39;US 51, El Paso, Woodford County, Illinois, 61738, United States",40.6947759,-89.0289638
62355,MINIT MART #600630,"I-39, EXIT 14",El Paso,IL,368,3.599,"I-39, EXIT 14, El Paso, IL, USA","I 39;US 51, El Paso, Woodford County, Illinois, 61738, United States",40.6947759,-89.0289638
62462,HAWESWAY TRUCKSTOP,US-60,Owensboro,KY,487,3.599,"US-60, Owensboro, KY, USA","West 2nd Street, Owensboro, Daviess County, Kentucky, 42302, United States",37.773783,-87.1443702
62480,CM GALLIANO,US-167,Cut Off,LA,725,3.499,"US-167, Cut Off, LA, USA","Cut Off, Lafourche Parish, Louisiana, 70345, United States",29.513768,-90.3239092
62487,Fred's Food Mart,US-61,Saint Francisville,LA,600,3.799,"US-61, Saint Francisville, LA, USA","US 61, St. Francisville, West Feliciana Parish, Louisiana, 70775, United States",30.7927427,-91.3803804
62550,Sunoco,"I-275, EXIT 11",New Boston                              ,MI,325,3.399,"I-275, EXIT 11, New Boston                              , MI, USA","I-275 Metro Trail, New Boston, Huron Charter Township, Wayne County, Michigan, United States",42.1551307,-83.3860234
62550,Sunoco,"I-275, EXIT 11",New Boston                              ,MI,325,3.439,"I-275, EXIT 11, New Boston                              , MI, USA","I-275 Metro Trail, New Boston, Huron Charter Township, Wayne County, Michigan, United States",42.1551307,-83.3860234
62753,PETRO SERVE USA,US-10,West Fargo,ND,341,3.029,"US-10, West Fargo, ND, USA","Main Avenue, Village West, Fargo, Cass County, North Dakota, 58121, United States",46.8761518,-96.8537139
62768,PUMP & PANTRY #34,US-20 & SR-27,Gordon,NE,475,3.449,"US-20 & SR-27, Gordon, NE, USA","Gordon, Sheridan County, Nebraska, United States",42.8048523,-102.2031673
62774,MR MIKES MINI MART,SR-9,Northwood                               ,NH,34,3.599,"SR-9, Northwood                               , NH, USA","Northwood, Rockingham County, New Hampshire, 03261, United States",43.194664,-71.151581
62800,A ONE TRUCK STOP,US-9,South Amboy,NJ,79,3.499,"US-9, South Amboy, NJ, USA","US 9;NJ 35, Mechanicsville, South Amboy, Middlesex County, New Jersey, 08879, United States",40.4805318,-74.2943103
62844,CIRCLE K #4707612,"I-81, EXIT 14",Tully,NY,220,3.799,"I-81, EXIT 14, Tully, NY, USA","I 81, Town of Tully, Onondaga County, New York, 13159, United States",42.8510581,-76.120395
62844,CIRCLE K #4707612,"I-81, EXIT 14",Tully,NY,220,4.299,"I-81, EXIT 14, Tully, NY, USA","I 81, Town of Tully, Onondaga County, New York, 13159, United States",42.8510581,-76.120395
62918,CIRCLE K #4705567,ST 91,Twinsburg,OH,305,3.63233333,"ST 91, Twinsburg, OH, USA","Twinsburg, Summit County, Ohio, 44087, United States",41.3125552,-81.4401129
62996,MARTIN GENERAL STORE,US-22,Alexandria,PA,14,3.539,"US-22, Alexandria, PA, USA","Alexandria, Huntingdon County, Pennsylvania, United States",40.5564586,-78.0977847
63193,Shell,US-29,Warrenton,VA,60,3.25733333,"US-29, Warrenton, VA, USA","US 15;US 29, Warrenton, Fauquier County, Virginia, 20186, United States",38.7210536,-77.7811017
63211,OMAK MART,US-97 & SR-215,Omak,WA,970,4.149,"US-97 & SR-215, Omak, WA, USA","Omak, Okanogan County, Washington, 98841, United States",48.4109853,-119.52755
63313,MARION TRAVEL CENTER,I-55 EXIT 14,Marion                                  ,AR,435,3.199,"I-55 EXIT 14, Marion                                  , AR, USA","Blues Highway, Marion, Crittenden County, Arkansas, 72364, United States",35.1954736,-90.2008009
63330,CIRCLE K #2723678,SR-53,Rome,GA,18,3.06233333,"SR-53, Rome, GA, USA","Murphy USA, Callier Springs Road Southeast, Rome, Floyd County, Georgia, 30161, United States",34.2206305,-85.1320821
63349,FLYING J TRAVEL PLAZA #662,"I-24, EXIT 86",Oak Grove,KY,415,3.15233333,"I-24, EXIT 86, Oak Grove, KY, USA","I 24, Oak Grove, Christian County, Kentucky, 42262, United States",36.6827383,-87.4060347
63376,Circle K #2746246,US-169 & SR-41,Shakopee,MN,448,3.599,"US-169 & SR-41, Shakopee, MN, USA","Shakopee, Scott County, Minnesota, 55379, United States",44.7980186,-93.5268986
63532,FUELSMART,SR-165,Muskogee,OK,560,3.25233333,"SR-165, Muskogee, OK, USA","Fair Haven Senior Residences, 500, Muskogee, Muskogee County, Oklahoma, 74403, United States",35.7493153,-95.361374
63579,301 PLAZA,US-301 & SR-299,Middletown,DE,243,3.239,"US-301 & SR-299, Middletown, DE, USA","Middletown, New Castle County, Delaware, United States",39.4497639,-75.7166345
63582,T BONE TRUCK STOP,US-30,Columbus                                ,NE,313,3.099,"US-30, Columbus                                , NE, USA","23rd Street, Carriage House Estates, Columbus, Platte County, Nebraska, 68601, United States",41.4385015,-97.3346445
63586,LOVES TRAVEL STOP #295,US-412 & US-69,Chouteau,OK,560,3.29066666,"US-412 & US-69, Chouteau, OK, USA","Chouteau, Mayes County, Oklahoma, United States",36.1859301,-95.3430239
63608,ROAD RANGER #206,US-20,Winnebago,IL,520,3.219,"US-20, Winnebago, IL, USA","U.S. Grant Memorial Highway, Rockford, Rockford Township, Winnebago County, Illinois, 61088, United States",42.2402066,-89.1381104
63608,ROAD RANGER #206,US-20,Winnebago,IL,520,3.289,"US-20, Winnebago, IL, USA","U.S. Grant Memorial Highway, Rockford, Rockford Township, Winnebago County, Illinois, 61088, United States",42.2402066,-89.1381104
63608,ROAD RANGER #206,US-20,Winnebago,IL,520,3.299,"US-20, Winnebago, IL, USA","U.S. Grant Memorial Highway, Rockford, Rockford Township, Winnebago County, Illinois, 61088, United States",42.2402066,-89.1381104
63609,ROAD RANGER #203,US-20 & SR-2,Rockford,IL,520,3.219,"US-20 & SR-2, Rockford, IL, USA","Rockford, Rockford Township, Winnebago County, Illinois, United States",42.2713945,-89.093966
63609,ROAD RANGER #203,US-20 & SR-2,Rockford,IL,520,3.289,"US-20 & SR-2, Rockford, IL, USA","Rockford, Rockford Township, Winnebago County, Illinois, United States",42.2713945,-89.093966
63609,ROAD RANGER #203,US-20 & SR-2,Rockford,IL,520,3.299,"US-20 & SR-2, Rockford, IL, USA","Rockford, Rockford Township, Winnebago County, Illinois, United States",42.2713945,-89.093966
63627,PILOT TRAVEL CENTERS #174,I-78 & SR-15,New Albany,MS,435,3.859,"I-78 & SR-15, New Albany, MS, USA","New Albany, Union County, Mississippi, 38652, United States",34.4942683,-89.0078418
63649,ONE TRIP,US-84,Homerville,GA,10,3.44233333,"US-84, Homerville, GA, USA","US 84;GA 38, Homerville, Clinch County, Georgia, 31634, United States",31.0383164,-82.7407637
63651,CIRCLE K #2723346,US-29/S8,Athens,GA,16,3.399,"US-29/S8, Athens, GA, USA","US 29;GA 8, Country Corners, Athens, Clarke County, Georgia, 30646, United States",34.020216,-83.3214958
63653,FLYING J TRAVEL PLAZA #760,US-30 & SR-232,Cokeville,WY,835,3.899,"US-30 & SR-232, Cokeville, WY, USA","Cokeville, Lincoln County, Wyoming, United States",42.0848242,-110.9566093
63671,WESTERN TRAVEL TERMINAL,US-26 & US-85,Torrington                              ,WY,795,3.399,"US-26 & US-85, Torrington                              , WY, USA","Torrington, Goshen County, Wyoming, United States",42.062465,-104.184394
63676,CORNER EXPRESS,ST 55,Wellston                                ,MI,456,3.499,"ST 55, Wellston                                , MI, USA","Spruce Street, Wellston, Norman Township, Manistee County, Michigan, 49689, United States",44.2150871,-85.9564745
63691,JIMMIES AUTO TRUCK PLAZA,"I-10, EXIT 262",Lee,FL,20,3.84733333,"I-10, EXIT 262, Lee, FL, USA","Rental Car Exit Road, Lee County, Florida, 33913, United States",26.5272084,-81.7575152
63702,QUICK FUEL #2501,"I-264, EXIT 14",Louisville,KY,415,3.08233333,"I-264, EXIT 14, Louisville, KY, USA","Henry Watterson Expressway, Louisville, Jefferson County, Kentucky, 40215, United States",38.1897669,-85.7720701
63734,CIRCLE K #2723472,US-70 & SR-58,Kinston,NC,63,3.319,"US-70 & SR-58, Kinston, NC, USA","Kinston, Lenoir County, North Carolina, United States",35.2626635,-77.5816353
63737,I 10 DUSON TRUCK STOP,"I-10, AUSTRIA ROAD",Duson,LA,730,3.41066666,"I-10, AUSTRIA ROAD, Duson, LA, USA","Austria Road, Duson, Acadia Parish, Louisiana, 70501, United States",30.2477,-92.1931064
63738,U STOP 33,US-77,Beatrice,NE,413,3.399,"US-77, Beatrice, NE, USA","North 6th Street, Beatrice, Gage County, Nebraska, 63810, United States",40.3013186,-96.7467564
63740,CIRCLE K #2723478,US-29,Blairs,VA,185,3.439,"US-29, Blairs, VA, USA","Danville Expressway, Blairs, Pittsylvania County, Virginia, 24527, United States",36.6699814,-79.3657997
63744,PILOT TRAVEL CENTERS #439,"I-24, EXIT 86",Oak Grove,KY,415,3.15233333,"I-24, EXIT 86, Oak Grove, KY, USA","I 24, Oak Grove, Christian County, Kentucky, 42262, United States",36.6827383,-87.4060347
63754,U SAVE TRAVEL PLAZA,US-19 & SR-129,Mount Nebo,WV,44,3.599,"US-19 & SR-129, Mount Nebo, WV, USA","Mount Nebo, Preston County, West Virginia, United States",39.6023047,-79.7078303
63760,CASH MAGIC CITGO HOUMA,I-57,Houma,LA,725,3.56566666,"I-57, Houma, LA, USA","Houma, Terrebonne Parish, Louisiana, 70363, United States",29.5957696,-90.7195348
63767,HOP-IN FOOD STORES,I-27 & FM-1729,New Deal,TX,700,2.92566666,"I-27 & FM-1729, New Deal, TX, USA","Main Street, New Deal, Lubbock County, Texas, 79350, United States",33.7374083,-101.8427516
63768,PILOT TRAVEL CENTERS #443,"I-70, EXIT 49",Higginsville,MO,400,3.23566666,"I-70, EXIT 49, Higginsville, MO, USA","Dwight D. Eisenhower Highway, Higginsville, Lafayette County, Missouri, United States",39.0017993,-93.7760336
63773,QUIKTRIP #179,ST 152,Liberty,MO,400,2.999,"ST 152, Liberty, MO, USA","West Kansas Street, Liberty, Clay County, Missouri, 64068, United States",39.2460433,-94.4273385
63795,LOVES COUNTRY STORE #022,US-412,Clayton,NM,585,3.414,"US-412, Clayton, NM, USA","Main Street, Clayton, Union County, New Mexico, United States",36.452063,-103.1833361
63799,LOVES TRAVEL STOP #204,US-69 BUS & US-69,Eufaula,OK,560,3.689,"US-69 BUS & US-69, Eufaula, OK, USA","Eufaula, McIntosh County, Oklahoma, 74432, United States",35.2873764,-95.5825302
63812,PETRO STOPPING CENTER #330,"I-65, EXIT 86",Glendale,KY,415,3.599,"I-65, EXIT 86, Glendale, KY, USA","I 65, Glendale Junction, Hardin County, Kentucky, 42740, United States",37.6022769,-85.8675485
63828,CIRCLE K #2723654,US-431,Boaz,AL,587,3.519,"US-431, Boaz, AL, USA","Florida Short Route, Boaz, Marshall County, Alabama, 35957, United States",34.2082492,-86.1542314
63829,CALERA CHEVRON,SR-25,Calera,AL,615,3.199,"SR-25, Calera, AL, USA","Murphy USA, 169, Supercenter Drive, Pasqua, Calera, Shelby County, Alabama, 35040, United States",33.1456684,-86.7495863
63841,MAGNOLIA TRAVEL CENTER,US-82 & US-371,Magnolia,AR,635,3.599,"US-82 & US-371, Magnolia, AR, USA","Magnolia, Columbia County, Arkansas, United States",33.2670725,-93.2393341
63846,71 EXPRESS,US-71,Mansfield,AR,645,3.33233333,"US-71, Mansfield, AR, USA","US 71, Mansfield, Scott County, Arkansas, 72902, United States",35.0755458,-94.2026462
63854,E-Z MART #4437,US-71,Boles,AR,645,3.299,"US-71, Boles, AR, USA","US 71, Boles, Scott County, Arkansas, 72926, United States",34.7759725,-94.055476
63907,QUIKTRIP #737,"I-85, EXIT 137",Jefferson,GA,16,3.119,"I-85, EXIT 137, Jefferson, GA, USA","Underground Garage (Entrance/Exit), Forest Glen, Chicago, Jefferson Township, Cook County, Illinois, 60646, United States",41.9910203,-87.7489423
63922,THOMASVILLE TRAVEL CENTER,US-84 & SR-3,Thomasville,GA,20,3.18066666,"US-84 & SR-3, Thomasville, GA, USA","Thomasville, Thomas County, Georgia, 31792, United States",30.8365815,-83.9787808
63925,PILOT #4561,"I-75, EXIT 11",Valdosta,GA,20,3.359,"I-75, EXIT 11, Valdosta, GA, USA","I 75, Valdosta, Lowndes County, Georgia, 31601, United States",30.8294518,-83.3229213
63925,PILOT TRAVEL CENTER #4561,"I-75, EXIT 11",Valdosta,GA,20,3.28566666,"I-75, EXIT 11, Valdosta, GA, USA","I 75, Valdosta, Lowndes County, Georgia, 31601, United States",30.8294518,-83.3229213
63938,CUBBYS #301,US-34 & SR-48,Red Oak,IA,319,3.399,"US-34 & SR-48, Red Oak, IA, USA","Red Oak, Montgomery County, Iowa, 51566, United States",41.0095189,-95.228247
63946,MINIT MART #600644,"I-80, EXIT 134",Joliet,IL,399,3.599,"I-80, EXIT 134, Joliet, IL, USA","I 80, Joliet, Troy Township, Will County, Illinois, 60435, United States",41.5087675,-88.1435581
63957,SUNMART FOOD STORE,SR-37,Bloomington,IN,375,3.499,"SR-37, Bloomington, IN, USA","37, SR 46, Bloomington, Monroe County, Indiana, 47408, United States",39.1679894,-86.5002103
63959,SPEEDWAY #1429,SR-59 & SR-56,Warrenville,IL,293,3.499,"SR-59 & SR-56, Warrenville, IL, USA","Warrenville, DuPage County, Illinois, 60555, United States",41.8179303,-88.174097
63959,SPEEDWAY #1429,SR-59 & SR-56,Warrenville,IL,293,3.599,"SR-59 & SR-56, Warrenville, IL, USA","Warrenville, DuPage County, Illinois, 60555, United States",41.8179303,-88.174097
63979,Jaks Oil,US-90,Broussard,LA,730,3.049,"US-90, Broussard, LA, USA","US 90, Broussard, Lafayette Parish, Louisiana, 70518, United States",30.1097089,-91.9428219
63992,SANDRAS QUICK STOP,US-169 & US-59,Garnett,KS,485,3.319,"US-169 & US-59, Garnett, KS, USA","Garnett, Anderson County, Kansas, United States",38.2805772,-95.2419192
63997,LEON GROCERY,US-400,Leon                                    ,KS,336,3.399,"US-400, Leon                                    , KS, USA","Atomic Veterans Memorial Highway, Leon, Butler County, Kansas, 67074, United States",37.6795334,-96.7875723
64001,PETES #53,US-400 & SR-99 & CR-939,Severy                                  ,KS,336,3.249,"US-400 & SR-99 & CR-939, Severy                                  , KS, USA","Severy, Greenwood County, Kansas, 67137, United States",37.6222547,-96.2280527
64021,CM AMITE,SR-16,Amite,LA,600,3.399,"SR-16, Amite, LA, USA","West Oak Street, Amite City, Tangipahoa Parish, Louisiana, 70422, United States",30.7265725,-90.5222219
64028,DELCAMBRE FUEL DEPOT,SR-14 & SR-89,Delcambre,LA,730,2.999,"SR-14 & SR-89, Delcambre, LA, USA","Delcambre, Iberia Parish, Louisiana, 70528, United States",29.948261,-91.9887328
64047,LUCKY LOUIES TRUCK STOP,US-190,Port Allen,LA,600,3.06566666,"US-190, Port Allen, LA, USA","Port Allen, West Baton Rouge Parish, Louisiana, United States",30.45335,-91.2100569
64049,Cash Magic CITGO LAROSE,SR-308,Larose,LA,725,3.399,"SR-308, Larose, LA, USA","Bourg Larose Highway, Larose, Lafourche Parish, Louisiana, 70373, United States",29.5644006,-90.3852722
64050,WESTWOOD TRUCK PLAZA,US-90 BUS,Marrero,LA,725,3.279,"US-90 BUS, Marrero, LA, USA","Westbank Expressway, Walkertown, Marrero, Jefferson Parish, Louisiana, 70073, United States",29.8940306,-90.1109393
64060,CM VIVIAN,SR-1 & SR-2,Vivian,LA,745,3.26566666,"SR-1 & SR-2, Vivian, LA, USA","Vivian, Caddo Parish, Louisiana, 71082, United States",32.8720384,-93.9855698
64063,Mobil,US-20 & SR-56,North Oxford,MA,175,3.58233333,"US-20 & SR-56, North Oxford, MA, USA","North Oxford, Oxford, Worcester County, Massachusetts, 01537, United States",42.1500947,-71.8684054
64069,301 BP,US-301/SR-5,Brandywine,MD,22,3.259,"US-301/SR-5, Brandywine, MD, USA","Crain Highway, Brandywine, Prince George's County, Maryland, 20613, United States",38.6761697,-76.8759282
64082,SPEEDWAY #8797,SR-13,Lennon,MI,342,3.379,"SR-13, Lennon, MI, USA","Lennon, Genesee County, Michigan, 48449, United States",42.985585,-83.9282955
64083,BIG DADDYS TRUCKSTOP,US-223 & US-23,Ottawa Lake,MI,325,3.499,"US-223 & US-23, Ottawa Lake, MI, USA","Ottawa Lake, Whiteford Township, Monroe County, Michigan, 49267, United States",41.7641517,-83.7493869
64091,Circle K 2746398,US-10 & SR-27,Little Falls,MN,448,3.399,"US-10 & SR-27, Little Falls, MN, USA","Little Falls, Morrison County, Minnesota, 56345, United States",45.9763545,-94.3625024
64097,KWIK TRIP #937,US-12,Willmar,MN,451,3.34066666,"US-12, Willmar, MN, USA","US 12, Willmar, Kandiyohi County, Minnesota, 56201, United States",45.1223538,-95.0822953
64106,RAPID ROBERTS #122,SR-43,Joplin                                  ,MO,277,2.899,"SR-43, Joplin                                  , MO, USA","Visiting Angels Senior Home Care Joplin, 1736, South Main Street, Joplin, Jasper County, Missouri, 64804, United States",37.0721398,-94.5143324
64120,HOLIDAY STATIONSTORE #2746185,US-2,Wakefield,MI,545,3.219,"US-2, Wakefield, MI, USA","US 2, Wakefield Township, Gogebic County, Michigan, United States",46.444514,-89.8540118
64120,HOLIDAY STATIONSTORE #2746185,US-2,Wakefield,MI,545,3.139,"US-2, Wakefield, MI, USA","US 2, Wakefield Township, Gogebic County, Michigan, United States",46.444514,-89.8540118
64120,HOLIDAY STATIONSTORE #2746185,US-2,Wakefield,MI,545,3.479,"US-2, Wakefield, MI, USA","US 2, Wakefield Township, Gogebic County, Michigan, United States",46.444514,-89.8540118
64126,CASEYS #3471,US-2 & CR-87,Cohasset,MN,333,3.449,"US-2 & CR-87, Cohasset, MN, USA","Cohasset, Itasca County, Minnesota, United States",47.263556,-93.620215
64132,45 TRUCKSTOP,US-45,Corinth,MS,435,3.089,"US-45, Corinth, MS, USA","US 45;MS 2, Corinth, Alcorn County, Mississippi, 38834, United States",34.9757177,-88.5259773
64153,SPEEDWAY #6972,US-70,Durham,NC,177,3.799,"US-70, Durham, NC, USA","Dr John H Franklin Highway, Omah Street, Durham, Durham County, North Carolina, 27706, United States",36.0288353,-78.935365
64163,FILL GOOD BP #15,US-74,Monroe,NC,46,3.399,"US-74, Monroe, NC, USA","East Roosevelt Boulevard, Council Oaks, Monroe, Union County, North Carolina, 28112, United States",34.9729214,-80.5142626
64167,NORTH LONDONDERRY SUNOCO,"I-93, EXIT 5",Londonderry,NH,125,3.939,"I-93, EXIT 5, Londonderry, NH, USA","Alan B Shepard Highway, Wilson, Londonderry, Rockingham County, New Hampshire, 03109, United States",42.9347927,-71.3830446
64183,SUNOCO- THOMAS EDISON PLAZA #7013,"NJTP, EXIT 11",Woodbridge,NJ,79,3.899,"NJTP, EXIT 11, Woodbridge, NJ, USA","New Jersey Turnpike, Hopelawn, Woodbridge Township, Middlesex County, New Jersey, 08863, United States",40.5417361,-74.2997922
64211,PILOT #490/WESTERN PETROLEUM,US-180,Carlsbad                                ,NM,593,3.729,"US-180, Carlsbad                                , NM, USA","National Parks Highway, Carlsbad, Eddy County, New Mexico, 88220, United States",32.389391,-104.2199852
64215,STRIPES 7FLEET #42588,US-380 & SR-206,Tatum,NM,700,3.66233333,"US-380 & SR-206, Tatum, NM, USA","Tatum, Lea County, New Mexico, 88267, United States",33.2569924,-103.3175664
64216,DANDY MINI MART #31,SR-13 & SR-224,Cayuta,NY,190,4.399,"SR-13 & SR-224, Cayuta, NY, USA","Town of Cayuta, Schuyler County, New York, 14824, United States",42.2817412,-76.6968945
64224,7-ELEVEN #40296,SR-176,Broadview Heights,OH,249,3.53233333,"SR-176, Broadview Heights, OH, USA","Broadview Road, Broadview Heights, Cuyahoga County, Ohio, 44147, United States",41.2855973,-81.6848105
64227,GO MART FOOD STORE #116,US-50 & SR-7,Coolville                               ,OH,430,3.35733333,"US-50 & SR-7, Coolville                               , OH, USA","Coolville, Troy Township, Athens County, Ohio, United States",39.2217427,-81.7973557
64235,PENNZMART FUEL EXPRESS,ST 100,Tiffin                                  ,OH,411,3.4315,"ST 100, Tiffin                                  , OH, USA","Bookmyer Printing, 100, Madison Street, Downtown Tiffin Historic District, Tiffin, Seneca County, Ohio, 44883, United States",41.1132803,-83.1759049
64236,KFC TRAVELMART,SR-199,Upper Sandusky,OH,411,3.249,"SR-199, Upper Sandusky, OH, USA","East Fairview Street, South Park, Upper Sandusky, Crane Township, Wyandot County, Ohio, 43351, United States",40.8167249,-83.2803414
64243,Caseys #4519,US-62,Altus,OK,483,3.00566666,"US-62, Altus, OK, USA","East Broadway Street, Altus, Jackson County, Oklahoma, 73521, United States",34.6377829,-99.314211
64244,CHOCTAW NATION DURANT WEST #632,US-69/US-75,Calera,OK,253,3.089,"US-69/US-75, Calera, OK, USA","US 69;US 75, Calera, Bryan County, Oklahoma, 74730, United States",33.9270848,-96.4332692
64264,CASEYS #4594,US-81 & US-70,Waurika,OK,253,3.07733333,"US-81 & US-70, Waurika, OK, USA","Waurika, Jefferson County, Oklahoma, 73573, United States",34.1670371,-97.997536
64299,CIRCLE K #2720881,US-17 & SR-165,Ravenel,SC,42,3.439,"US-17 & SR-165, Ravenel, SC, USA","Ravenel, Charleston County, South Carolina, United States",32.7632321,-80.2500986
64307,CIRCLE K #2723876,US-17 & SR-64,Round O,SC,42,3.37233333,"US-17 & SR-64, Round O, SC, USA","Round O, Colleton County, South Carolina, 29474, United States",32.9371151,-80.5409352
64314,JAKES CORNER,US-81 & SR-34,Winfred                                 ,SD,530,3.049,"US-81 & SR-34, Winfred                                 , SD, USA","Winfred, Winfred Township, Lake County, South Dakota, 57076, United States",43.997197,-97.362288
64343,Allsup's Marketplace #2411,US-67,Hawley,TX,575,2.889,"US-67, Hawley, TX, USA","Hawley, Jones County, Texas, United States",32.6133723,-99.8130377
64355,CEFCO #34,US-281 & SR-38,Hamilton,TX,765,3.029,"US-281 & SR-38, Hamilton, TX, USA","Hamilton County, Texas, United States",31.6429346,-97.9715967
64374,CEFCO #2001,US-287 & FM-369,Iowa Park,TX,770,2.864,"US-287 & FM-369, Iowa Park, TX, USA","Iowa Park, Wichita County, Texas, 76367, United States",33.9618,-98.6708437
64382,KOSSE COUNTRY STORE,SR-7 & SR-14,Kosse                                   ,TX,765,3.11566666,"SR-7 & SR-14, Kosse                                   , TX, USA","Kosse, Limestone County, Texas, United States",31.3076774,-96.6319231
64399,LOVES TRAVEL STOPS #247,US-287 & SR-256,Memphis,TX,585,3.789,"US-287 & SR-256, Memphis, TX, USA","Memphis, Hall County, Texas, 79245, United States",34.7253581,-100.540097
64399,LOVES TRAVEL STOP #247,US-287 & SR-256,Memphis,TX,585,3.789,"US-287 & SR-256, Memphis, TX, USA","Memphis, Hall County, Texas, 79245, United States",34.7253581,-100.540097
64406,Main Street Market,SR-84 & FM-73,Prairie Hill,TX,765,2.899,"SR-84 & FM-73, Prairie Hill, TX, USA","Prairie Hill, Limestone County, Texas, 76678, United States",31.6551661,-96.7888794
64407,CIRCLE K #2741527,US-281,Premont,TX,625,2.999,"US-281, Premont, TX, USA","I 69C;US 281, Premont, Jim Wells County, Texas, 78375, United States",27.3643568,-98.1144579
64420,Valero,US-59 & AT ST-87,Timpson                                 ,TX,766,3.059,"US-59 & AT ST-87, Timpson                                 , TX, USA","Timpson, Shelby County, Texas, 75975, United States",31.9037814,-94.3952022
64436,MS 58 PLAZA,"I-95, EXIT 11",Emporia                                 ,VA,180,3.18233333,"I-95, EXIT 11, Emporia                                 , VA, USA","I 95, Emporia, Virginia, 23847, United States",36.7137649,-77.5417942
64438,PILOT TRAVEL CENTER #4622,US-58,South Boston,VA,65,4.009,"US-58, South Boston, VA, USA","Philpott Road, South Boston, Halifax County, Virginia, 24592, United States",36.6846669,-78.9074612
64445,KWIK TRIP #413,SR-93 & SR-95,Arcadia,WI,295,3.31566666,"SR-93 & SR-95, Arcadia, WI, USA","Arcadia, Trempealeau County, Wisconsin, 54612, United States",44.2527212,-91.5014893
64451,ROYAL FARMS #79,ST 13,New Church                              ,VA,194,3.339,"ST 13, New Church                              , VA, USA","New Church, Accomack County, Virginia, 23416, United States",37.9790117,-75.5310365
64455,SPEEDWAY #4648,SR-254,Waynesboro,VA,180,3.959,"SR-254, Waynesboro, VA, USA","254, Tiffany Drive, Waynesboro, Virginia, 22980, United States",38.065064,-78.9301108
64474,SIGNAL FOOD STORE #108,US-60,Mountain View,MO,535,3.03233333,"US-60, Mountain View, MO, USA","US 60;MO 17, Mountain View, Howell County, Missouri, 65548, United States",37.0011251,-91.687798
64480,TA Garden City,US-83 & US-400,Garden City,KS,525,3.73066666,"US-83 & US-400, Garden City, KS, USA","Garden City, Finney County, Kansas, 67846, United States",37.9716898,-100.8726618
64498,QUICK FUEL #1705,SR-53,Warren,MI,325,3.849,"SR-53, Warren, MI, USA","West United States Highway 22 and 3, Nantucket, Twenty Mile Stand, Landen, Deerfield Township, Warren County, Ohio, 45140, United States",39.3007249,-84.2862715
64498,QUICK FUEL #1705,SR-53,Warren,MI,325,3.749,"SR-53, Warren, MI, USA","West United States Highway 22 and 3, Nantucket, Twenty Mile Stand, Landen, Deerfield Township, Warren County, Ohio, 45140, United States",39.3007249,-84.2862715
64498,QUICK FUEL #1705,SR-53,Warren,MI,325,3.789,"SR-53, Warren, MI, USA","West United States Highway 22 and 3, Nantucket, Twenty Mile Stand, Landen, Deerfield Township, Warren County, Ohio, 45140, United States",39.3007249,-84.2862715
64508,QUICK FUEL #1150,US-51 & SR-30,Madison,WI,420,3.57566666,"US-51 & SR-30, Madison, WI, USA","Madison, Dane County, Wisconsin, United States",43.07469,-89.3841663
64509,QUICK FUEL #1002,"I-94, EXIT 319",Milwaukee,WI,444,3.74066666,"I-94, EXIT 319, Milwaukee, WI, USA","Hourly Parking Exit, General Mitchell International Airport, Milwaukee, Milwaukee County, Wisconsin, 53207, United States",42.9501316,-87.904951
64511,QUICK FUEL #1010,SR-100,Milwaukee,WI,444,3.779,"SR-100, Milwaukee, WI, USA","William A. Passavant Senior Apartments, 2195, Avenues West, Near West Side, Milwaukee, Milwaukee County, Wisconsin, 53233, United States",43.0428022,-87.9401859
64521,CHOCTAW TRAVEL PLAZA #635,US-259/SR-3,Broken Bow,OK,560,2.999,"US-259/SR-3, Broken Bow, OK, USA","North Park Drive, Broken Bow, McCurtain County, Oklahoma, 74728, United States",34.0339303,-94.739579
64528,Raceway #7007,SR-74 & SR-180,Shelby                                  ,NC,46,3.249,"SR-74 & SR-180, Shelby                                  , NC, USA","Shelby, Cleveland County, North Carolina, 28051, United States",35.2923513,-81.5356463
64545,HOBO PANTRY #24,US-231 & SR-10,Brundidge                               ,AL,720,3.599,"US-231 & SR-10, Brundidge                               , AL, USA","Brundidge, Pike County, Alabama, 36010, United States",31.7201615,-85.8160567
64554,FACKLER TEXACO TRUCK STOP,US-72 & CR-42,Fackler,AL,615,3.199,"US-72 & CR-42, Fackler, AL, USA","Fackler, Jackson County, Alabama, United States",34.7925827,-85.9099775
64578,MARATHON,US-431/SR-1,Phenix City,AL,50,3.249,"US-431/SR-1, Phenix City, AL, USA","US 280;US 431, Phenix City, Russell County, Alabama, 36867, United States",32.5058179,-85.0529668
64581,SNEAD SHELL,US-278 & SR-75,Altoona                                 ,AL,587,3.109,"US-278 & SR-75, Altoona                                 , AL, USA","Altoona, Etowah County, Alabama, United States",34.025609,-86.3258835
64610,KINGS RIVER COUNTRY STORE,US-412,Huntsville,AR,735,3.26566666,"US-412, Huntsville, AR, USA","US 412, Harmony, Huntsville, Madison County, Arkansas, 72740, United States",36.1165076,-93.7195685
64648,QUICK FUEL #2203,"I-20, EXIT 14",Atlanta,GA,18,3.319,"I-20, EXIT 14, Atlanta, GA, USA","I 20, Atlanta, Fulton County, Georgia, 30311, United States",33.7589305,-84.4760517
64651,QUICK FUEL #2101,I-465,Indianapolis,IN,375,3.869,"I-465, Indianapolis, IN, USA","USS Indianapolis Memorial Highway, Indianapolis, Decatur Township, Marion County, Indiana, 46251, United States",39.7032988,-86.2629594
64656,QUICK FUEL #2601,SR-27,Charlotte,NC,46,3.51233333,"SR-27, Charlotte, NC, USA","Midland Commons Senior Housing, Ashley Park, Charlotte, Mecklenburg County, North Carolina, United States",35.2280579,-80.9039475
64660,QUICK FUEL #1005,SR-59 & SR-164,Waukesha,WI,444,3.623,"SR-59 & SR-164, Waukesha, WI, USA","Waukesha County, Wisconsin, United States",43.0622536,-88.3123889
64662,QUICK FUEL #1011,"I-94, EXIT 100",Milwaukee,WI,444,3.52066666,"I-94, EXIT 100, Milwaukee, WI, USA","Hourly Parking Exit, General Mitchell International Airport, Milwaukee, Milwaukee County, Wisconsin, 53207, United States",42.9501316,-87.904951
64673,WESTVILLE TRUCKSTOP,US-6/US-421,Westville                               ,IN,365,3.58566666,"US-6/US-421, Westville                               , IN, USA","US 6, Westville, LaPorte County, Indiana, 46391, United States",41.5384799,-86.9055656
64679,PILOT TRAVEL CENTER #118,I-30 EXIT 121,Benton,AR,695,3.259,"I-30 EXIT 121, Benton, AR, USA","West Pleasant Grove Road, Rogers, Benton County, Arkansas, 72758, United States",36.2834512,-94.1577892
64679,PILOT TRAVEL CENTERS #118,I-30 EXIT 121,Benton,AR,695,3.199,"I-30 EXIT 121, Benton, AR, USA","West Pleasant Grove Road, Rogers, Benton County, Arkansas, 72758, United States",36.2834512,-94.1577892
64683,QUIKTRIP #777,"I-20, EXIT 49",Atlanta,GA,18,2.97233333,"I-20, EXIT 49, Atlanta, GA, USA","I 20, Atlanta, Fulton County, Georgia, 39310, United States",33.754721,-84.4661597
64702,FLYING J TRAVEL PLAZA #846,HWY 9 & HWY 36,Hanna                                   ,AB,80,4.95418716,"HWY 9 & HWY 36, Hanna                                   , AB, USA","Hanna, Carbon County, Wyoming, United States",41.8699858,-106.5620727
64702,FLYING J TRAVEL PLAZA #846,HWY 9 & HWY 36,Hanna                                   ,AB,80,4.95528079,"HWY 9 & HWY 36, Hanna                                   , AB, USA","Hanna, Carbon County, Wyoming, United States",41.8699858,-106.5620727
64702,FLYING J TRAVEL PLAZA #846,HWY 9 & HWY 36,Hanna                                   ,AB,80,4.95673973,"HWY 9 & HWY 36, Hanna                                   , AB, USA","Hanna, Carbon County, Wyoming, United States",41.8699858,-106.5620727
64702,FLYING J TRAVEL PLAZA #846,HWY 9 & HWY 36,Hanna                                   ,AB,80,4.96514532,"HWY 9 & HWY 36, Hanna                                   , AB, USA","Hanna, Carbon County, Wyoming, United States",41.8699858,-106.5620727
64702,FLYING J TRAVEL PLAZA #846,HWY 9 & HWY 36,Hanna                                   ,AB,80,4.96441327,"HWY 9 & HWY 36, Hanna                                   , AB, USA","Hanna, Carbon County, Wyoming, United States",41.8699858,-106.5620727
64702,FLYING J TRAVEL PLAZA #846,HWY 9 & HWY 36,Hanna                                   ,AB,80,4.953094,"HWY 9 & HWY 36, Hanna                                   , AB, USA","Hanna, Carbon County, Wyoming, United States",41.8699858,-106.5620727
64712,SUNSTOP #650,US-431 & SR-210,Dothan,AL,20,3.41233333,"US-431 & SR-210, Dothan, AL, USA","Dothan, Houston County, Alabama, United States",31.2237285,-85.3934375
64715,CIRCLE K #2709067,US-31/SR-6,Prattville,AL,720,3.499,"US-31/SR-6, Prattville, AL, USA","Memorial Drive, Prattville, Elmore County, Alabama, United States",32.4168014,-86.409713
64718,CUZZS,US-43/SR-13,Thomasville,AL,720,3.53233333,"US-43/SR-13, Thomasville, AL, USA","US 43, Thomasville, Clarke County, Alabama, 36784, United States",31.9105569,-87.7415322
64723,CASHS #4470,US-65,Dumas,AR,655,3.209,"US-65, Dumas, AR, USA","US 65;US 165, Dumas, Desha County, Arkansas, 71639, United States",33.8758346,-91.4820287
64773,Sun Gas,US-301,Middletown,DE,243,2.999,"US-301, Middletown, DE, USA","Middletown Warwick Road, Middletown, New Castle County, Delaware, 21912, United States",39.439353,-75.7496757
64775,SHORE STOP #287,US-13,New Castle,DE,243,3.289,"US-13, New Castle, DE, USA","South Dupont Highway, Saint Georges Heights, South Saint Georges, New Castle County, Delaware, 19733, United States",39.5528106,-75.6508299
64775,SHORE STOP #287,US-13,New Castle,DE,243,3.309,"US-13, New Castle, DE, USA","South Dupont Highway, Saint Georges Heights, South Saint Georges, New Castle County, Delaware, 19733, United States",39.5528106,-75.6508299
64778,SUNSTOP #347,US-27,Branford,FL,75,3.699,"US-27, Branford, FL, USA","US Highway 27, Grady, Branford, Lafayette County, Florida, United States",29.9549581,-82.9301742
64779,SPEEDWAY #6530,US-50,Brooksville,FL,225,3.38233333,"US-50, Brooksville, FL, USA","Brooksville, Hernando County, Florida, United States",28.5552719,-82.3878709
64789,KROME EXXON,SR-997 & SR-994,Miami,FL,95,3.399,"SR-997 & SR-994, Miami, FL, USA","Miami, Miami-Dade County, Florida, United States",25.7741566,-80.1935973
64793,CIRCLE K #2721297,US-301,Middleburg,FL,75,3.399,"US-301, Middleburg, FL, USA","Middleburg, Clay County, Florida, United States",30.0688512,-81.8603778
64798,RIVIERA TRUCKSTOP,SR-710,West Palm Beach,FL,95,3.779,"SR-710, West Palm Beach, FL, USA","Bee Line Highway, West Palm Beach, Palm Beach County, Florida, 33418, United States",26.8313221,-80.1842067
64804,SPEEDLANE,US-301 &SR-574,Tampa,FL,225,3.449,"US-301 &SR-574, Tampa, FL, USA","East Doctor Martin Luther King Junior Boulevard, Tampa Heights, Tampa, Hillsborough County, Florida, 33603, United States",27.9815082,-82.4468452
64811,SUNSTOP #819,US-19,Americus,GA,15,3.699,"US-19, Americus, GA, USA","North Martin Luther King Boulevard, Northside Homes, Americus, Sumter County, Georgia, 31719, United States",32.0898245,-84.2404627
64815,BUENA VISTA GAS N GO,SR-26 & SR-41,Buena Vista,GA,10,3.299,"SR-26 & SR-41, Buena Vista, GA, USA","Buena Vista, Marion County, Georgia, United States",32.3190398,-84.5171411
64831,CIRCLE K #2745072,US-341,Lumber City,GA,195,3.529,"US-341, Lumber City, GA, USA","East Golden Isles Highway, Lumber City, Telfair County, Georgia, 31549, United States",31.9265223,-82.6778413
64834,SUSIE Q #90,US-319 & SR-33,Moultrie,GA,10,3.799,"US-319 & SR-33, Moultrie, GA, USA","Moultrie, Colquitt County, Georgia, United States",31.1793436,-83.788579
64842,Circle K #2745128,US-301 & US-25,Statesboro,GA,195,3.199,"US-301 & US-25, Statesboro, GA, USA","Statesboro, Bulloch County, Georgia, United States",32.4490141,-81.7832912
64850,SHAKE RAG EXPRESS,US-1 & US-78,Wadley,GA,135,3.41566666,"US-1 & US-78, Wadley, GA, USA","Wadley, Jefferson County, Georgia, 30477, United States",32.8668223,-82.4040162
64857,CHARITON FOOD SHOP,US-34,Chariton,IA,320,3.369,"US-34, Chariton, IA, USA","US 34, Chariton, Lucas County, Iowa, 50049, United States",41.0048164,-93.309841
64860,BP TRUCK PLAZA,US-61/US-151,Dubuque                                 ,IA,335,3.489,"US-61/US-151, Dubuque                                 , IA, USA","US 61;US 151, Dubuque, Julien Township, Dubuque County, Iowa, 52001, United States",42.5106721,-90.6585131
64862,218 FUEL EXPRESS,US-218 & US-18,Floyd,IA,433,3.489,"US-218 & US-18, Floyd, IA, USA","Floyd County, Iowa, United States",43.0587894,-92.7830539
64863,FT MADISON FAST BREAK,US-61,Fort Madison,IA,345,3.399,"US-61, Fort Madison, IA, USA","US 61, Fort Madison, Lee County, Iowa, 52627, United States",40.632835,-91.3815058
64868,MEDIAPOLIS FAST BREAK,US-61,Mediapolis,IA,345,3.349,"US-61, Mediapolis, IA, USA","North Wapello Road, Mediapolis, Des Moines County, Iowa, 52637, United States",41.0152156,-91.1700977
64871,STEWART ROAD FAST BREAK,CR-X61,Muscatine                               ,IA,270,3.299,"CR-X61, Muscatine                               , IA, USA","County Road X61, Louisa County, Iowa, 52761, United States",41.2906645,-91.1099723
64880,CASEYS #2487,US-71/SR-9,Spirit Lake,IA,440,3.38233333,"US-71/SR-9, Spirit Lake, IA, USA","18th Street, Spirit Lake, Dickinson County, Iowa, 51360, United States",43.4226225,-95.1244747
64881,SPARKYS ONE STOP #16,US-71 & SR-3,Storm Lake                              ,IA,527,3.23233333,"US-71 & SR-3, Storm Lake                              , IA, USA","Storm Lake, Buena Vista County, Iowa, 50588, United States",42.6452817,-95.1992726
64884,SAPP BROS TRAVEL CENTER,US-61 & SR-78,Sioux City,IA,527,3.649,"US-61 & SR-78, Sioux City, IA, USA","Sioux City, Woodbury County, Iowa, United States",42.4966815,-96.4058782
64886,WEVER JUNCTION,US-61 & CR-X50,Wever,IA,345,3.399,"US-61 & CR-X50, Wever, IA, USA","Wever, Lee County, Iowa, 52658, United States",40.7114884,-91.2304308
64887,COUNCIL FOOD AND FUEL,US-95,Council,ID,785,3.589,"US-95, Council, ID, USA","Michigan Street, Council, Adams County, Idaho, 83612, United States",44.7265668,-116.4392303
64888,NOMNOM #21,US-95 & SR-13,Grangeville,ID,970,3.90733333,"US-95 & SR-13, Grangeville, ID, USA","Grangeville, Idaho County, Idaho, 83530, United States",45.926552,-116.122326
64892,JACKSONS FOOD STORE #3,US-95,Wilder,ID,785,3.579,"US-95, Wilder, ID, USA","South 5th Street, Wilder, Canyon County, Idaho, 83676, United States",43.6741262,-116.9119994
64913,Circle K #4701331,US-136 & US-67,Macomb,IL,345,3.499,"US-136 & US-67, Macomb, IL, USA","Macomb, McDonough County, Illinois, 61455, United States",40.4588934,-90.6713939
64930,THORNDALE SHELL,"I-290, EXIT 5",Wood Dale,IL,290,3.459,"I-290, EXIT 5, Wood Dale, IL, USA","I 290, Wood Dale, Addison Township, DuPage County, Illinois, 60101, United States",41.9443787,-87.9928546
64933,MCCLURE OIL #66,US-33/US-27,Decatur,IN,370,3.699,"US-33/US-27, Decatur, IN, USA","Murpht USA, 1600, South 13th Street, Decatur, Adams County, Indiana, 46733, United States",40.8099791,-84.939404
64938,FAMILY EXPRESS #41 (DISCOUNT AVAILABLE),US-52,Lafayette,IN,375,3.43233333,"US-52, Lafayette, IN, USA","US 52;US 231, Elston, Lafayette, Tippecanoe County, Indiana, 47902, United States",40.3890869,-86.9197765
64939,FAMILY EXPRESS #27 (DISCOUNT AVAILABLE),US-421,Medaryville,IN,365,3.649,"US-421, Medaryville, IN, USA","County Road 1500 West, Medaryville, Pulaski County, Indiana, 46374, United States",41.08174,-86.8920281
64949,PETES #36,US- 54 & US-169,Iola,KS,400,3.20566666,"US- 54 & US-169, Iola, KS, USA","Iola, Allen County, Kansas, 66749, United States",37.9244799,-95.3999814
64950,CASEYS #2957,US-73 & US-36,Hiawatha,KS,400,3.15066666,"US-73 & US-36, Hiawatha, KS, USA","Hiawatha, Brown County, Kansas, 66434, United States",39.8524033,-95.5364966
64952,AMPRIDE,US-160,Johnson                                 ,KS,525,3.399,"US-160, Johnson                                 , KS, USA","East Road 12, Johnson City, Stanton County, Kansas, United States",37.5770746,-101.6262647
64961,SAC AND FOX TRUCK STOP,US-75,Powhattan,KS,553,2.984,"US-75, Powhattan, KS, USA","Powhattan, Brown County, Kansas, United States",39.761462,-95.6335829
64963,FLINT HILLS ONE STOP,US-50,Strong City,KS,553,2.919,"US-50, Strong City, KS, USA","US 50, Strong City, Chase County, Kansas, 66869, United States",38.4001109,-96.5343727
64964,U PUMP IT,US-83 & US-56,Sublette                                ,KS,525,3.679,"US-83 & US-56, Sublette                                , KS, USA","Sublette, Haskell County, Kansas, 67877, United States",37.4816911,-100.843773
64969,ALLSTAR FOOD MART,SR-55,Campbellsville                          ,KY,415,3.159,"SR-55, Campbellsville                          , KY, USA","Murphy USA, Campbellsville Bypass, Campbellsville, Taylor County, Kentucky, 42718, United States",37.3452679,-85.3709754
64996,AVONDALE TRUCK STOP,SR-90,Westwego                                ,LA,725,3.449,"SR-90, Westwego                                , LA, USA","JenCare Senior Medical Center, 1036, Westbank Expressway, Westwego, Jefferson Parish, Louisiana, 70094, United States",29.8965848,-90.1423719
64998,CM BAYOU VISTA,US-90,Morgan City,LA,725,3.399,"US-90, Morgan City, LA, USA","US 90, Wyandotte, Morgan City, St. Mary Parish, Louisiana, 70380, United States",29.7010131,-91.185392
65002,FOOD N FUN #11,US-90 & SR-92-1,Broussard,LA,600,3.30233333,"US-90 & SR-92-1, Broussard, LA, USA","Broussard, Lafayette Parish, Louisiana, 70518, United States",30.1471506,-91.9612413
65006,GOLDMINE TRUCKSTOP,US-190,Eunice                                  ,LA,730,3.199,"US-190, Eunice                                  , LA, USA","West Laurel Avenue, Eunice, St. Landry Parish, Louisiana, 70535, United States",30.4949124,-92.4289449
65011,PLANTATION TRUCK PLAZA,SR-311 & SR-664,Houma,LA,725,3.11566666,"SR-311 & SR-664, Houma, LA, USA","Houma, Terrebonne Parish, Louisiana, 70363, United States",29.5957696,-90.7195348
65017,Y NOT STOP MANSURA,SR-1,Mansura,LA,730,3.399,"SR-1, Mansura, LA, USA","Mansura, Avoyelles Parish, Louisiana, 71350, United States",31.0579664,-92.049012
65019,Hwy 31 Truck Stop,SR 31,Saint Martinville                       ,LA,730,3.329,"SR 31, Saint Martinville                       , LA, USA","Rue Principale Sud, Saint Martinville Historic District, St. Martinville, Saint Martin Parish, Louisiana, 70582, United States",30.1154024,-91.8325538
65021,OPELOUSAS 190 TRUCK STOP,US-190,Opelousas,LA,600,2.87066666,"US-190, Opelousas, LA, USA","East Vine Street, Opelousas, St. Landry Parish, Louisiana, 70570, United States",30.5311499,-92.076463
65022,CM RACELAND,SR-1,Raceland,LA,725,3.299,"SR-1, Raceland, LA, USA","Raceland, Lafourche Parish, Louisiana, 70394, United States",29.7274331,-90.598976
65025,ELSIE AUTO AND TRUCK PLAZA,SR-1,Shreveport                              ,LA,766,2.949,"SR-1, Shreveport                              , LA, USA","Shreveport, Caddo Parish, Louisiana, United States",32.5135356,-93.7477839
65026,TA ST Rose #06480,US-61,Saint Rose,LA,725,3.22566666,"US-61, Saint Rose, LA, USA","Airline Highway, St. Rose, St. Charles Parish, Louisiana, 70087, United States",29.9790504,-90.281322
65027,STARKS TRUCK STOP,SR-12,Starks,LA,690,3.599,"SR-12, Starks, LA, USA","Starks, Calcasieu Parish, Louisiana, 70661, United States",30.3155874,-93.6618365
65030,CASH MAGIC THIBODAUX,SR-1,Thibodaux,LA,725,3.399,"SR-1, Thibodaux, LA, USA","Thibodaux, Lafourche Parish, Louisiana, United States",29.7957633,-90.822871
65048,Irving,SR-2,Westminster,MA,34,3.749,"SR-2, Westminster, MA, USA","Westminster, Worcester County, Massachusetts, 01473, United States",42.5449024,-71.9107903
65066,HURLOCK CITGO,SR-392 & SR-331,Hurlock                                 ,MD,194,3.259,"SR-392 & SR-331, Hurlock                                 , MD, USA","Hurlock, Dorchester County, Maryland, 21643, United States",38.6346863,-75.8637279
65067,SUNOCO,US-301,Newburg,MD,60,3.379,"US-301, Newburg, MD, USA","Crain Highway, Newburg, Charles County, Maryland, 20603, United States",38.3649209,-76.9723362
65084,BEACON & BRIDGE #19,US-131 & SR-115,Cadillac,MI,260,3.259,"US-131 & SR-115, Cadillac, MI, USA","Cadillac, Wexford County, Michigan, United States",44.2519526,-85.4011619
65084,BEACON & BRIDGE #19,US-131 & SR-115,Cadillac,MI,260,3.239,"US-131 & SR-115, Cadillac, MI, USA","Cadillac, Wexford County, Michigan, United States",44.2519526,-85.4011619
65084,BEACON & BRIDGE #19,US-131 & SR-115,Cadillac,MI,260,3.279,"US-131 & SR-115, Cadillac, MI, USA","Cadillac, Wexford County, Michigan, United States",44.2519526,-85.4011619
65108,PICKLEMANS ONE STOP-ZEPHYR,ST 28,Newberry,MI,360,3.699,"ST 28, Newberry, MI, USA","Newberry, Luce County, Michigan, United States",46.3559523,-85.5098868
65132,PETES PLACE SOUTH,US-71 & US-2,Bemidji,MN,355,3.41566666,"US-71 & US-2, Bemidji, MN, USA","Bemidji, Beltrami County, Minnesota, 56601, United States",47.4723148,-94.8832791
65135,CIRCLE K #3819,SR-7,Clara City,MN,432,3.33233333,"SR-7, Clara City, MN, USA","Clara City, Chippewa County, Minnesota, 56222, United States",44.9549593,-95.3664045
65141,KWIK TRIP #619,US-14 & ST-57,Kasson,MN,515,3.549,"US-14 & ST-57, Kasson, MN, USA","Kasson, Dodge County, Minnesota, 55944, United States",44.0297055,-92.7503451
65165,AMERIMART # 11,US-61,Jackson,MO,275,3.299,"US-61, Jackson, MO, USA","I 55 Bus;US 61, Jackson Old Town, Jackson, Cape Girardeau County, Missouri, 63755, United States",37.3824767,-89.6663432
65171,SIGNAL FOOD STORE #110,US-60 & SR-5,Mansfield,MO,535,3.02566666,"US-60 & SR-5, Mansfield, MO, USA","Mansfield, Wright County, Missouri, United States",37.1067189,-92.5807231
65178,WILD BILLS TRAVEL CENTER,US-65 & SR-14,Ridgedale                               ,MO,535,3.199,"US-65 & SR-14, Ridgedale                               , MO, USA","Ridgedale, Taney County, Missouri, 65739, United States",36.5039535,-93.2237919
65192,CIRCLE K #2723396,US-49,Collins,MS,620,3.879,"US-49, Collins, MS, USA","US 49, Collins, Covington County, Mississippi, 39402, United States",31.62614,-89.5451706
65197,SINGH PETRO,US-11,Ellisville                              ,MS,620,3.059,"US-11, Ellisville                              , MS, USA","US 11, Ellisville, Jones County, Mississippi, 35437, United States",31.5954144,-89.2062991
65198,CIRCLE K #2723437,US-49,Florence,MS,760,2.89566666,"US-49, Florence, MS, USA","Highway 49 South, Florence, Rankin County, Mississippi, 39073, United States",32.1558971,-90.1253484
65204,SHELL GAS MART,US-82,Mathiston,MS,576,3.36566666,"US-82, Mathiston, MS, USA","US 82, Mathiston, Webster County, Mississippi, 39767, United States",33.5404625,-89.1386129
65212,Taters #2,US-98 & SR-29,New Augusta,MS,620,3.31566666,"US-98 & SR-29, New Augusta, MS, USA","New Augusta, Perry County, Mississippi, United States",31.2024033,-89.0347743
65213,CIRCLE K #2723390,US-98,New Augusta,MS,620,3.199,"US-98, New Augusta, MS, USA","US 98, New Augusta, Perry County, Mississippi, 39462, United States",31.2006292,-89.0296322
65216,STUCKEYS EXPRESS,US-43S,Pelahatchie                             ,MS,760,3.199,"US-43S, Pelahatchie                             , MS, USA","2nd Street, Pelahatchie, Rankin County, Mississippi, 39145, United States",32.3157011,-89.7902389
65223,SHELL EXPRESS MART,SR-7 & SR-315,Water Valley,MS,435,3.06566666,"SR-7 & SR-315, Water Valley, MS, USA","Water Valley, Yalobusha County, Mississippi, United States",34.1514989,-89.6314736
65225,CIRCLE K #2723402,US-49,Wiggins,MS,620,3.509,"US-49, Wiggins, MS, USA","US 49, Wiggins, Stone County, Mississippi, 39577, United States",30.8578433,-89.1596339
65234,COUNTRY MART,US-13/SR-11,Bethel,NC,205,3.00733333,"US-13/SR-11, Bethel, NC, USA","East Washington Street, Bethel, Pitt County, North Carolina, 27812, United States",35.8071131,-77.3692876
65241,CIRCLE K #2723474,US-70,Goldsboro,NC,205,3.54066666,"US-70, Goldsboro, NC, USA","US 70, Borden Homes, Goldsboro, Wayne County, North Carolina, 27530, United States",35.3988266,-78.0078125
65250,CIRCLE K #2723473,US-70,Morehead City,NC,245,3.649,"US-70, Morehead City, NC, USA","Arendell Street, Morehead City, Carteret County, North Carolina, 28557, United States",34.7214892,-76.7154824
65251,SPEEDWAY #8277,US-17 & SR-43,New Bern,NC,245,3.26566666,"US-17 & SR-43, New Bern, NC, USA","New Bern, Craven County, North Carolina, United States",35.1068428,-77.0398762
65274,CENEX C STORE,US-2 & SR-3,Rugby                                   ,ND,452,3.399,"US-2 & SR-3, Rugby                                   , ND, USA","Rugby, Pierce County, North Dakota, 58368, United States",48.368888,-99.996246
65282,HEBRON SINCLAIR,US-81,Hebron,NE,413,3.284,"US-81, Hebron, NE, USA","Hebron, Thayer County, Nebraska, 68370, United States",40.1664805,-97.5860852
65283,CUBBYS #2107,US-20/SR-15,Laurel,NE,470,3.139,"US-20/SR-15, Laurel, NE, USA","Highway 20, Laurel, Precinct 21, Cedar County, Nebraska, 68787, United States",42.4239112,-97.101242
65289,SHOEMAKERS SOUTH,US-77,Roca,NE,413,3.349,"US-77, Roca, NE, USA","Roca, Saltillo Precinct, Lancaster County, Nebraska, United States",40.657321,-96.662314
65290,ESSENTIAL FUEL #3,ST 71,Scottsbluff,NE,475,3.599,"ST 71, Scottsbluff, NE, USA","71, West 12th Street, Scottsbluff, Scotts Bluff County, Nebraska, 69361, United States",41.858353,-103.6636243
65292,CUBBYS #117,SR-2 & SR-50,Syracuse                                ,NE,319,3.319,"SR-2 & SR-50, Syracuse                                , NE, USA","Syracuse, Otoe County, Nebraska, 68446, United States",40.657224,-96.186398
65293,TRAILS WEST SINCLAIR,US-34 & SR-25,Trenton,NE,475,3.499,"US-34 & SR-25, Trenton, NE, USA","Trenton, Hitchcock County, Nebraska, 69044, United States",40.1757537,-101.0131604
65294,PRIME STOP,ST 35                         ,Wayne                                   ,NE,470,3.244,"ST 35                         , Wayne                                   , NE, USA","West 7th Street, Wayne, Wayne County, Nebraska, 68787, United States",42.2355077,-97.0224273
65299,EPPING FUELING CENTER,SR-27 & SR-125,Epping,NH,125,4.029,"SR-27 & SR-125, Epping, NH, USA","Epping, Rockingham County, New Hampshire, 03042, United States",43.0471211,-71.0758436
65308,SUNOCO,SR-17,East Rutherford                         ,NJ,115,3.19233333,"SR-17, East Rutherford                         , NJ, USA","East Rutherford, Bergen County, New Jersey, 07073, United States",40.833989,-74.0970865
65310,Edison Fuel Stop,US-1,Edison,NJ,115,3.159,"US-1, Edison, NJ, USA","Donald Goodkind Bridge, Edison, Middlesex County, New Jersey, 08904, United States",40.4941326,-74.4129442
65319,PHILLIPS 66,US-30,Clementon,NJ,150,3.199,"US-30, Clementon, NJ, USA","White Horse Pike, Clementon, Camden County, New Jersey, 08021, United States",39.8110615,-74.9825004
65328,THIND TRAVEL PLAZA,SR-20,North Bergen                            ,NJ,115,3.259,"SR-20, North Bergen                            , NJ, USA","North Bergen, Hudson County, New Jersey, United States",40.8042674,-74.012084
65329,UTE MOUNTAIN TRAVEL CENTER,US-160 & US-491,Towaoc                                  ,CO,810,3.45733333,"US-160 & US-491, Towaoc                                  , CO, USA","Towaoc, Colorado, United States",37.211302,-108.7234467
65332,BETTY ROSS TRUCK STOP /BP,US-130 & SR-73,Pennsauken,NJ,150,3.329,"US-130 & SR-73, Pennsauken, NJ, USA","Pennsauken Township, Camden County, New Jersey, 08110, United States",39.9562238,-75.0579502
65335,CONOCO,US-22,Phillipsburg,NJ,90,3.359,"US-22, Phillipsburg, NJ, USA","Northampton Street Bridge, Downtown, Phillipsburg, Warren County, New Jersey, 18042, United States",40.6914767,-75.2040374
65339,US GAS & DIESEL,US-46,Ridgefield,NJ,115,3.229,"US-46, Ridgefield, NJ, USA","US 46, Morsemere, Ridgefield, Bergen County, New Jersey, 97657, United States",40.8439712,-74.0072114
65345,SOUTH BRUNSWICK VALERO,US-130,North Brunswick                         ,NJ,115,3.16566666,"US-130, North Brunswick                         , NJ, USA","US 130, Red Lion, North Brunswick Township, Middlesex County, New Jersey, 08902, United States",40.4433703,-74.4714799
65360,Roswell #60,US-285,Roswell                                 ,NM,593,3.36566666,"US-285, Roswell                                 , NM, USA","Southeast Main Street, Roswell, Chaves County, New Mexico, 88203, United States",33.3660983,-104.5137964
65365,CHEVRON #381125,US-95,Hawthorne,NV,966,4.079,"US-95, Hawthorne, NV, USA","Veterans Memorial Highway, Hawthorne, Mineral County, Nevada, 89415, United States",38.5510454,-118.6572735
65377,PETROL 9 W,US-9W,Glenmont,NY,12,3.699,"US-9W, Glenmont, NY, USA","Route 9W, Bethlehem Center, Town of Bethlehem, Albany County, New York, 12158, United States",42.6095728,-73.7889571
65387,MAPLEFIELDS,SR-22 & SR-442,Peru,NY,235,3.799,"SR-22 & SR-442, Peru, NY, USA","Town of Peru, Clinton County, New York, United States",44.578486,-73.527031
65395,BELLSTORES #132,US-30 & SR-60,Ashland,OH,249,3.499,"US-30 & SR-60, Ashland, OH, USA","Ashland County, Ohio, United States",40.7887367,-82.2360391
65400,NORTHSIDE FUEL STOP,US-30 & SR-19,Bucyrus,OH,411,3.50733333,"US-30 & SR-19, Bucyrus, OH, USA","Bucyrus, Crawford County, Ohio, 44820, United States",40.8083909,-82.9754649
65411,CLARKS PUMP N SHOP #10,SR- 32,Jackson,OH,315,3.699,"SR- 32, Jackson, OH, USA","James A. Rhodes Appalachian Highway, Lick Township, Jackson County, Ohio, 45640, United States",39.0500088,-82.6011141
65415,SPEEDWAY #9314,US-20 & SR-21,Massillon,OH,249,3.48233333,"US-20 & SR-21, Massillon, OH, USA","Massillon, Stark County, Ohio, 44647, United States",40.7965119,-81.5231597
65426,CIRCLE K #4705357,US-23 & SR-316,Ashville,OH,315,3.089,"US-23 & SR-316, Ashville, OH, USA","Ashville, Harrison Township, Pickaway County, Ohio, United States",39.7156186,-82.9529584
65431,QUICK MART AND MORE,US-22 & SR-43,Steubenville,OH,573,3.639,"US-22 & SR-43, Steubenville, OH, USA","Steubenville, Jefferson County, Ohio, 43952, United States",40.3600714,-80.6151034
65441,HUTCH'S #103,SR-6 & SR-66,Elk City,OK,483,2.969,"SR-6 & SR-66, Elk City, OK, USA","Elk City, Beckham County, Oklahoma, United States",35.4140081,-99.4138648
65444,TXB #24 dba Kwik Chek Food Stores,US-70,Hugo,OK,253,2.969,"US-70, Hugo, OK, USA","US 70, Hugo, Choctaw County, Oklahoma, 74743, United States",33.997114,-95.473733
65445,QWIK CHEQUE,US-70 & SR-37,Idabel,OK,253,3.199,"US-70 & SR-37, Idabel, OK, USA","Idabel, McCurtain County, Oklahoma, United States",33.8956647,-94.8263281
65451,Petes #15,US-169 & SR-88,Oologah                                 ,OK,560,3.159,"US-169 & SR-88, Oologah                                 , OK, USA","Oologah, Rogers County, Oklahoma, United States",36.4470387,-95.7083151
65518,KWIK FILL #239,ST 51,Crescent                                ,PA,165,3.799,"ST 51, Crescent                                , PA, USA","Jordan Street, Wireton, Crescent Township, Allegheny County, Pennsylvania, 15081, United States",40.5693589,-80.2331055
65521,RUTTERS #17,US-15 & SR-234,East Berlin,PA,70,4.294,"US-15 & SR-234, East Berlin, PA, USA","East Berlin, Adams County, Pennsylvania, United States",39.937597,-76.9785892
65523,SAC SHOP #512,US-30,Everett                                 ,PA,14,4.099,"US-30, Everett                                 , PA, USA","Everett Bypass, Earlston, West Providence Township, Bedford County, Pennsylvania, 15537, United States",40.0215433,-78.3786289
65532,PILOT TRAVEL CENTERS #1,"I-80,  EXIT 173",Mill Hall,PA,14,4.01566666,"I-80,  EXIT 173, Mill Hall, PA, USA","No Exit Lane, Mill Hall, Clinton County, Pennsylvania, 17751, United States",41.112112,-77.49051
65533,LIBERTY EXXON,US-15 & SR-414,Liberty,PA,138,3.699,"US-15 & SR-414, Liberty, PA, USA","Liberty, Allegheny County, Pennsylvania, United States",40.3253474,-79.8561591
65537,SHEETZ #048,US-22,Nanty Glo,PA,14,3.51733333,"US-22, Nanty Glo, PA, USA","Nanty-Glo, Cambria County, Pennsylvania, 15943, United States",40.471514,-78.834566
65549,T&C MINI MART,SR-33 & SR-191,Stockertown,PA,90,3.699,"SR-33 & SR-191, Stockertown, PA, USA","Stockertown, Northampton County, Pennsylvania, 18083, United States",40.754456,-75.2615618
65552,A PLUS MINI MARKET,US-1 & SR-132,Feasterville Trevose                    ,PA,160,3.899,"US-1 & SR-132, Feasterville Trevose                    , PA, USA","Feasterville-Trevose, Lower Southampton Township, Bucks County, Pennsylvania, United States",40.1514065,-74.9886785
65556,RUTTERS #60,US-30 & SR-116,York,PA,70,4.249,"US-30 & SR-116, York, PA, USA","York, York County, Pennsylvania, 17401, United States",39.962493,-76.7276989
65573,SPEEDWAY/7fleet #4587,US-501,Aynor,SC,205,3.124,"US-501, Aynor, SC, USA","US 501, Aynor, Horry County, South Carolina, 29511, United States",34.0023341,-79.208375
65578,CIRCLE K #2723355,US-52,North Charleston,SC,42,3.399,"US-52, North Charleston, SC, USA","Meeting Street Road, Windsor Place, North Charleston, Charleston County, South Carolina, 29405, United States",32.8364452,-79.9593787
65587,HOT SPOT #2022,US-25/US-76,Honea Path,SC,30,2.909,"US-25/US-76, Honea Path, SC, USA","Princeton Highway, Honea Path, Anderson County, South Carolina, 29654, United States",34.4478951,-82.3805089
65588,SPEEDWAY #2836,US-17,Johns Island,SC,42,3.069,"US-17, Johns Island, SC, USA","Savannah Highway, Johns Island, Carolina Bay, Charleston, Charleston County, South Carolina, 29414, United States",32.8017516,-80.1028253
65598,LEES QUICK STOP,US-52 & SR-45,Saint Stephen,SC,42,3.41566666,"US-52 & SR-45, Saint Stephen, SC, USA","Saint Stephen, St. Stephen, Berkeley County, South Carolina, 29479, United States",33.4043339,-79.9217432
65614,281 TRAVEL CENTER,US-281,Wolsey,SD,571,3.089,"US-281, Wolsey, SD, USA","Commercial Avenue Southwest;Commercial Avenue Southeast, Wolsey, Wolsey Township, Beadle County, South Dakota, 57384, United States",44.4052669,-98.474981
65624,Sudden Service #61,SR-149 & SR-46,Cumberland City,TN,460,3.564,"SR-149 & SR-46, Cumberland City, TN, USA","Cumberland City, Stewart County, Middle Tennessee, Tennessee, 37050, United States",36.3933859,-87.6364056
65625,Chevron,US-64,Fayetteville,TN,460,3.754,"US-64, Fayetteville, TN, USA","Thornton Taylor Parkway, Madden Homes, Fayetteville, Lincoln County, Middle Tennessee, Tennessee, 37334, United States",35.1491118,-86.5591221
65641,ALLSUPS CONVENIENCE STORE #2331,I-20 & FM 600,Abilene,TX,575,2.87566666,"I-20 & FM 600, Abilene, TX, USA","Abilene, Taylor County, Texas, United States",32.44645,-99.7475905
65659,ALLSUPS CONVENIENCE STORE #2169,US-287,Chillicothe,TX,770,2.89566666,"US-287, Chillicothe, TX, USA","US 287, Chillicothe, Hardeman County, Texas, 79225, United States",34.2540252,-99.4965917
65667,ALLSUPS CONVENIENCE STORE #2103,US-287/US-81,Decatur,TX,630,2.899,"US-287/US-81, Decatur, TX, USA","South US Highway 287, Decatur, Wise County, Texas, 76234, United States",33.2297563,-97.5941993
65671,SUPER STOP #22,SR-87 & SR-12,Orange,TX,610,3.439,"SR-87 & SR-12, Orange, TX, USA","Orange County, Texas, United States",30.1228634,-93.9041169
65673,PILOT #894,US-57 & US-277,Eagle Pass,TX,693,3.899,"US-57 & US-277, Eagle Pass, TX, USA","Eagle Pass, Maverick County, Texas, 78852, United States",28.709211,-100.4992936
65674,VALLEY MART #09,US-277,Eagle Pass,TX,740,3.199,"US-277, Eagle Pass, TX, USA","East Main Street, Eagle Pass, Maverick County, Texas, 78852, United States",28.7087214,-100.4842921
65678,ONE9 #1300,US-287 & SR-34,Ennis,TX,630,2.869,"US-287 & SR-34, Ennis, TX, USA","Ennis, Ellis County, Texas, United States",32.3293111,-96.6252679
65683,ALLSUPS CONVENIENCE STORE #2225,US-60,Friona,TX,585,2.999,"US-60, Friona, TX, USA","West 11th Street, Friona, Parmer County, Texas, 79035, United States",34.6342881,-102.7385749
65690,CIRCLE G TRUCK STOP,US-183 & SR-97,Gonzales,TX,595,2.799,"US-183 & SR-97, Gonzales, TX, USA","Gonzales County, Texas, United States",29.4436555,-97.5108636
65721,Paradise RV & Truck Park,US-287/US-81,Alvord,TX,770,2.81566666,"US-287/US-81, Alvord, TX, USA","US 81;US 287, Alvord, Wise County, Texas, 76225, United States",33.3546786,-97.7034049
65724,STRIPES 7FLEET #42427,US-385 & SR-191,Odessa,TX,710,3.289,"US-385 & SR-191, Odessa, TX, USA","Odessa, Ector County, Texas, United States",31.8457149,-102.367687
65755,CIRCLE K #2723373,US-11 & SR-622,Atkins,VA,185,3.349,"US-11 & SR-622, Atkins, VA, USA","Atkins, Smyth County, Virginia, United States",36.8687315,-81.3944053
65759,XPRESS STOP,US-522 & SR-694,Cross Junction,VA,60,3.33233333,"US-522 & SR-694, Cross Junction, VA, USA","Cross Junction, Frederick County, Virginia, 22625, United States",39.3203785,-78.2933382
65761,NEW DIXIE MART #15,US-58 & SR-671,Franklin,VA,180,3.099,"US-58 & SR-671, Franklin, VA, USA","Franklin County, Virginia, United States",37.0527719,-79.8813093
65764,LEESBURG CITGO,US-15,Leesburg,VA,60,3.499,"US-15, Leesburg, VA, USA","Leesburg Bypass, Leesburg, Loudoun County, Virginia, 20176, United States",39.1090113,-77.539356
65765,FOSTERS CONVENIENCE STORE,US-29 & SR-685,Rustburg,VA,185,3.599,"US-29 & SR-685, Rustburg, VA, USA","Rustburg, Campbell County, Virginia, 24588, United States",37.2754135,-79.1090569
65767,STATELINE FOOD MART #69,US-23,Pound,VA,44,3.599,"US-23, Pound, VA, USA","Orby Cantrell Highway, Almira, Pound, Wise County, Virginia, 24293, United States",37.1356944,-82.6233616
65791,EDGAR TRAVEL CENTER,SR-29 & CR-H,Edgar,WI,395,3.559,"SR-29 & CR-H, Edgar, WI, USA","Edgar, Marathon County, Wisconsin, United States",44.922529,-89.9639464
65793,KWIK TRIP #921,SR-13 & SR-21,Friendship,WI,420,3.274,"SR-13 & SR-21, Friendship, WI, USA","Friendship, Adams County, Wisconsin, United States",43.9716638,-89.8161783
65800,BP,US-45,Kewaskum,WI,444,3.219,"US-45, Kewaskum, WI, USA","Fond du Lac Avenue, Kewaskum, Washington County, Wisconsin, 53040, United States",43.5177847,-88.2265126
65804,KWIK TRIP #628,US-45,Larsen,WI,582,3.43233333,"US-45, Larsen, WI, USA","Larsen, Town of Clayton, Winnebago County, Wisconsin, 54947, United States",44.1916501,-88.623999
65806,SHELL,US-41 & SR-67,Lomira,WI,444,3.389,"US-41 & SR-67, Lomira, WI, USA","Lomira, Dodge County, Wisconsin, United States",43.591382,-88.443713
65809,KWIK TRIP #399,SR-21 & SR-80,Necedah,WI,395,3.249,"SR-21 & SR-80, Necedah, WI, USA","Necedah, Juneau County, Wisconsin, United States",44.0254284,-90.07213
65812,PLAINFIELD PLAZA,SR-73 & I-39,Plainfield,WI,395,3.29066666,"SR-73 & I-39, Plainfield, WI, USA","Plainfield, Waushara County, Wisconsin, 54966, United States",44.2138646,-89.4923422
65814,Kracheys BP Truck Stop,US-18 & SR-35,Prairie Du Chien,WI,420,3.574,"US-18 & SR-35, Prairie Du Chien, WI, USA","Prairie du Chien, Crawford County, Wisconsin, 53821, United States",43.05194,-91.1409933
65817,TREGO TRAVEL CENTER,US-53 & CR-E,Trego,WI,545,3.58233333,"US-53 & CR-E, Trego, WI, USA","Town of Trego, Washburn County, Wisconsin, United States",45.9016772,-91.8249769
65822,RSTORE #4499,US-45 & SR-29,Wittenberg,WI,395,3.15566666,"US-45 & SR-29, Wittenberg, WI, USA","Town of Wittenberg, Shawano County, Wisconsin, United States",44.8088255,-89.1634511
65824,CHANEYS SERVICE STATION,US-30 & SR-2,Chester                                 ,WV,165,3.799,"US-30 & SR-2, Chester                                 , WV, USA","Chester, Grant District, Hancock County, West Virginia, 26034, United States",40.6131203,-80.5628478
65842,AM PM TRAVEL CENTER,US-1/SR-4,Blythe,GA,135,3.599,"US-1/SR-4, Blythe, GA, USA","Deans Bridge Road, Bath, Augusta, Richmond County, Georgia, 30805, United States",33.3181609,-82.190408
65848,Mobil,I-475,Flint,MI,342,3.199,"I-475, Flint, MI, USA","UAW Freeway, East Village Neighborhood, Flint, Genesee County, Michigan, 48502, United States",43.0226859,-83.6829611
65859,SPEEDWAY #6662,US-20 & SR-15,Bristol,IN,465,3.549,"US-20 & SR-15, Bristol, IN, USA","Bristol, Elkhart County, Indiana, 46507, United States",41.7214415,-85.8175361
65860,LOVES TRAVEL STOPS #283,"E I-30 & FM 549, EXIT 70",Rockwall,TX,630,3.049,"E I-30 & FM 549, EXIT 70, Rockwall, TX, USA","Trail Exit, Rockwall, Rockwall County, Texas, 78087, United States",32.9491659,-96.4680997
65860,LOVES TRAVEL STOP #283,"E I-30 & FM 549, EXIT 70",Rockwall,TX,630,3.109,"E I-30 & FM 549, EXIT 70, Rockwall, TX, USA","Trail Exit, Rockwall, Rockwall County, Texas, 78087, United States",32.9491659,-96.4680997
65863,VALERO,SR-31,Clinton,NJ,115,3.359,"SR-31, Clinton, NJ, USA","Family Deals USA, 635, South Clinton Avenue, Chambersburg, Trenton, Mercer County, New Jersey, 08611, United States",40.2101952,-74.7539329
65917,CUMBERLAND CORNER MART,SR-90 & US-127,Albany,KY,410,3.574,"SR-90 & US-127, Albany, KY, USA","Albany, Clinton County, Kentucky, 42602, United States",36.6917878,-85.1353856
65919,QUICK FUEL #5001,US-78/SR-4,Memphis,TN,435,3.02566666,"US-78/SR-4, Memphis, TN, USA","Dr. Martin Luther King Jr Avenue, Annesdale-Snowden, Downtown, Memphis, Shelby County, West Tennessee, Tennessee, 38163, United States",35.1346142,-90.0267904
65935,MAIN ST JUNCTION,SR-14 & SR-15,Louisville                              ,MS,705,3.099,"SR-14 & SR-15, Louisville                              , MS, USA","Louisville, Winston County, Mississippi, 39339, United States",33.1234879,-89.053243
65969,PILOT  #1105,SR-29 & SR-182,Bunkie,LA,730,3.21233333,"SR-29 & SR-182, Bunkie, LA, USA","Bunkie, Avoyelles Parish, Louisiana, United States",30.9528641,-92.1857892
65978,KWIK TRIP #623,US-61,Minnesota City,MN,515,3.399,"US-61, Minnesota City, MN, USA","Hiawatha Pioneer Trail/Disabled American Veterans Highway/Voyageur Highway, Minnesota City, Winona County, Minnesota, 55959, United States",44.0922075,-91.7538975
66014,BIG D TRAVEL CENTER,SR-12 & SR-183,Irving,TX,630,2.95566666,"SR-12 & SR-183, Irving, TX, USA","Irving, Dallas County, Texas, United States",32.8295183,-96.9442177
66031,WILCO FAST BREAK,US-61/US-24,Palmyra,MO,494,3.119,"US-61/US-24, Palmyra, MO, USA","Avenue of the Saints, Dodge City, Palmyra, Marion County, Missouri, 63461, United States",39.8041564,-91.5164499
66036,FLYING J TRAVEL PLAZA #602,"I-65, EXIT 264",Birmingham,AL,615,3.559,"I-65, EXIT 264, Birmingham, AL, USA","CHS Parking Exit, Anderson Place Historic District, Five Points South, Birmingham, Jefferson County, Alabama, 35025, United States",33.4958771,-86.7952449
66043,LOVES TRAVEL STOP #216,US-67 & US-287,Midlothian,TX,630,3.231,"US-67 & US-287, Midlothian, TX, USA","Midlothian, Ellis County, Texas, 76065, United States",32.482361,-96.9944489
66043,LOVES TRAVEL STOPS #216,US-67 & US-287,Midlothian,TX,630,3.199,"US-67 & US-287, Midlothian, TX, USA","Midlothian, Ellis County, Texas, 76065, United States",32.482361,-96.9944489
66051,Caseys #4419,I-165 EXIT 5,Bowling Green,KY,460,3.02566666,"I-165 EXIT 5, Bowling Green, KY, USA","I 165, Bowling Green, Warren County, Kentucky, United States",36.9550201,-86.4967329
66061,FLYING J TRAVEL PLAZA #709,"I-80, EXIT 173",Mill Hall,PA,14,4.01566666,"I-80, EXIT 173, Mill Hall, PA, USA","No Exit Lane, Mill Hall, Clinton County, Pennsylvania, 17751, United States",41.112112,-77.49051
66074,HEARTLAND XPRESS,US-67 & SR-M,Poplar Bluff,MO,275,3.199,"US-67 & SR-M, Poplar Bluff, MO, USA","Poplar Bluff, Butler County, Missouri, 63901, United States",36.7563166,-90.3944869
66090,ROAD RANGER #267,US-281,Pharr,TX,639,3.564,"US-281, Pharr, TX, USA","I 69C;US 281, Edinburg, Hidalgo County, Texas, 78539, United States",26.2476714,-98.175373
66091,KEYSVILLE SAV U TIME,US-360,Keysville                               ,VA,180,3.399,"US-360, Keysville                               , VA, USA","Keysville, Charlotte County, Virginia, 23947, United States",37.0404287,-78.4833277
66100,CIRCLE K #2723692,"I-26, EXIT 213",North Charleston,SC,42,3.399,"I-26, EXIT 213, North Charleston, SC, USA","Exit Trail, North Charleston, Berkeley County, South Carolina, 29445, United States",32.9914044,-80.0642301
66103,TERRIBLE HERBST #243,I-95 & SR-164,Searchlight,NV,910,3.83233333,"I-95 & SR-164, Searchlight, NV, USA","Searchlight, Searchlight Township, Searchlight, Clark County, Nevada, 89046, United States",35.481282,-114.9195834
66111,CROSSROADS EXPRESS,US-36 & US-83,Oberlin                                 ,KS,475,3.089,"US-36 & US-83, Oberlin                                 , KS, USA","Oberlin, Decatur County, Kansas, 67749, United States",39.818338,-100.528201
66136,CHOCTAW TRAVEL PLAZA #638,US-270 & US-59 & US-112,Poteau,OK,645,3.299,"US-270 & US-59 & US-112, Poteau, OK, USA","Poteau, LeFlore County, Oklahoma, United States",35.0568053,-94.6199966
66142,QUICK FUEL #5106,SR-589 & SR-580,Tampa,FL,225,3.49233333,"SR-589 & SR-580, Tampa, FL, USA","Tampa, Hillsborough County, Florida, United States",27.9449854,-82.4583107
66156,7-ELEVEN #36567,SR-6 & SR-21,Bryan,TX,670,3.144,"SR-6 & SR-21, Bryan, TX, USA","Bryan, Brazos County, Texas, United States",30.6743643,-96.3699632
66172,Timewise Food Store #163,"I-35, EXIT 8",Laredo                                  ,TX,693,2.93566666,"I-35, EXIT 8, Laredo                                  , TX, USA","Purple Heart Trail, Laredo, Webb County, Texas, United States",27.6817492,-99.4656831
66183,CHEVRON CURB STORE,SR-35 & SR-21,Forest                                  ,MS,705,3.569,"SR-35 & SR-21, Forest                                  , MS, USA","Forest, Scott County, Mississippi, United States",32.3645888,-89.4742348
66186,STRIPES #40813,US-281 & SR-285,Falfurrias,TX,625,3.08733333,"US-281 & SR-285, Falfurrias, TX, USA","Falfurrias, Brooks County, Texas, 78355, United States",27.2247328,-98.1462397
66203,PETRO-CANADA,TCH-16 & HWY-97,Prince George                           ,BC,850,4.50861664,"TCH-16 & HWY-97, Prince George                           , BC, USA","Prince George, Prince George County, Virginia, 23875, United States",37.2206237,-77.2878828
66203,PETRO-CANADA,TCH-16 & HWY-97,Prince George                           ,BC,850,4.546499,"TCH-16 & HWY-97, Prince George                           , BC, USA","Prince George, Prince George County, Virginia, 23875, United States",37.2206237,-77.2878828
66203,PETRO-CANADA,TCH-16 & HWY-97,Prince George                           ,BC,850,4.5076218,"TCH-16 & HWY-97, Prince George                           , BC, USA","Prince George, Prince George County, Virginia, 23875, United States",37.2206237,-77.2878828
66203,PETRO-CANADA,TCH-16 & HWY-97,Prince George                           ,BC,850,4.28677748,"TCH-16 & HWY-97, Prince George                           , BC, USA","Prince George, Prince George County, Virginia, 23875, United States",37.2206237,-77.2878828
66203,PETRO-CANADA,TCH-16 & HWY-97,Prince George                           ,BC,850,4.42735213,"TCH-16 & HWY-97, Prince George                           , BC, USA","Prince George, Prince George County, Virginia, 23875, United States",37.2206237,-77.2878828
66203,PETRO-CANADA,TCH-16 & HWY-97,Prince George                           ,BC,850,4.57373432,"TCH-16 & HWY-97, Prince George                           , BC, USA","Prince George, Prince George County, Virginia, 23875, United States",37.2206237,-77.2878828
66223,7-ELEVEN #36548,SR-83,Laredo,TX,693,2.999,"SR-83, Laredo, TX, USA","Murphy USA, Clark Boulevard, Laredo, Webb County, Texas, 78043, United States",27.5173665,-99.4499858
66241,PUMP & PANTRY #29,US-30,Central City,NE,330,3.33733333,"US-30, Central City, NE, USA","Highway 30, Heber, Central City, Merrick County, Nebraska, 68826, United States",41.116943,-97.98651
66243,CIRCLE K #4707000,SR-9,Baileyville,ME,170,3.899,"SR-9, Baileyville, ME, USA","Baileyville, Washington County, Maine, United States",45.1549515,-67.4050134
66250,SPEEDWAY #6973,US-1,Wake Forest,NC,177,2.949,"US-1, Wake Forest, NC, USA","Capital Boulevard, Wake Forest, Wake County, North Carolina, 27578, United States",35.9088083,-78.5545065
66252,CIRCLE K #4707023,US-1A,Holden,ME,170,3.73233333,"US-1A, Holden, ME, USA","Main Road, East Holden, Holden, Penobscot County, Maine, 04429, United States",44.7549054,-68.6730976
66255,CIRCLE K #4707217,US-2 & SR-16,Gorham,NH,170,3.75066666,"US-2 & SR-16, Gorham, NH, USA","Gorham, Coös County, New Hampshire, 03581, United States",44.3878621,-71.1729953
66285,QUIKTRIP #787,"I-675, EXIT 5",Ellenwood,GA,18,3.109,"I-675, EXIT 5, Ellenwood, GA, USA","Terrell Starr Parkway, Ellenwood Homes, Ellenwood, Clayton County, Georgia, 30294, United States",33.619874,-84.2974279
66299,XTRA MART #10093,SR-146,Millbury,MA,175,3.649,"SR-146, Millbury, MA, USA","Moline-Martin Road, Lindbergh Heights, Millbury, Lake Township, Wood County, Ohio, 43447, United States",41.5587913,-83.4396336
66301,KWIK TRIP #743,US-10 & SR-114,Menasha,WI,582,3.50733333,"US-10 & SR-114, Menasha, WI, USA","Menasha, Winnebago County, Wisconsin, 54952, United States",44.2022293,-88.4465361
66303,KWIK TRIP #787,US-51 & CR-JJ,Schofield,WI,395,3.41566666,"US-51 & CR-JJ, Schofield, WI, USA","Schofield, Marathon County, Wisconsin, United States",44.9096907,-89.6045659
66307,CM ST HELENA,SR-16,Amite,LA,600,3.399,"SR-16, Amite, LA, USA","West Oak Street, Amite City, Tangipahoa Parish, Louisiana, 70422, United States",30.7265725,-90.5222219
66316,CASEYS #4204,SR-168,Knoxville                               ,TN,405,3.259,"SR-168, Knoxville                               , TN, USA","West Governor John Sevier Highway, Knoxville, Knox County, East Tennessee, Tennessee, 37920, United States",35.8872895,-83.9439642
66319,ROAD RANGER #211,I-90 & RIVERSIDE BLVD,Loves Park,IL,520,3.469,"I-90 & RIVERSIDE BLVD, Loves Park, IL, USA","East Riverside Boulevard, Loves Park, Rockford, Rockford Township, Winnebago County, Illinois, 61111, United States",42.3184094,-89.013972
66339,PILOT DEALER #873,US-27,Miami,FL,176,3.699,"US-27, Miami, FL, USA","Northeast 36th Street, Midtown, Miami, Miami-Dade County, Florida, 33137, United States",25.810564,-80.1917965
66339,PILOT TRAVEL CENTERS #873,US-27,Miami,FL,176,3.699,"US-27, Miami, FL, USA","Northeast 36th Street, Midtown, Miami, Miami-Dade County, Florida, 33137, United States",25.810564,-80.1917965
66349,CIRCLE K #2741796,"I-40, EXIT 5",Little Rock,AR,695,3.36566666,"I-40, EXIT 5, Little Rock, AR, USA","I 40, North Little Rock, Hill Township, Pulaski County, Arkansas, 72177, United States",34.7782254,-92.2311978
66365,LIBERTY,US-202,Ringoes,NJ,230,3.399,"US-202, Ringoes, NJ, USA","US 202;NJ 31, Larisons Corners, Ringoes, East Amwell Township, Hunterdon County, New Jersey, 08551, United States",40.434064,-74.8602492
66370,SPEEDWAY #6979,US-301,Wilson,NC,177,3.129,"US-301, Wilson, NC, USA","Ward Boulevard, Washington Place, Farrior Park, Wilson, Wilson County, North Carolina, 27852, United States",35.7101603,-77.9030094
66374,BROOKSHIRE BROS #6111,US-259,Nacogdoches,TX,618,3.369,"US-259, Nacogdoches, TX, USA","US Highway 259, Redfield, Nacogdoches County, Texas, 75963, United States",31.6831778,-94.6671311
66383,TENAHA EXPRESS MART,US-96 & US-84,Tenaha,TX,618,3.299,"US-96 & US-84, Tenaha, TX, USA","Tenaha, Shelby County, Texas, United States",31.9437799,-94.2440865
66386,SPEEDWAY #4631,US-220,Bassett,VA,185,3.41566666,"US-220, Bassett, VA, USA","Bassett, Henry County, Virginia, 24055, United States",36.7593037,-79.9903195
66404,QUICK FUEL #5302,"I-635, EXIT 14",Garland,TX,637,3.08733333,"I-635, EXIT 14, Garland, TX, USA","Lyndon B Johnson Freeway, Garland, Dallas County, Texas, 75041, United States",32.8697533,-96.6702748
66407,CIRCLE K #2723668,SR-35,Fort Payne,AL,615,3.649,"SR-35, Fort Payne, AL, USA","Murphy USA, Glenn Boulevard Southwest, Fort Payne, DeKalb County, Alabama, 35968, United States",34.4389336,-85.7597175
66416,DUCK THRU FOOD STORE #18,US-13,Winton,NC,130,3.56233333,"US-13, Winton, NC, USA","Winton, Hertford County, North Carolina, 27986, United States",36.3957098,-76.9319035
66422,PLAQUEMINE TRUCK STOP,ST 1                          ,Plaquemine                              ,LA,600,3.999,"ST 1                          , Plaquemine                              , LA, USA","Plaquemine, Iberville Parish, Louisiana, 70764, United States",30.2840655,-91.2370772
66428,SHELL,US-167,Hensley,AR,695,3.589,"US-167, Hensley, AR, USA","Hensley, Big Rock Township, Pulaski County, Arkansas, 72180, United States",34.5053723,-92.2057037
66439,JACK FLASH,I-55,Farmersville                            ,IL,574,3.259,"I-55, Farmersville                            , IL, USA","I 55, Farmersville, Montgomery County, Illinois, 62533, United States",39.4623986,-89.6442207
66439,JACK FLASH,I-55,Farmersville                            ,IL,574,3.199,"I-55, Farmersville                            , IL, USA","I 55, Farmersville, Montgomery County, Illinois, 62533, United States",39.4623986,-89.6442207
66440,BP CONNECT #4701,I-55,Chicago,IL,290,3.569,"I-55, Chicago, IL, USA","Stevenson Expressway, Chinatown, Armour Square, Chicago, South Chicago Township, Cook County, Illinois, 60616, United States",41.8472593,-87.6308882
66451,EZ MART #304,M-57,Middleton                               ,MI,406,3.699,"M-57, Middleton                               , MI, USA","West Cleveland Road, Middleton, Fulton Township, Gratiot County, Michigan, 48856, United States",43.1761442,-84.6959869
66454,Fast Stop Shell,I-10,Reserve,LA,600,3.799,"I-10, Reserve, LA, USA","Reserve, St. John the Baptist Parish, Louisiana, 70084, United States",30.0823981,-90.5585162
66456,TEXACO #383124,SR-70,Saint James,LA,623,2.969,"SR-70, Saint James, LA, USA","State Route 44, White Hall, St. James Parish, Louisiana, 70723, United States",30.088394,-90.906018
66474,FAMCO EXPRESS,"I-690, EXIT 8",Syracuse,NY,235,3.299,"I-690, EXIT 8, Syracuse, NY, USA","I 690, Near Eastside, City of Syracuse, Onondaga County, New York, 13217, United States",43.0519393,-76.1266482
66475,SPEEDWAY #4346,SR-7,Calexico,CA,900,4.799,"SR-7, Calexico, CA, USA","Calexico, Imperial County, California, 92231, United States",32.6713154,-115.4927113
66488,HUCKS FOOD & FUEL #54,I-74,Farmer City                             ,IL,280,3.339,"I-74, Farmer City                             , IL, USA","I 74, Farmer City, DeWitt County, Illinois, 61842, United States",40.2606505,-88.6405021
66488,HUCKS FOOD & FUEL #54,I-74,Farmer City                             ,IL,280,3.269,"I-74, Farmer City                             , IL, USA","I 74, Farmer City, DeWitt County, Illinois, 61842, United States",40.2606505,-88.6405021
66507,ST IGNACE TRUCKSTOP,I-75,Saint Ignace                            ,MI,287,3.799,"I-75, Saint Ignace                            , MI, USA","I 75, Saint Ignace, Mackinac County, Michigan, 49781, United States",45.8611408,-84.7313718
66508,SAMS SUNOCO,I-75                          ,Toledo                                  ,OH,550,3.399,"I-75                          , Toledo                                  , OH, USA","I 75, Toledo, Lucas County, Ohio, 43601, United States",41.6179601,-83.5417096
66528,GO MART FOOD STORE #99,US-50 & SR-14,Parkersburg,WV,430,3.489,"US-50 & SR-14, Parkersburg, WV, USA","Parkersburg, Wood County, West Virginia, United States",39.2667309,-81.5620755
66531,MIDWAY EXXON TRAVEL CENTER,"I-78, EXIT 16",Bethel                                  ,PA,70,3.359,"I-78, EXIT 16, Bethel                                  , PA, USA","William Penn Highway, Bethel, Bethel Township, Berks County, Pennsylvania, 19507, United States",40.4764644,-76.2944401
66548,YESWAY #1156,US-84 & SR-289,Lubbock,TX,700,2.95066666,"US-84 & SR-289, Lubbock, TX, USA","Lubbock, Lubbock County, Texas, United States",33.5855677,-101.8470215
66552,GEM STOP,I-84,Marsing,ID,785,3.58566666,"I-84, Marsing, ID, USA","Marsing, Owyhee County, Idaho, United States",43.5454359,-116.8131958
66556,PILOT TRAVEL CENTER #899- SLIP IN,I-85,South Hill,VA,180,3.959,"I-85, South Hill, VA, USA","I 85, South Hill, Mecklenburg County, Virginia, 23950, United States",36.7082732,-78.1153784
66564,SPEEDWAY #6954,US-70,High Point,NC,65,3.049,"US-70, High Point, NC, USA","US 29, Springfield, High Point, Guilford County, North Carolina, 27260, United States",35.9349283,-79.9915706
66573,Brake Time Corner Market,"I-135, EXIT 14",Wichita,KS,570,3.299,"I-135, EXIT 14, Wichita, KS, USA","I 135;US 81, Wichita, Sedgwick County, Kansas, 67216, United States",37.6280073,-97.3188386
66586,CIRCLE K #4707609,US-20 & SR-12,Sangerfield,NY,235,4.099,"US-20 & SR-12, Sangerfield, NY, USA","Town of Sangerfield, Oneida County, New York, United States",42.9139589,-75.3790591
66598,WOODSHED LL,I-166 & I-169,S Coffeyville,OK,307,3.099,"I-166 & I-169, S Coffeyville, OK, USA","South Coffeyville, Nowata County, Oklahoma, United States",36.9945248,-95.6202552
66607,7-ELEVEN #37392,"I-93, EXIT 5",Londonderry,NH,34,3.799,"I-93, EXIT 5, Londonderry, NH, USA","Alan B Shepard Highway, Wilson, Londonderry, Rockingham County, New Hampshire, 03109, United States",42.9347927,-71.3830446
66618,CIRCLE K #2723378,I-95,Sumter,SC,42,3.159,"I-95, Sumter, SC, USA","I 95, Sumter County, South Carolina, 29080, United States",33.9538831,-80.0513938
66631,SPEEDWAY #3589,I-96,Lake Odessa,MI,342,3.599,"I-96, Lake Odessa, MI, USA","Lake Odessa, Ionia County, Michigan, 48849, United States",42.7847564,-85.1383367
66632,SHELL FOOD MART AND TRUCKSTOP,I-985,Gainesville,GA,16,3.399,"I-985, Gainesville, GA, USA","Lanier Parkway, Gainesville, Hall County, Georgia, 30504, United States",34.2402502,-83.8398107
66635,C  BARN,US-67,Park Hills,MO,540,3.049,"US-67, Park Hills, MO, USA","US 67, Park Hills, Saint Francois County, Missouri, 63601, United States",37.8621814,-90.4904317
66637,BERKLYS TRAVEL CENTER,US-281,Round Mountain,TX,595,3.31566666,"US-281, Round Mountain, TX, USA","North US Highway 281, Round Mountain, Blanco County, Texas, United States",30.4081988,-98.3543921
66649,CHOCTAW TRAVEL PLAZA #637,US-59 & CR-E1452,Heavener,OK,645,3.299,"US-59 & CR-E1452, Heavener, OK, USA","County Road E1452, Heavener, LeFlore County, Oklahoma, 74937, United States",34.9093006,-94.6091394
66659,MARATHON,SR-37,Mitchell                                ,IN,415,3.599,"SR-37, Mitchell                                , IN, USA","SR 37;SR 60, Mitchell, Lawrence County, Indiana, 47446, United States",38.7271913,-86.4834326
66669,CIRCLE K #2726032,I-40,Jacksonville,FL,75,3.429,"I-40, Jacksonville, FL, USA","Jacksonville, Duval County, Florida, United States",30.3262247,-81.6579179
66671,CIRCLE K #2723686,US-72,Scottsboro,AL,285,3.26566666,"US-72, Scottsboro, AL, USA","John T Reid Parkway, Scottsboro, Jackson County, Alabama, 35768, United States",34.6866858,-85.9942566
66673,MARATHON,SR-72,Huntsville,AL,615,2.979,"SR-72, Huntsville, AL, USA","US 72 Alternate;SR 20, Huntsville, Limestone County, Alabama, 35649, United States",34.629025,-86.8955797
66678,NKS ROYAL TRUCKSTOP,"I-40, EXIT 16",Gallup,NM,580,3.119,"I-40, EXIT 16, Gallup, NM, USA","I 40, Gallup, McKinley County, New Mexico, United States",35.5088779,-108.8276001
66725,SPEEDWAY #9662,I-264,Louisville,KY,415,3.029,"I-264, Louisville, KY, USA","Henry Watterson Expressway, Louisville-Jefferson County (Balance), Louisville, Jefferson County, Kentucky, 40231, United States",38.2003375,-85.6976704
66737,THE JUNCTION,US-59 & US-73,Atchison,KS,400,3.279,"US-59 & US-73, Atchison, KS, USA","Atchison County, Kansas, United States",39.545816,-95.3326052
66738,TREX MART #9,I-29,Dearborn                                ,MO,400,2.999,"I-29, Dearborn                                , MO, USA","Dearborn, Platte County, Missouri, 64439, United States",39.5219411,-94.7699608
66739,ZIP TRIP #64,I-29,Brookings                               ,SD,530,3.399,"I-29, Brookings                               , SD, USA","I 29, Brookings, Aurora Township, Brookings County, South Dakota, 57007, United States",44.3127991,-96.758367
66741,DEANS LANE VALERO,I-295,Monmouth Junction,NJ,230,3.14566666,"I-295, Monmouth Junction, NJ, USA","Monmouth Junction, South Brunswick, Middlesex County, New Jersey, 08852, United States",40.3789957,-74.5465436
66750,LOVES TRAVEL STOP #177,I-35,El Dorado,KS,336,3.25566666,"I-35, El Dorado, KS, USA","El Dorado, Butler County, Kansas, 67042, United States",37.8173015,-96.8537388
66761,SPEEDWAY #4589,US-501 & SR-90,Conway,SC,205,3.064,"US-501 & SR-90, Conway, SC, USA","Conway, Horry County, South Carolina, United States",33.8360035,-79.0478143
66763,SPEEDWAY #7998,US-52 & US-74,Wadesboro,NC,46,3.64566666,"US-52 & US-74, Wadesboro, NC, USA","Wadesboro, Anson County, North Carolina, 28170, United States",34.9681767,-80.07674
66765,STRIPES #40736,US-77/US-83,Olmito,TX,598,2.999,"US-77/US-83, Olmito, TX, USA","Old US Highway 77, Olmito, Cameron County, Texas, 78575, United States",26.0113442,-97.5311904
66773,STRIPES 7FLEET #42475,US-62,Hobbs,NM,700,3.459,"US-62, Hobbs, NM, USA","South Marland Boulevard, Hobbs, Lea County, New Mexico, 88214, United States",32.6986125,-103.1235231
66775,GO MART,US-33 & CR-116,Rockbridge,OH,315,3.499,"US-33 & CR-116, Rockbridge, OH, USA","Rockbridge, Good Hope Township, Hocking County, Ohio, 43149, United States",39.5797876,-82.5221027
66776,S&G #77,US-224 & US-23,Alvada,OH,411,3.259,"US-224 & US-23, Alvada, OH, USA","Alvada, Big Spring Township, Seneca County, Ohio, 44802, United States",41.0503322,-83.4018693
66796,ROYAL FARMS #109,US-13 & SR-404,Bridgeville,DE,243,3.259,"US-13 & SR-404, Bridgeville, DE, USA","Bridgeville, Sussex County, Delaware, United States",38.7427231,-75.6032026
66800,CIRCLE K #2743950,I-35,San Antonio,TX,740,2.804,"I-35, San Antonio, TX, USA","South Pan Am Expressway, Avenida Guadalupe, San Antonio, Bexar County, Texas, 78205, United States",29.4218116,-98.5017844
66802,MOBIL,US-27 & SR-66,Sebring                                 ,FL,140,3.459,"US-27 & SR-66, Sebring                                 , FL, USA","Sebring, Highlands County, Florida, United States",27.4957453,-81.4410425
66805,CIRCLE K #2723553,US-27,Ringgold,GA,285,3.07566666,"US-27, Ringgold, GA, USA","Ringgold, Catoosa County, Georgia, United States",34.91591,-85.1091173
66809,CASEYS #3449,SR-78,Wapello,IA,380,3.349,"SR-78, Wapello, IA, USA","JBS USA Pork, 600, South Iowa Avenue, Ottumwa, Wapello County, Iowa, 52501, United States",41.0029892,-92.3946263
66815,MAXS #132,US-641 N,Murray,KY,490,3.399,"US-641 N, Murray, KY, USA","US 641, Murray, Calloway County, Kentucky, 42071, United States",36.5859475,-88.3149959
66817,JOLLY TRUCK STOP,US-82/US-287,Wichita Falls,TX,770,2.899,"US-82/US-287, Wichita Falls, TX, USA","Kell Freeway, Wichita Falls, Wichita County, Texas, 76309, United States",33.883468,-98.5346371
66822,WILD BILL'S,I-78,Sherman                                 ,MS,435,2.919,"I-78, Sherman                                 , MS, USA","Sherman, Pontotoc County, Mississippi, 38869, United States",34.3592707,-88.8411688
66824,STRIPES #42435,US-87/US-277,San Angelo,TX,740,2.799,"US-87/US-277, San Angelo, TX, USA","South Bryant Boulevard, San Angelo, Tom Green County, Texas, 76908, United States",31.4089713,-100.4379683
66833,STRIPES #5148,US-281,Pharr,TX,639,3.399,"US-281, Pharr, TX, USA","I 69C;US 281, Edinburg, Hidalgo County, Texas, 78539, United States",26.2476714,-98.175373
66838,RUTTERS #96,US-322 & SR-655,Milroy,PA,14,4.05066666,"US-322 & SR-655, Milroy, PA, USA","Milroy, Mount Pleasant, Milroy, Armagh Township, Mifflin County, Pennsylvania, United States",40.7162115,-77.5892193
66846,CIRCLE K #2723664,US-280,Childersburg,AL,615,3.899,"US-280, Childersburg, AL, USA","US 231;US 280;AL 76, Pinewood Terrace, Childersburg, Talladega County, Alabama, 35044, United States",33.278415,-86.3599849
66850,Stripes,ST 77,Riviera,TX,625,3.12566666,"ST 77, Riviera, TX, USA","Riviera, Kleberg County, Texas, 78379, United States",27.2987386,-97.8143004
66853,LOVES TRAVEL STOP #327,US-77 & FM-1898,Kingsville,TX,625,3.15566666,"US-77 & FM-1898, Kingsville, TX, USA","East Corral Avenue, Kingsville, Kleberg County, Texas, 78363, United States",27.5306787,-97.8538386
66868,STRIPES #40604,US-83,Mission,TX,639,2.88233333,"US-83, Mission, TX, USA","Texas Vietnam Veterans Memorial Highway, McAllen, Hidalgo County, Texas, 78051, United States",26.1960867,-98.2759043
66869,SPEEDWAY #4630,US-220 BUS & CR-782,Ridgeway,VA,185,3.409,"US-220 BUS & CR-782, Ridgeway, VA, USA","Ridgeway, Henry County, Virginia, United States",36.5768047,-79.8583721
66877,PILOT TRAVEL CENTER #916- TOWN PUMP,US-93 & US-12,Lolo,MT,820,3.609,"US-93 & US-12, Lolo, MT, USA","Lolo, Missoula County, Montana, United States",46.775174,-114.0975691
66890,CASEYS #4223,US-25E,Middlesboro,KY,405,3.489,"US-25E, Middlesboro, KY, USA","12th Street, Middlesboro, Bell County, Kentucky, 40864, United States",36.6080253,-83.7016842
66893,ONE9 #1291,US-287 & CR-174,Bowie,TX,770,2.91233333,"US-287 & CR-174, Bowie, TX, USA","Bowie County, Texas, United States",33.4198886,-94.4479626
66894,PILOT TRAVEL CENTERS #259,US-69,Muskogee,OK,560,3.32233333,"US-69, Muskogee, OK, USA","South 32nd Street, Muskogee, Muskogee County, Oklahoma, 74402, United States",35.7194592,-95.4026149
66902,CIRCLE K #4707239,SR-103,Warner,NH,170,3.93233333,"SR-103, Warner, NH, USA","State Route 103, Dimond, Warner, Merrimack County, New Hampshire, 03078, United States",43.2457955,-71.754023
66905,CIRCLE K #4707212,SR-27,Raymond,NH,170,3.759,"SR-27, Raymond, NH, USA","State Route 27, Raymond, Rockingham County, New Hampshire, 03077, United States",43.0602761,-71.2220732
66932,CIRCLE K #4701444,US-34 & SR-164,Monmouth,IL,345,3.449,"US-34 & SR-164, Monmouth, IL, USA","Monmouth, Warren County, Illinois, 61462, United States",40.9127103,-90.6472477
66932,CIRCLE K #4701444,US-34 & SR-164,Monmouth,IL,345,3.399,"US-34 & SR-164, Monmouth, IL, USA","Monmouth, Warren County, Illinois, 61462, United States",40.9127103,-90.6472477
66939,KWIK TRIP #416,SR-172 & CR-GV,De Pere,WI,582,3.39066666,"SR-172 & CR-GV, De Pere, WI, USA","De Pere, Brown County, Wisconsin, 54344, United States",44.4493584,-88.0599986
66951,BERKLYS TRAVEL CENTER #3,US-377/US-87,Brady,TX,575,3.61566666,"US-377/US-87, Brady, TX, USA","US 87;US 377, Brady, McCulloch County, Texas, 76825, United States",31.100455,-99.3297186
66953,LOVES TRAVEL STOP #355,"I-65, EXIT 16",Memphis,IN,415,3.949,"I-65, EXIT 16, Memphis, IN, USA","I 65, Memphis, Clark County, Indiana, 47143, United States",38.4656217,-85.7702806
66964,PILOT TRAVEL CENTERS #239,US-30/US-23,Upper Sandusky,OH,411,3.899,"US-30/US-23, Upper Sandusky, OH, USA","US 23;US 30, Upper Sandusky, Crane Township, Wyandot County, Ohio, 43351, United States",40.8581283,-83.2802917
66968,FLYING J TRAVEL PLAZA #675,US-136 & SR-27,Wayland,MO,345,3.30566666,"US-136 & SR-27, Wayland, MO, USA","Wayland, Clark County, Missouri, 63472, United States",40.3944871,-91.5832149
66988,FLYING J CARDLOCK #821,HWY-3 & HWY-4,Lethbridge,AB,50,4.62102914,"HWY-3 & HWY-4, Lethbridge, AB, USA","Lethbridge Reserve, Stoney Hill, Copley, Copley Township, Summit County, Ohio, United States",41.1341898,-81.6623061
66988,FLYING J CARDLOCK #821,HWY-3 & HWY-4,Lethbridge,AB,50,4.63022827,"HWY-3 & HWY-4, Lethbridge, AB, USA","Lethbridge Reserve, Stoney Hill, Copley, Copley Township, Summit County, Ohio, United States",41.1341898,-81.6623061
66988,FLYING J CARDLOCK #821,HWY-3 & HWY-4,Lethbridge,AB,50,4.61898985,"HWY-3 & HWY-4, Lethbridge, AB, USA","Lethbridge Reserve, Stoney Hill, Copley, Copley Township, Summit County, Ohio, United States",41.1341898,-81.6623061
66988,FLYING J CARDLOCK #821,HWY-3 & HWY-4,Lethbridge,AB,50,4.6295456,"HWY-3 & HWY-4, Lethbridge, AB, USA","Lethbridge Reserve, Stoney Hill, Copley, Copley Township, Summit County, Ohio, United States",41.1341898,-81.6623061
66988,FLYING J CARDLOCK #821,HWY-3 & HWY-4,Lethbridge,AB,50,4.62238967,"HWY-3 & HWY-4, Lethbridge, AB, USA","Lethbridge Reserve, Stoney Hill, Copley, Copley Township, Summit County, Ohio, United States",41.1341898,-81.6623061
66988,FLYING J CARDLOCK #821,HWY-3 & HWY-4,Lethbridge,AB,50,4.62000927,"HWY-3 & HWY-4, Lethbridge, AB, USA","Lethbridge Reserve, Stoney Hill, Copley, Copley Township, Summit County, Ohio, United States",41.1341898,-81.6623061
66993,PILOT TRAVEL CENTERS #198,US-30 & US-31,Plymouth,IN,465,3.869,"US-30 & US-31, Plymouth, IN, USA","Plymouth, Marshall County, Indiana, 46563, United States",41.3436555,-86.3097278
66993,PILOT TRAVEL CENTER #198,US-30 & US-31,Plymouth,IN,465,3.859,"US-30 & US-31, Plymouth, IN, USA","Plymouth, Marshall County, Indiana, 46563, United States",41.3436555,-86.3097278
67030,LOVES TRAVEL STOP #337,"I-90 & I-35, EXIT 11",Albert Lea,MN,515,4.089,"I-90 & I-35, EXIT 11, Albert Lea, MN, USA","Albert Lea, Freeborn County, Minnesota, 56007, United States",43.6480127,-93.3682656
67054,LOVES TRAVEL STOPS #436,"I-80, EXIT 118",Salt Lake City,UT,835,3.649,"I-80, EXIT 118, Salt Lake City, UT, USA","Exit Stair 16, Westpointe, Salt Lake City, Salt Lake County, Utah, 84122, United States",40.7852836,-111.9889503
67054,LOVES TRAVEL STOP #436,"I-80, EXIT 118",Salt Lake City,UT,835,3.777,"I-80, EXIT 118, Salt Lake City, UT, USA","Exit Stair 16, Westpointe, Salt Lake City, Salt Lake County, Utah, 84122, United States",40.7852836,-111.9889503
67055,FLYING J TRAVEL PLAZA #641,I-15,Mccammon,ID,825,3.749,"I-15, Mccammon, ID, USA","McCammon, Bannock County, Idaho, 83250, United States",42.6504719,-112.193022
67056,Arco,US-2 & US-59,Erskine,MN,355,3.399,"US-2 & US-59, Erskine, MN, USA","Erskine, Polk County, Minnesota, United States",47.6669831,-96.0099602
67075,CM FOREST GOLD,SR-16,Amite,LA,600,3.399,"SR-16, Amite, LA, USA","West Oak Street, Amite City, Tangipahoa Parish, Louisiana, 70422, United States",30.7265725,-90.5222219
67077,CASH MAGIC BROUSSARD SOUTH,US-90,Broussard,LA,600,3.399,"US-90, Broussard, LA, USA","US 90, Broussard, Lafayette Parish, Louisiana, 70518, United States",30.1232842,-91.9438883
67092,SPEEDWAY #8288,US-64 & SR-149,Plymouth,NC,177,3.20733333,"US-64 & SR-149, Plymouth, NC, USA","Plymouth, Washington County, North Carolina, 27962, United States",35.8668281,-76.7485555
67095,SPEEDWAY #8297,US-17 & US-17 BYP,Chocowinity,NC,205,3.13233333,"US-17 & US-17 BYP, Chocowinity, NC, USA","Chocowinity, Beaufort County, North Carolina, United States",35.5125955,-77.1009232
67096,SPEEDWAY #6997,I-95/US-301,Fayetteville,NC,63,3.39566666,"I-95/US-301, Fayetteville, NC, USA","South Eastern Boulevard, East Fayetteville, Fayetteville, Cumberland County, North Carolina, 28301, United States",35.0443561,-78.8657392
67107,SPEEDWAY/7fleet #4595,US-501 & SR-544,Conway,SC,205,3.089,"US-501 & SR-544, Conway, SC, USA","Conway, Horry County, South Carolina, United States",33.8360035,-79.0478143
67117,MCCLURE OIL #65,US-31 & SR-38,Cicero                                  ,IN,375,3.889,"US-31 & SR-38, Cicero                                  , IN, USA","Cicero, Hamilton County, Indiana, 46034, United States",40.1323222,-86.0137897
67118,ABELS QUIK SHOP #20,US-36 & CR-437,Hannibal,MO,540,3.06566666,"US-36 & CR-437, Hannibal, MO, USA","Hannibal, Marion County, Missouri, 63401, United States",39.7082498,-91.3587413
67119,EASTWAY TRUCKSTOP,SR-80,Somerset,KY,410,3.599,"SR-80, Somerset, KY, USA","Murphy USA, Sam Walton drive, Somerset, Pulaski County, Kentucky, 42533, United States",37.0674946,-84.6214798
67138,Kum N Go #0561,US-65 & SR-744,Springfield,MO,535,2.899,"US-65 & SR-744, Springfield, MO, USA","Springfield, Greene County, Missouri, United States",37.2081729,-93.2922715
67143,ALL AMERICAN STORES #7,US-30,Fort Wayne,IN,370,3.559,"US-30, Fort Wayne, IN, USA","I 69;US 24;US 30, Fort Wayne, Allen County, Indiana, 46825, United States",41.1519929,-85.1132136
67149,HOOPS TRAVEL CENTER,I-39 & SR-21,Coloma,WI,395,3.18233333,"I-39 & SR-21, Coloma, WI, USA","Coloma, Waushara County, Wisconsin, United States",44.0344373,-89.5223925
67166,Circle K #4705726,US-33,Carroll,OH,315,3.24566666,"US-33, Carroll, OH, USA","Columbus-Lancaster Road Northwest, Carroll, Bloom Township, Fairfield County, Ohio, 43112, United States",39.8087812,-82.7130063
67175,KWIK STAR #428,SR-9,Cresco,IA,515,3.524,"SR-9, Cresco, IA, USA","Cresco, Vernon Springs Township, Howard County, Iowa, 52136, United States",43.3736148,-92.1161444
67178,KWIK STAR #701,US-63,Denver,IA,565,3.499,"US-63, Denver, IA, USA","Larrabee Avenue, Denver, Bremer County, Iowa, 50622, United States",42.6619968,-92.3398939
67182,KWIK STAR #817,US-52 & SR-24,Calmar,IA,565,3.579,"US-52 & SR-24, Calmar, IA, USA","Calmar, Calmar Township, Winneshiek County, Iowa, United States",43.1828024,-91.86481
67186,KWIK TRIP #424,SR-15 & CR-26,Fairmont,MN,425,3.399,"SR-15 & CR-26, Fairmont, MN, USA","Fairmont, Martin County, Minnesota, 56031, United States",43.6521775,-94.4610832
67192,KWIK TRIP #464,US-63,Rochester,MN,515,3.54066666,"US-63, Rochester, MN, USA","Broadway Avenue North, Rochester, Olmsted County, Minnesota, 55903, United States",44.0472668,-92.4564583
67193,KWIK TRIP #609,SR-16 & SR-43,Rushford,MN,515,3.499,"SR-16 & SR-43, Rushford, MN, USA","Rushford, Fillmore County, Minnesota, 55971, United States",43.8082606,-91.7531265
67195,KWIK TRIP #646,US-169 & CR-53,Blue Earth,MN,425,3.324,"US-169 & CR-53, Blue Earth, MN, USA","Blue Earth County, Minnesota, United States",44.0109722,-94.0560643
67196,KWIK TRIP #753,US-14 & SR-42,Eyota,MN,515,3.61566666,"US-14 & SR-42, Eyota, MN, USA","Eyota, Olmsted County, Minnesota, United States",43.9887507,-92.2292396
67200,KWIK TRIP #319,SR-13,Spencer,WI,395,3.47566666,"SR-13, Spencer, WI, USA","Spencer, Marathon County, Wisconsin, 54479, United States",44.7574876,-90.2987071
67202,KWIK TRIP #328,US-53 & SR-95,Blair,WI,295,3.23733333,"US-53 & SR-95, Blair, WI, USA","Blair, Trempealeau County, Wisconsin, 54616, United States",44.2946235,-91.2338433
67206,KWIK TRIP #352,US-53,Chippewa Falls,WI,295,3.40733333,"US-53, Chippewa Falls, WI, USA","US 53, Chippewa Falls, Town of Wheaton, Chippewa County, Wisconsin, 54729, United States",44.9439504,-91.4269238
67208,KWIK TRIP #363,US-14 & CR-O,Richland Center,WI,420,3.389,"US-14 & CR-O, Richland Center, WI, USA","Richland Center, Richland County, Wisconsin, 53581, United States",43.3355298,-90.3854141
67219,KWIK TRIP #455,US-8 & SR-27,Ladysmith,WI,295,3.27233333,"US-8 & SR-27, Ladysmith, WI, USA","Ladysmith, Rusk County, Wisconsin, 54848, United States",45.4642517,-91.1008637
67226,KWIK TRIP #494,US-53 & SR-35,Onalaska,WI,515,3.33566666,"US-53 & SR-35, Onalaska, WI, USA","Onalaska, La Crosse County, Wisconsin, United States",43.8830606,-91.2343539
67229,KWIK TRIP #740,SR-15,Hortonville,WI,582,3.509,"SR-15, Hortonville, WI, USA","Hortonville, Outagamie County, Wisconsin, 54944, United States",44.3350374,-88.639343
67233,KWIK TRIP #807,US-10,Brillion,WI,582,3.36566666,"US-10, Brillion, WI, USA","US Highway 10, Town of Brillion, Calumet County, Wisconsin, 54110, United States",44.1823687,-88.0497285
67235,FLYING J TRAVEL PLAZA #507,I-35,Jarrell,TX,765,3.22066666,"I-35, Jarrell, TX, USA","I 35, Jarrell, Williamson County, Texas, 76537, United States",30.8345928,-97.5996405
67237,OUTPOST TRAVEL CENTER,US-79 & CR-111,Minden,LA,745,3.13233333,"US-79 & CR-111, Minden, LA, USA","Minden, Webster Parish, Louisiana, 71055, United States",32.6154278,-93.2868354
67239,RELAY STATION,SR-1,Shreveport,LA,745,3.13233333,"SR-1, Shreveport, LA, USA","Shreveport, Caddo Parish, Louisiana, United States",32.5135356,-93.7477839
67241,RELAY STATION 3,SR-175,Frierson,LA,745,3.259,"SR-175, Frierson, LA, USA","State Route 175, Frierson, DeSoto Parish, Louisiana, 71027, United States",32.2444827,-93.6911289
67245,SPEEDWAY #4582,US-378,Conway,SC,205,3.089,"US-378, Conway, SC, USA","Wright Boulevard, Racepath, Conway, Horry County, South Carolina, 29562, United States",33.831426,-79.0554556
67246,SPEEDWAY #7941,US-17 & SR-24,Jacksonville,NC,245,3.32566666,"US-17 & SR-24, Jacksonville, NC, USA","Jacksonville, Onslow County, North Carolina, United States",34.7509962,-77.4309829
67264,CIRCLE K #4707016,US-1,Princeton,ME,170,3.88233333,"US-1, Princeton, ME, USA","Route 1, Princeton, Washington County, Maine, 04668, United States",45.2189617,-67.5621009
67265,CIRCLE K #4707048,US-2,Lincoln,ME,170,3.73233333,"US-2, Lincoln, ME, USA","West Broadway, South Lincoln, Lincoln, Penobscot County, Maine, 04457, United States",45.3451127,-68.5567173
67271,KWIK TRIP #330,US-169 & SR-25,Belle Plaine,MN,451,3.379,"US-169 & SR-25, Belle Plaine, MN, USA","Belle Plaine, Scott County, Minnesota, 56011, United States",44.622741,-93.7685729
67272,PILOT TRAVEL CENTER #922- TOWN PUMP,US-2 & SR-40,Columbia Falls                          ,MT,820,3.649,"US-2 & SR-40, Columbia Falls                          , MT, USA","Columbia Falls, Flathead County, Montana, 59912, United States",48.3697168,-114.191582
67275,KWIK TRIP #481,US-61,Red Wing                                ,MN,451,3.324,"US-61, Red Wing                                , MN, USA","Route 61/Route 63, Red Wing, Goodhue County, Minnesota, 55066, United States",44.5607247,-92.4945086
67298,SPEEDWAY #5360,US-42,London,OH,315,3.099,"US-42, London, OH, USA","Lafayette Road, London, Madison County, Ohio, 43140, United States",39.8941238,-83.4417624
67308,FUEL STAR,SR-48,New Orleans,LA,619,3.279,"SR-48, New Orleans, LA, USA","Sister Street, Holy Cross, Lower Ninth Ward, New Orleans, Orleans Parish, Louisiana, 70117, United States",29.9615712,-90.0270701
67311,HOLIDAY STATIONSTORE #2746409,US-53 & CR-13,Duluth,MN,334,3.499,"US-53 & CR-13, Duluth, MN, USA","Duluth, Saint Louis County, Minnesota, United States",46.7838287,-92.1052679
67313,Majors 660 Diboll Truck Plaza,US-59,Diboll                                  ,TX,610,2.83233333,"US-59, Diboll                                  , TX, USA","Diboll Relief Route, Diboll, Angelina County, Texas, 75941, United States",31.1728328,-94.7715093
67316,LOVES TRAVEL STOP #302,US-287 & US-412,Boise City,OK,585,3.40233333,"US-287 & US-412, Boise City, OK, USA","Boise City, Cimarron County, Oklahoma, 73933, United States",36.7297888,-102.513132
67328,FLYING J #792,TCH 1 & HWY-542,Brooks                                  ,AB,50,4.7303579,"TCH 1 & HWY-542, Brooks                                  , AB, USA","Brooks, San Antonio, Bexar County, Texas, 78235, United States",29.34514,-98.4433576
67328,FLYING J #792,TCH 1 & HWY-542,Brooks                                  ,AB,50,4.74116815,"TCH 1 & HWY-542, Brooks                                  , AB, USA","Brooks, San Antonio, Bexar County, Texas, 78235, United States",29.34514,-98.4433576
67328,FLYING J #792,TCH 1 & HWY-542,Brooks                                  ,AB,50,4.74186729,"TCH 1 & HWY-542, Brooks                                  , AB, USA","Brooks, San Antonio, Bexar County, Texas, 78235, United States",29.34514,-98.4433576
67328,FLYING J #792,TCH 1 & HWY-542,Brooks                                  ,AB,50,4.73383969,"TCH 1 & HWY-542, Brooks                                  , AB, USA","Brooks, San Antonio, Bexar County, Texas, 78235, United States",29.34514,-98.4433576
67328,FLYING J #792,TCH 1 & HWY-542,Brooks                                  ,AB,50,4.73244636,"TCH 1 & HWY-542, Brooks                                  , AB, USA","Brooks, San Antonio, Bexar County, Texas, 78235, United States",29.34514,-98.4433576
67328,FLYING J #792,TCH 1 & HWY-542,Brooks                                  ,AB,50,4.7314019,"TCH 1 & HWY-542, Brooks                                  , AB, USA","Brooks, San Antonio, Bexar County, Texas, 78235, United States",29.34514,-98.4433576
67334,KWIK TRIP #338,US-51,Plover,WI,395,3.299,"US-51, Plover, WI, USA","I 39;US 51, West Bancroft, Bancroft, Town of Pine Grove, Portage County, Wisconsin, 54921, United States",44.3322112,-89.5233481
67338,HUTCH'S #114,US-81,Enid,OK,337,2.999,"US-81, Enid, OK, USA","North Van Buren Bypass, Enid, Garfield County, Oklahoma, 73701, United States",36.4342345,-97.8864187
67343,EAGLE EXPRESS,US-41,Peshtigo,WI,360,3.399,"US-41, Peshtigo, WI, USA","US 41, Town of Peshtigo, Marinette County, Wisconsin, 54143, United States",45.0613533,-87.7069758
67348,LOVES TRAVEL STOP #389,I-90 EXIT 241,Conneaut,OH,305,3.849,"I-90 EXIT 241, Conneaut, OH, USA","Exit, Conneaut, Ashtabula County, Ohio, 44030, United States",41.9238338,-80.5505503
67350,DE PERE SUPER STORE,US-41,De Pere,WI,360,3.25566666,"US-41, De Pere, WI, USA","I 41;US 41, De Pere, Brown County, Wisconsin, 54115, United States",44.4372233,-88.1013311
67361,SUMNER TRUCK STOP,SR-167,Sumner,WA,977,4.299,"SR-167, Sumner, WA, USA","Valley Freeway, Benroy, Sumner, Pierce County, Washington, 98390, United States",47.2402209,-122.2541241
67365,KWIK TRIP #491,US-151,Manitowoc,WI,582,3.38233333,"US-151, Manitowoc, WI, USA","Calumet Avenue, Manitowoc, Manitowoc County, Wisconsin, 54220, United States",44.0725972,-87.7414058
67381,ENMARKET #875,US-78 & US-21,Branchville,SC,195,3.26566666,"US-78 & US-21, Branchville, SC, USA","Branchville, Orangeburg County, South Carolina, United States",33.2512711,-80.8156518
67382,CORNER PANTRY TRAVEL PLAZA,SR-79 & SR-40,Hermosa,SD,506,3.299,"SR-79 & SR-40, Hermosa, SD, USA","Hermosa, Custer County, South Dakota, United States",43.839867,-103.191374
67383,FRIENDSHIP FOOD MART #96,SR-101/SR- 2,Sandusky,OH,550,3.529,"SR-101/SR- 2, Sandusky, OH, USA","US 6;SR 101, Sandusky, Erie County, Ohio, 44871, United States",41.4401458,-82.7459484
67393,LOVES TRAVEL STOP #280,"I-10, EXIT 114",Buckeye,AZ,930,3.569,"I-10, EXIT 114, Buckeye, AZ, USA","Exit, Buckeye, Maricopa County, Arizona, United States",33.2903835,-112.6136238
67394,Circle K #2745133,US-23 & SR-38,Waycross,GA,75,3.399,"US-23 & SR-38, Waycross, GA, USA","Waycross, Ware County, Georgia, 31501, United States",31.2135511,-82.3540178
67396,Q C MART,US-61 & CR-E63,Welton,IA,270,3.699,"US-61 & CR-E63, Welton, IA, USA","Welton, Clinton County, Iowa, United States",41.9080812,-90.5954147
67398,CASEYS #3998,SR-13 & HWY-C,Lowry City                              ,MO,400,3.249,"SR-13 & HWY-C, Lowry City                              , MO, USA","Lowry City, St. Clair County, Missouri, United States",38.1400275,-93.7268774
67400,SPEEDWAY #3547,I-75 & 696,Lima,OH,411,3.499,"I-75 & 696, Lima, OH, USA","I 75, Lima, Allen County, Ohio, 45804, United States",40.7233827,-84.0752029
67404,Meskwaki Travel Plaza,HIGHWAY 30 E,Tama,IA,486,3.234,"HIGHWAY 30 E, Tama, IA, USA","Highway 30, Toledo Township, Tama County, Iowa, 52342, United States",41.9934848,-92.6172443
67409,XTRA MART #7025,SR-146,Sutton,MA,175,3.649,"SR-146, Sutton, MA, USA","146, State Route 114, Sutton, Merrimack County, New Hampshire, 03273, United States",43.2908053,-71.9473074
67410,STRIPES #40532,US-83 & US-277,Carrizo Springs,TX,740,3.349,"US-83 & US-277, Carrizo Springs, TX, USA","Carrizo Springs, Dimmit County, Texas, 78834, United States",28.5249088,-99.8616529
67411,LOVES TRAVEL STOP #226,"I-25, EXIT 104",Pueblo,CO,803,3.619,"I-25, EXIT 104, Pueblo, CO, USA","Exit, Westchester, Los Angeles, Los Angeles County, California, 90245, United States",33.9440475,-118.4096102
67426,Spearville Truck Stop,"I-56, 126 RD",Spearville                              ,KS,570,3.46566666,"I-56, 126 RD, Spearville                              , KS, USA","126 Road, Spearville, Ford County, Kansas, 67876, United States",37.8834258,-99.7527292
67427,CASEYS #2907,I-57 & I-62,Charleston,MO,275,3.044,"I-57 & I-62, Charleston, MO, USA","Charleston, Mississippi County, Missouri, 63834, United States",36.9233026,-89.3501172
67431,SPARKYS ONE STOP #32,I-30 & CR 33,Carroll,IA,320,3.23233333,"I-30 & CR 33, Carroll, IA, USA","Carroll County, Iowa, United States",42.0193628,-94.860335
67432,PILOT TRAVEL CENTERS #471,US-27 & US-17,Haines City,FL,140,3.559,"US-27 & US-17, Haines City, FL, USA","Haines City, Polk County, Florida, 33844, United States",28.1067315,-81.6287423
67432,PILOT TRAVEL CENTER #471,US-27 & US-17,Haines City,FL,140,3.569,"US-27 & US-17, Haines City, FL, USA","Haines City, Polk County, Florida, 33844, United States",28.1067315,-81.6287423
67435,7 ELEVEN #40122,I-95 MM2,Newark,DE,160,3.459,"I-95 MM2, Newark, DE, USA","Delaware Turnpike, Cottage Mill, Newark, New Castle County, Delaware, 19715, United States",39.6468552,-75.7588051
67484,PETRO-CANADA,HWY 1 & HWY 207,Dugald                                  ,MB,900,3.56361446,"HWY 1 & HWY 207, Dugald                                  , MB, USA","Dugald Place, Dallas, Dallas County, Texas, 75216, United States",32.7191162,-96.7868971
67484,PETRO-CANADA,HWY 1 & HWY 207,Dugald                                  ,MB,900,3.73711612,"HWY 1 & HWY 207, Dugald                                  , MB, USA","Dugald Place, Dallas, Dallas County, Texas, 75216, United States",32.7191162,-96.7868971
67484,PETRO-CANADA,HWY 1 & HWY 207,Dugald                                  ,MB,900,3.56099338,"HWY 1 & HWY 207, Dugald                                  , MB, USA","Dugald Place, Dallas, Dallas County, Texas, 75216, United States",32.7191162,-96.7868971
67484,PETRO-CANADA,HWY 1 & HWY 207,Dugald                                  ,MB,900,3.5617793,"HWY 1 & HWY 207, Dugald                                  , MB, USA","Dugald Place, Dallas, Dallas County, Texas, 75216, United States",32.7191162,-96.7868971
67484,PETRO-CANADA,HWY 1 & HWY 207,Dugald                                  ,MB,900,3.72969139,"HWY 1 & HWY 207, Dugald                                  , MB, USA","Dugald Place, Dallas, Dallas County, Texas, 75216, United States",32.7191162,-96.7868971
67484,PETRO-CANADA,HWY 1 & HWY 207,Dugald                                  ,MB,900,3.73656513,"HWY 1 & HWY 207, Dugald                                  , MB, USA","Dugald Place, Dallas, Dallas County, Texas, 75216, United States",32.7191162,-96.7868971
67614,KWIK TRIP #622,US-14 & CR-5,Byron,MN,515,3.574,"US-14 & CR-5, Byron, MN, USA","Byron, Olmsted County, Minnesota, 55920, United States",44.0325922,-92.6454395
67615,KWIK TRIP #844,US-63,Lake City,MN,515,3.549,"US-63, Lake City, MN, USA","West Lyon Avenue, Lake City, Wabasha County, Minnesota, 55041, United States",44.4436202,-92.2738288
67634,54 TRUCK STOP,US-54,Mullinville                             ,KS,357,3.46566666,"US-54, Mullinville                             , KS, USA","The Yellow Brick Road, Mullinville, Kiowa Rural Township, Kiowa County, Kansas, 67109, United States",37.5820382,-99.4755794
67642,GO MART FOOD STORE #103,SR-16 & CR 50/39,Ellenboro                               ,WV,44,3.699,"SR-16 & CR 50/39, Ellenboro                               , WV, USA","Washington Street, Lamberton, Ellenboro, Ritchie County, West Virginia, 26346, United States",39.2715528,-81.0465019
67645,CIRCLE K #2721416,US-441 & SR-20,Gainesville,FL,75,3.899,"US-441 & SR-20, Gainesville, FL, USA","Gainesville, Alachua County, Florida, United States",29.6519684,-82.3249846
67647,BUCHS TRUCK STOP,SR-7,Steubenville                            ,OH,542,3.69233333,"SR-7, Steubenville                            , OH, USA","SR 7, South End, Pleasant Heights, Fishersville, Steubenville, Jefferson County, Ohio, 43952, United States",40.3519803,-80.6185411
67650,VIRGINIA FAST STOP,SR-78 & SR-125,Virginia,IL,318,3.759,"SR-78 & SR-125, Virginia, IL, USA","Virginia, Cass County, Illinois, United States",39.9511595,-90.2123427
67652,ON THE GO TRAVEL CENTER,"I-435, EXIT 8",Kansas City,KS,400,3.999,"I-435, EXIT 8, Kansas City, KS, USA","I 435;US 50, Dallas, Kansas City, Jackson County, Missouri, 66211, United States",38.9369506,-94.6077778
67665,ALL STAR,US-75 N,Sabetha                                 ,KS,553,3.499,"US-75 N, Sabetha                                 , KS, USA","US Highway 75, Sabetha, Brown County, Kansas, 66534, United States",39.9103596,-95.7845351
67682,CASEYS #2739,1323 E MAIN ST,Beloit,KS,336,3.359,"1323 E MAIN ST, Beloit, KS, USA","1323, East Main Street, Beloit, Mitchell County, Kansas, 67420, United States",39.459117,-98.0956515
67690,CEFCO #64,ST RT 14,Mexia,TX,765,3.099,"ST RT 14, Mexia, TX, USA","Roberts Street, Springfield, Mexia, Limestone County, Texas, 76667, United States",31.6681949,-96.4795466
67698,FRONTIER TRAVEL CENTER,US-12 & US-85,Bowman,ND,807,3.53233333,"US-12 & US-85, Bowman, ND, USA","Bowman County, North Dakota, United States",46.1010498,-103.5086625
67703,SPEEDWAY #6880,CR-611,Clearwater,FL,225,3.37733333,"CR-611, Clearwater, FL, USA","McMullen Booth Road, Clearwater, Pinellas County, Florida, 33766, United States",28.030419,-82.7091007
67705,CITGO,US-1,North Brunswick,NJ,115,3.18566666,"US-1, North Brunswick, NJ, USA","US 1, North Brunswick Township, Middlesex County, New Jersey, 08901, United States",40.475764,-74.4264389
67706,SPEEDWAY #3495,US-1/9,Elizabeth,NJ,115,3.599,"US-1/9, Elizabeth, NJ, USA","9, Spring Street, Union Square, Elizabeth, Union County, New Jersey, 07201, United States",40.6618321,-74.2069109
67718,SUNSTOP #622,SR-52 & SR-167,Hartford,AL,715,3.599,"SR-52 & SR-167, Hartford, AL, USA","Hartford, Geneva County, Alabama, 36344, United States",31.1019671,-85.6977651
67721,J AND D COUNTRYSIDE MARTHON,SR-76 & SR-173,Poplar Grove                            ,IL,520,3.499,"SR-76 & SR-173, Poplar Grove                            , IL, USA","Poplar Grove, Poplar Grove Township, Boone County, Illinois, 61065, United States",42.3683522,-88.822047
67727,SPEEDWAY #7907,US-264 & SR-33,Greenville,NC,205,2.944,"US-264 & SR-33, Greenville, NC, USA","Greenville, Pitt County, North Carolina, United States",35.613224,-77.3724593
67728,SPEEDWAY #7905,SR-43 & SR-118,Vanceboro,NC,205,3.37566666,"SR-43 & SR-118, Vanceboro, NC, USA","Vanceboro, Craven County, North Carolina, 28586, United States",35.2995434,-77.1522321
67729,SPEEDWAY #6981,US-301 BYP,Rocky Mount,NC,177,3.43233333,"US-301 BYP, Rocky Mount, NC, USA","North Wesleyan Boulevard, Swelton Heights, Rocky Mount, Nash County, North Carolina, 27804, United States",35.9739545,-77.8017162
67732,Quik Pik,US-275 & SR-9,West Point,NE,470,3.21566666,"US-275 & SR-9, West Point, NE, USA","West Point, Cuming County, Nebraska, 68788, United States",41.84027,-96.7120725
67734,TROTTER TRUCK PLAZA,ST 11,Ord,NE,330,3.299,"ST 11, Ord, NE, USA","11, North 24th Street, Ord, Valley County, Nebraska, 68862, United States",41.6047893,-98.9391239
67735,Fast Fuel,US-81/SR-3,Kingfisher,OK,483,3.19066666,"US-81/SR-3, Kingfisher, OK, USA","OK 3;US 81, Kingfisher, Kingfisher County, Oklahoma, 73750, United States",35.8137245,-97.9395114
67736,SPEEDWAY #9855,I-10 EXIT 49,Fabens,TX,640,3.23566666,"I-10 EXIT 49, Fabens, TX, USA","I 10, Fabens, El Paso County, Texas, United States",31.4846904,-106.0822721
67738,SUPER JACK TRUCK STOP,US-84,Brookhaven,MS,620,3.11566666,"US-84, Brookhaven, MS, USA","US 84;MS 583, Brookhaven, Lincoln County, Mississippi, 39601, United States",31.5458467,-90.4308674
67743,STRIPES 7FLEET #42506,US-380 & US-277,Haskell,TX,575,3.539,"US-380 & US-277, Haskell, TX, USA","Haskell County, Texas, United States",33.1542164,-99.7199972
67745,STRIPES #40628,"I-2, EXIT 134 & US-83",Mission,TX,639,3.259,"I-2, EXIT 134 & US-83, Mission, TX, USA","Texas Vietnam Veterans Memorial Highway, McAllen, Hidalgo County, Texas, 78051, United States",26.1960867,-98.2759043
67746,STRIPES #40598,I-2/US-83,Mission,TX,639,2.869,"I-2/US-83, Mission, TX, USA","Texas Vietnam Veterans Memorial Highway, McAllen, Hidalgo County, Texas, 78051, United States",26.1960867,-98.2759043
67747,STRIPES 7FLEET #42424,US-87/US-190,Brady,TX,740,3.599,"US-87/US-190, Brady, TX, USA","US 87;US 377, Brady, McCulloch County, Texas, 76825, United States",31.0954144,-99.3274628
67749,STRIPES 7FLEET #42436,I-20 EXIT 134,Midland,TX,612,3.06566666,"I-20 EXIT 134, Midland, TX, USA","I 20;TX 158, Patel, Midland, Midland County, Texas, 79706, United States",31.9759485,-102.0591177
67750,STRIPES #40729,FM-511 & FM-802,Brownsville,TX,598,2.999,"FM-511 & FM-802, Brownsville, TX, USA","Brownsville, Cameron County, Texas, United States",25.9024289,-97.4981698
67753,STRIPES #40892,SR-359 & SR-16,Hebbronville,TX,625,3.28566666,"SR-359 & SR-16, Hebbronville, TX, USA","Hebbronville, Jim Hogg County, Texas, 78361, United States",27.3103306,-98.6798475
67754,Refuel #185,US-220,Stokesdale,NC,65,3.699,"US-220, Stokesdale, NC, USA","I 73;US 220, Stokesdale, Guilford County, North Carolina, 27358, United States",36.2370356,-79.9182648
67763,SHELL,US-72,Mount Pleasant,MS,435,3.399,"US-72, Mount Pleasant, MS, USA","US 72, Mount Pleasant, Marshall County, Mississippi, 38649, United States",34.9590979,-89.5227747
67768,SHELL,US-60 & SR-657,Lewisport,KY,487,3.499,"US-60 & SR-657, Lewisport, KY, USA","Lewisport, Hancock County, Kentucky, United States",37.9369974,-86.9022146
67774,7-ELEVEN #39329,I-278/US-1,Linden,NJ,79,3.37566666,"I-278/US-1, Linden, NJ, USA","Carlton Street, Elizabeth, Union County, New Jersey, 07202, United States",40.6490526,-74.2230455
67779,REATA PETROLEUM,I-76 & BARLOW RD,Fort Morgan                             ,CO,800,3.439,"I-76 & BARLOW RD, Fort Morgan                             , CO, USA","Barlow Road, Fort Morgan, Morgan County, Colorado, United States",40.2477477,-103.7732792
67783,RUTTERS #4,US-30 & SR-1016/2011,Wrightsville                            ,PA,70,3.989,"US-30 & SR-1016/2011, Wrightsville                            , PA, USA","Grand Army of the Republic Highway, Wrightsville, Freehold Township, Warren County, Pennsylvania, United States",41.9149023,-79.4393877
67784,HAVANA CONVENIENCE,US-136,Havana                                  ,IL,368,3.799,"US-136, Havana                                  , IL, USA","Scott Wike Lucas Bridge, Havana, Fulton County, Illinois, 62644, United States",40.2945462,-90.0709026
67789,BEAR RIVER VALLEY CO OP,SR-13/SR-83,Corinne                                 ,UT,835,3.419,"SR-13/SR-83, Corinne                                 , UT, USA","SR 83, Corinne, Box Elder County, Utah, 84307, United States",41.5552399,-112.1302271
67797,CHEVRON,US-71 & SR-179,Coushatta                               ,LA,745,3.15566666,"US-71 & SR-179, Coushatta                               , LA, USA","Coushatta, Red River Parish, Louisiana, United States",32.0148834,-93.3421165
67806,84 QUICK STOP,I-84,Brookhaven                              ,MS,620,3.149,"I-84, Brookhaven                              , MS, USA","Brookhaven, Lincoln County, Mississippi, United States",31.5790667,-90.4407122
67819,BREW #31,US-71/US-18,Spencer,IA,440,3.46566666,"US-71/US-18, Spencer, IA, USA","Highway Boulevard, Birchwood Estates, Spencer, Clay County, Iowa, 51301, United States",43.1832353,-95.1498206
67820,CIRCLE K #2723487,US-17 & SR-211,Supply,NC,245,3.289,"US-17 & SR-211, Supply, NC, USA","Supply, Brunswick County, North Carolina, United States",34.0176717,-78.267499
67821,FAS MART #5261,SR-9 & SR-57,Tollesboro,KY,410,3.35233333,"SR-9 & SR-57, Tollesboro, KY, USA","Tollesboro, Lewis County, Kentucky, 41189, United States",38.5595201,-83.5760258
67826,VALLEN MART,US-14,Volga,SD,566,3.319,"US-14, Volga, SD, USA","West Highway 14, Volga, Volga Township, Brookings County, South Dakota, 57006, United States",44.3259909,-96.9309484
67829,KWIK TRIP #721,SR-19 & SR-73,Marshall,WI,420,3.49733333,"SR-19 & SR-73, Marshall, WI, USA","Marshall, Dane County, Wisconsin, United States",43.1677006,-89.0643334
67832,Sprint Mart #45,US-278/US-45,Tupelo,MS,742,3.189,"US-278/US-45, Tupelo, MS, USA","Corridor V, Haven Acres, Tupelo, Lee County, Mississippi, 38879, United States",34.2089763,-88.7402735
67833,PETES #05,US-59 & US-400,Parsons,KS,307,3.299,"US-59 & US-400, Parsons, KS, USA","Parsons, Labette County, Kansas, 67357, United States",37.3407838,-95.2596295
67837,PILOT TRAVEL CENTER #1054,US-183 & SR-21,Buda,TX,740,3.41566666,"US-183 & SR-21, Buda, TX, USA","Buda, Hays County, Texas, United States",30.082475,-97.8417144
67839,EL TIGRE FOOD STORE #13,SR-336,Hidalgo                                 ,TX,639,3.21566666,"SR-336, Hidalgo                                 , TX, USA","Val Verde Park Sr, Val Verde North Colonia, Hidalgo County, Texas, 78516, United States",26.1948925,-98.0860606
67841,CIRCLE K #2723844,US-15/US-501/US-1,Sanford,NC,177,3.049,"US-15/US-501/US-1, Sanford, NC, USA","Jefferson Davis Highway, Brookwood, Sanford, Lee County, North Carolina, 27339, United States",35.4704452,-79.2025006
67844,UNCLE WILLIES #1288,US-13,Felton,DE,243,3.219,"US-13, Felton, DE, USA","South Dupont Highway, Felton Station, Felton, Kent County, Delaware, 19943, United States",39.0253076,-75.5634372
67846,CEDAR RIVER PLAZA,SR-35,Stephenson,MI,360,3.419,"SR-35, Stephenson, MI, USA","Murphy USA, 1940, South Stephenson Avenue, Iron Mountain, Dickinson County, Michigan, 49801, United States",45.8090945,-88.037775
67849,KUM & GO #0379,US-412/ US-63 & SR-25,Black Rock,AR,435,3.199,"US-412/ US-63 & SR-25, Black Rock, AR, USA","US 63;US 412, Black Rock, Lawrence County, Arkansas, 72458, United States",36.105763,-91.1078768
67854,CircleK #2709341,US-411,Chatsworth,GA,285,3.499,"US-411, Chatsworth, GA, USA","US 411;GA 2;GA 61, Chatsworth, Murray County, Georgia, 30724, United States",34.7999919,-84.7725632
67859,PILOT #1135,US-281,Falfurrias,TX,639,3.459,"US-281, Falfurrias, TX, USA","Falfurrias Expressway, Falfurrias, Brooks County, Texas, 78355, United States",27.2430134,-98.1385661
67861,CASEYS #4308,US-34,Chariton                                ,IA,320,3.539,"US-34, Chariton                                , IA, USA","US 34, Chariton, Lucas County, Iowa, 50049, United States",41.0047242,-93.301697
67868,CHEVRON,SR-19,Huntsville                              ,TX,670,2.979,"SR-19, Huntsville                              , TX, USA","Murphy USA, Interstate 45 South, Ravenwood Village, Huntsville, Walker County, Texas, 77342, United States",30.7140419,-95.5683671
67871,BASIN MARKET #107,US-40,Vernal,UT,810,3.599,"US-40, Vernal, UT, USA","Dinosaur Diamond Prehistoric Highway, Vernal, Uintah County, Utah, 84079, United States",40.4519938,-109.5482577
67872,SMOKIES,US-45,Okolona                                 ,MS,576,3.099,"US-45, Okolona                                 , MS, USA","Okolona, Chickasaw County, Mississippi, 38860, United States",34.0020146,-88.7547357
67883,CASH MAGIC HOLLYWOOD,US-90,Berwick,LA,725,3.399,"US-90, Berwick, LA, USA","US 90, Berwick, St. Mary Parish, Louisiana, 70342, United States",29.6872481,-91.2466838
67887,AIRLINE CHEVRON,US-61,Kenner                                  ,LA,725,3.099,"US-61, Kenner                                  , LA, USA","Airline Drive, Kenner, Jefferson Parish, Louisiana, 70062, United States",29.982845,-90.2594708
67890,KUM & GO #0449,US-60/US-71,Neosho,MO,535,3.05566666,"US-60/US-71, Neosho, MO, USA","US 60;MO 59, Neosho, Newton County, Missouri, 64850, United States",36.8432311,-94.3797991
67894,CIRCLE K #2705098,US-27 & SR-44,Leesburg,FL,140,3.57233333,"US-27 & SR-44, Leesburg, FL, USA","Leesburg, Lake County, Florida, 34738, United States",28.810823,-81.8778582
67897,KENT KWIK #273,SR-302 & SR-18,Kermit,TX,710,3.039,"SR-302 & SR-18, Kermit, TX, USA","Kermit, Winkler County, Texas, 79745, United States",31.8578999,-103.0932149
67910,G FUEL,US-40 & SR-140,Penns Grove,NJ,243,3.399,"US-40 & SR-140, Penns Grove, NJ, USA","Penns Grove, Salem County, New Jersey, United States",39.7295581,-75.4679734
67925,CHEVRON,US-61,Baton Rouge                             ,LA,600,3.899,"US-61, Baton Rouge                             , LA, USA","US 61, Crestworth, Baton Rouge, East Baton Rouge Parish, Louisiana, 70807, United States",30.5492652,-91.1964535
67929,Circle K,SR-574,Plant City,FL,225,3.32566666,"SR-574, Plant City, FL, USA","East Martin Luther King Jr Boulevard, Plant City, Hillsborough County, Florida, 33563, United States",28.0066315,-82.1712503
67933,SUNOCO,SR-50 & SR-471,Webster,FL,140,3.33566666,"SR-50 & SR-471, Webster, FL, USA","Webster, Sumter County, Florida, United States",28.6115035,-82.0562065
67934,WHISPERING PINES,SR-10,Greensburg                              ,LA,600,3.099,"SR-10, Greensburg                              , LA, USA","State Route 10, Greensburg, Saint Helena Parish, Louisiana, 70441, United States",30.8299932,-90.6693086
67940,MARTIN GENERAL STORE,US-22,Ebensburg                               ,PA,14,3.524,"US-22, Ebensburg                               , PA, USA","Admiral Peary Highway, Ebensburg, Cambria County, Pennsylvania, 15931, United States",40.4773864,-78.7244003
67957,CITGO,US-27,Hialeah,FL,64,3.47233333,"US-27, Hialeah, FL, USA","Okeechobee Road, Hialeah, Miami-Dade County, Florida, 33010, United States",25.8181453,-80.274209
67968,WHITESBURG BP,US-27/SR-16,Whitesburg                              ,GA,18,3.699,"US-27/SR-16, Whitesburg                              , GA, USA","Main Street, Whitesburg, Carroll County, Georgia, 30185, United States",33.5046322,-84.9234898
67976,KWIK TRIP #587,US-141 & SR-22,Lena,WI,582,3.28233333,"US-141 & SR-22, Lena, WI, USA","Lena, Oconto County, Wisconsin, 54139, United States",44.9510985,-88.0469998
68002,CO RETAIL VENTURE DB,US-34 & SR-59,Yuma,CO,800,3.449,"US-34 & SR-59, Yuma, CO, USA","Yuma County, Colorado, United States",40.0163487,-102.458253
68007,Highland oil,US-412,Hardy,AR,435,3.269,"US-412, Hardy, AR, USA","US 62;US 63;US 412, Hardy, Sharp County, Arkansas, 72542, United States",36.3188183,-91.4699206
68008,FAST LANE #3,US-64 & US-49,Mc Crory,AR,435,3.399,"US-64 & US-49, Mc Crory, AR, USA","Mc Crory Lane, Nashville, Davidson County, Middle Tennessee, Tennessee, 37221, United States",36.0840446,-87.0251934
68012,ROYAL FARMS #120,US-13/CR-16,Greenwood                               ,DE,194,3.259,"US-13/CR-16, Greenwood                               , DE, USA","Sussex Highway, Greenwood, Sussex County, Delaware, 19950, United States",38.80335,-75.5849115
68017,TEXACO,SR-89,Prescott,AZ,930,3.739,"SR-89, Prescott, AZ, USA","US 89A (old SR 79), Prescott, Yavapai County, Arizona, 86312, United States",34.6250496,-112.3893137
68031,ORCHARD STOP BP,US-30,Montgomery                              ,IL,290,3.649,"US-30, Montgomery                              , IL, USA","US 30, Montgomery, Oswego Township, Kendall County, Illinois, 60503, United States",41.7157701,-88.2889857
68031,ORCHARD STOP BP,US-30,Montgomery                              ,IL,290,3.549,"US-30, Montgomery                              , IL, USA","US 30, Montgomery, Oswego Township, Kendall County, Illinois, 60503, United States",41.7157701,-88.2889857
68040,MISHAWAKA ROAD FLEET SITE,SR-19 & CR-20,Elkhart                                 ,IN,465,3.689,"SR-19 & CR-20, Elkhart                                 , IN, USA","Elkhart County, Indiana, United States",41.6012796,-85.8590603
68043,CARROLL MOTOR FUELS,US-40,Middle River,MD,22,3.139,"US-40, Middle River, MD, USA","Pulaski Highway, Poplar, Middle River, Baltimore County, Maryland, 21326, United States",39.3571503,-76.4495385
68048,CASEYS #3961,SR-3 & SR-143,Marcus,IA,527,3.299,"SR-3 & SR-143, Marcus, IA, USA","Marcus, Cherokee County, Iowa, United States",42.82471,-95.8079104
68052,CUBBYS #302,SR-39 & SR-175,Odebolt,IA,319,3.31566666,"SR-39 & SR-175, Odebolt, IA, USA","Odebolt, Richland Township, Sac County, Iowa, United States",42.3121507,-95.2520585
68055,Gallops,US-20,Michigan City,IN,370,3.399,"US-20, Michigan City, IN, USA","US 20, Michigan City, LaPorte County, Indiana, 46360, United States",41.682278,-86.8827742
68062,FARMERS UNION OIL,US-83,Wilton                                  ,ND,390,3.899,"US-83, Wilton                                  , ND, USA","US 83, Midway, Wilton, Burleigh County, North Dakota, 58579, United States",47.1255995,-100.7923939
68065,Caseys #4450,US-160,Ulysses                                 ,KS,525,3.399,"US-160, Ulysses                                 , KS, USA","East Oklahoma Avenue, Ulysses, Lincoln Township, Grant County, Kansas, 67880, United States",37.5762749,-101.3502376
68067,PUMP & PANTRY #2,US-30 & US-281,Grand Island,NE,330,3.30733333,"US-30 & US-281, Grand Island, NE, USA","Grand Island, Hall County, Nebraska, United States",40.924271,-98.338685
68068,ELGIN ONE STOP,SR-14 & SR-70,Elgin,NE,470,3.13733333,"SR-14 & SR-70, Elgin, NE, USA","Elgin, Antelope County, Nebraska, 68636, United States",41.9832688,-98.08455
68070,PAULS TRUCK STOP,US-171,Leesville                               ,LA,690,3.449,"US-171, Leesville                               , LA, USA","North 5th Street, Lyles Addition, Leesville, Vernon Parish, Louisiana, 71496, United States",31.1521903,-93.2636981
68073,BIG BATS 2,US-20,Chadron,NE,506,3.699,"US-20, Chadron, NE, USA","East 3rd Street, Chadron, Precinct 03, Dawes County, Nebraska, 69337, United States",42.8289505,-102.9957959
68081,SHELL,SR-308 & SR-654,Mathews                                 ,LA,725,3.459,"SR-308 & SR-654, Mathews                                 , LA, USA","Mathews, Lafourche Parish, Louisiana, United States",29.683653,-90.5578268
68102,SUNOCO,ST 17,Carlstadt                               ,NJ,115,3.16233333,"ST 17, Carlstadt                               , NJ, USA","17, High Street, East Rutherford, Bergen County, New Jersey, 07073, United States",40.835767,-74.094552
68110,CIRCLE K #4705573,SR-82,Grafton,OH,414,3.749,"SR-82, Grafton, OH, USA","Main Street, Grafton, Lorain County, Ohio, 44044, United States",41.2805221,-82.0634105
68113,CIRCLE K #4705571,ST 2,Holland,OH,550,3.549,"ST 2, Holland, OH, USA","Holland, Springfield Township, Lucas County, Ohio, United States",41.621718,-83.711604
68114,BP,US-130,Burlington                              ,NJ,230,3.14566666,"US-130, Burlington                              , NJ, USA","Burlington Pike, East Burlington, Burlington, Burlington County, New Jersey, 08016, United States",40.0810972,-74.8398696
68124,CIRCLE K #4705587,SR-585 & SR-57,Rittman,OH,249,3.659,"SR-585 & SR-57, Rittman, OH, USA","Rittman, Wayne County, Ohio, United States",40.9723644,-81.7811745
68147,Regal Truck Stop,SR 30,New Albany,MS,435,3.249,"SR 30, New Albany, MS, USA","New Albany, Union County, Mississippi, 38652, United States",34.4942683,-89.0078418
68148,CIRCLE K #2723389,US-49,Gulfport,MS,715,2.944,"US-49, Gulfport, MS, USA","US 49, Nugent, Gulfport, Harrison County, Mississippi, 39503, United States",30.4758862,-89.1029723
68165,GOLDEN GATE Fallon,US-50,Fallon,NV,966,3.549,"US-50, Fallon, NV, USA","West Williams Avenue, Fallon, Churchill County, Nevada, 89496, United States",39.475109,-118.7954066
68167,CIRCLE K #4707628,SR-90 & SR-5,Montezuma,NY,220,3.999,"SR-90 & SR-5, Montezuma, NY, USA","Town of Montezuma, Cayuga County, New York, United States",43.010065,-76.7032833
68179,WEST PAK A POK,SR-8,Houston                                 ,MS,655,3.399,"SR-8, Houston                                 , MS, USA","Houston, Chickasaw County, Mississippi, 38851, United States",33.8984461,-88.9992267
68196,CATDADDY MARKET,SR-33,Tazewell,TN,405,3.299,"SR-33, Tazewell, TN, USA","North Broad Street, Tazewell, Claiborne County, East Tennessee, Tennessee, 37879, United States",36.4477776,-83.5767356
68212,CIRCLE K #2723415,"I-26, EXIT 16",Spartanburg,SC,210,3.099,"I-26, EXIT 16, Spartanburg, SC, USA","I 26, Spartanburg County, South Carolina, 29301, United States",34.9269534,-81.9892897
68217,CIRCLE K #2723881,US-701 & US-501,Conway,SC,46,3.184,"US-701 & US-501, Conway, SC, USA","Conway, Horry County, South Carolina, United States",33.8360035,-79.0478143
68225,OASIS TRUCK STOP,US-60 & US-83,Canadian,TX,585,3.299,"US-60 & US-83, Canadian, TX, USA","Canadian, Hemphill County, Texas, United States",35.9120114,-100.3839018
68243,PILOT EXPRESS #1173,"I-5, EXIT 135",Tacoma,WA,977,4.599,"I-5, EXIT 135, Tacoma, WA, USA","Exit, Tacoma, Pierce County, Washington, 98407, United States",47.3050173,-122.5182841
68261,STRIPES #2294,US-83 & FM-1120,Leakey,TX,740,2.949,"US-83 & FM-1120, Leakey, TX, USA","FM 1120, Leakey, Real County, Texas, United States",29.6683487,-99.7424484
68268,SPEED SMART,"I-10, EXIT 114",Buckeye,AZ,930,3.37233333,"I-10, EXIT 114, Buckeye, AZ, USA","Exit, Buckeye, Maricopa County, Arizona, United States",33.2903835,-112.6136238
68270,MPC #2,US-67 & CR-A,Fredericktown,MO,574,2.99066666,"US-67 & CR-A, Fredericktown, MO, USA","Fredericktown, Madison County, Missouri, United States",37.5597754,-90.294007
68271,PHOENIX #308,ST 210,Rocky Point                             ,NC,245,3.619,"ST 210, Rocky Point                             , NC, USA","210, Railroad Street, Rocky Point, Pender County, North Carolina, 28457, United States",34.43221,-77.8871663
68273,CHISUM TRAVEL CENTER,US-70/US-54,Tularosa,NM,640,2.999,"US-70/US-54, Tularosa, NM, USA","Saint Francis Drive, Tularosa, Otero County, New Mexico, 88352, United States",33.0731298,-106.0179434
68274,CEFCO #6,SR-6 & SR-7,Marlin,TX,765,2.999,"SR-6 & SR-7, Marlin, TX, USA","Marlin, Falls County, Texas, 76661, United States",31.308005,-96.8908895
68277,WHITE OAK STATION #15,US-65,Harrison,AR,735,3.599,"US-65, Harrison, AR, USA","Arkmo Drive, Harrison, Boone County, Arkansas, 72601, United States",36.232391,-93.1038216
68279,MACS MARKET #101,ST 22A,Fair Haven                              ,VT,12,3.599,"ST 22A, Fair Haven                              , VT, USA","Washington Street, Fair Haven Green Historic District, Fair Haven, Rutland County, Vermont, 05732, United States",43.5980167,-73.2705007
68282,SUNSTOP #612,US-84,Andalusia,AL,720,3.48566666,"US-84, Andalusia, AL, USA","US 84, Andalusia, Covington County, Alabama, 36421, United States",31.3186758,-86.4518805
68292,GAS N GO,US-280/US-19,Americus,GA,10,3.299,"US-280/US-19, Americus, GA, USA","US 280;GA 27;GA 30, Sumter Homes, Americus, Sumter County, Georgia, 31709, United States",32.0710161,-84.2090772
68303,KWIK TRIP #351,SR-13 & SR-64,Medford,WI,295,3.40066666,"SR-13 & SR-64, Medford, WI, USA","Medford, Taylor County, Wisconsin, United States",45.1391437,-90.3460806
68306,BIG D #018,SR-387 & SR-59,Gillette,WY,790,3.459,"SR-387 & SR-59, Gillette, WY, USA","Gillette, Campbell County, Wyoming, 82718, United States",44.290635,-105.501876
68314,Refuel #313,US-183 & SR-29,Liberty Hill                            ,TX,595,2.909,"US-183 & SR-29, Liberty Hill                            , TX, USA","Liberty Hill, Williamson County, Texas, United States",30.6649119,-97.9225161
68319,HOLIDAY STATIONSTORE #2746484,US-61 & US-10,Hastings,MN,448,3.569,"US-61 & US-10, Hastings, MN, USA","Hastings, Dakota County, Minnesota, 55033, United States",44.7426933,-92.8518697
68337,SPEEDWAY #1426,US-30 & SR-51,Merrillville,IN,290,3.88566666,"US-30 & SR-51, Merrillville, IN, USA","Merrillville, Ross Township, Lake County, Indiana, 46410, United States",41.4828144,-87.3328139
68350,JOAQUIN QUICK STOP,US-84,Joaquin,TX,618,3.43233333,"US-84, Joaquin, TX, USA","US 84, Joaquin, Shelby County, Texas, 75954, United States",31.9673641,-94.0615925
68354,LEERJAK TRAVEL CENTER,US-60,Ellsinore,MO,275,3.409,"US-60, Ellsinore, MO, USA","US 60, Ellsinore, Carter County, Missouri, 63937, United States",36.9255383,-90.7515996
68361,DUCK THRU FOOD STORE #34,US-158 & US-17,Elizabeth City                          ,NC,130,3.499,"US-158 & US-17, Elizabeth City                          , NC, USA","Elizabeth City, Pasquotank County, North Carolina, United States",36.3010192,-76.2203699
68362,RUTTERS #5,US-30 & SR-997,Fayetteville,PA,70,3.859,"US-30 & SR-997, Fayetteville, PA, USA","Fayetteville, Greene Township, Franklin County, Pennsylvania, United States",39.913338,-77.5626132
68372,SPEEDWAY #8062,SR-26/CR-00,Kokomo,IN,375,3.799,"SR-26/CR-00, Kokomo, IN, USA","West County Road 400 South, Legends of Wild Cat Creek, Indian Heights, Kokomo, Howard County, Indiana, 46979, United States",40.417875,-86.1948323
68381,Fast Stop Travel Centers #2241,US-26 S & SR-39,Blackfoot,ID,825,3.999,"US-26 S & SR-39, Blackfoot, ID, USA","Blackfoot, Bingham County, Idaho, 83221, United States",43.190039,-112.348357
68382,QUIKTRIP #766,US-29 & SR-316,Dacula,GA,18,3.32066666,"US-29 & SR-316, Dacula, GA, USA","Dacula, Gwinnett County, Georgia, United States",33.9887165,-83.8979573
68383,AYERCO 32,US-61 & SR-P,Canton,MO,494,3.01566666,"US-61 & SR-P, Canton, MO, USA","Canton, Lewis County, Missouri, United States",40.132926,-91.5205242
68386,KWIK TRIP #884,US-45 & SR-22,Clintonville,WI,582,3.559,"US-45 & SR-22, Clintonville, WI, USA","Clintonville, Waupaca County, Wisconsin, United States",44.6205348,-88.7623227
68406,TOOT N TOTUM #114,US-385/US-54,Dalhart,TX,585,3.199,"US-385/US-54, Dalhart, TX, USA","US 87;US 385, Dalhart, Hartley County, Texas, 79022, United States",36.0548725,-102.506549
68411,PAWNEE TRAVEL PLAZA,US-412 & SR-18,Pawnee                                  ,OK,560,3.044,"US-412 & SR-18, Pawnee                                  , OK, USA","Pawnee County, Oklahoma, United States",36.3151645,-96.7200995
68416,STRIPES 7FLEET #42515,US-87 N,Lamesa,TX,710,3.099,"US-87 N, Lamesa, TX, USA","South Lynn Avenue, Lamesa, Dawson County, Texas, 79331, United States",32.725537,-101.9468914
68420,SHELBINA Phillips 66,US-36 & SR-15,Shelbina,MO,494,3.099,"US-36 & SR-15, Shelbina, MO, USA","Shelbina, Shelby County, Missouri, 63468, United States",39.6939275,-92.0429502
68421,STRIPES,US-77,Refugio,TX,625,3.074,"US-77, Refugio, TX, USA","US 77, Cranell, Refugio County, Texas, United States",28.1695579,-97.3933577
68432,PAPA ROCK,US-79/SR-76,Clarksville,TN,460,3.199,"US-79/SR-76, Clarksville, TN, USA","Madison Street, Clarksville, Montgomery County, Middle Tennessee, Tennessee, 37040, United States",36.5266298,-87.3512829
68441,QUIKTRIP #1106,US-76,Anderson,SC,30,2.959,"US-76, Anderson, SC, USA","East River Street, Toxaway, Anderson, Anderson County, South Carolina, 29624, United States",34.4973726,-82.6385452
68444,Sunoco,US-30,Roebling,NJ,160,3.159,"US-30, Roebling, NJ, USA","Roebling, Florence Township, Burlington County, New Jersey, 08554, United States",40.1159169,-74.7863614
68446,J J OIL #07,US-160,Ulysses,KS,525,3.399,"US-160, Ulysses, KS, USA","West Oklahoma Avenue, Ulysses, Lincoln Township, Grant County, Kansas, 67880, United States",37.5765185,-101.3694941
68447,JUMPIN JACKS 419,SR-161,Rockport                                ,IN,487,3.999,"SR-161, Rockport                                , IN, USA","Sycamore Street, Rockport, Spencer County, Indiana, 47635, United States",37.8914876,-87.0548318
68451,CASEYS #3439,US-63,Lime Springs,IA,433,3.56566666,"US-63, Lime Springs, IA, USA","Lime Springs, Forest City Township, Howard County, Iowa, United States",43.448494,-92.2804954
68453,Marathon,US-82/US-27,Cuthbert,GA,10,3.699,"US-82/US-27, Cuthbert, GA, USA","College Street, Cuthbert, Randolph County, Georgia, 39840, United States",31.7717499,-84.7948606
68458,SPEEDWAY #6278,"I-96, EXIT 16",Coopersville,MI,456,3.599,"I-96, EXIT 16, Coopersville, MI, USA","I 96, Coopersville, Ottawa County, Michigan, 49404, United States",43.052965,-85.9121672
68458,SPEEDWAY #6278,"I-96, EXIT 16",Coopersville,MI,456,3.499,"I-96, EXIT 16, Coopersville, MI, USA","I 96, Coopersville, Ottawa County, Michigan, 49404, United States",43.052965,-85.9121672
68462,CHEVRON,SR-24 & SR-660,Houma                                   ,LA,623,3.099,"SR-24 & SR-660, Houma                                   , LA, USA","Houma, Terrebonne Parish, Louisiana, 70363, United States",29.5957696,-90.7195348
68463,SPANISH LAKE TRUCK AND CASINO PLAZA,SR-182,New Iberia,LA,730,3.329,"SR-182, New Iberia, LA, USA","182, South Chestnut Street, New Iberia, Iberia Parish, Louisiana, 70560, United States",30.0128736,-91.8261888
68466,KWIK TRIP #462,SR-11 & SR-83,Burlington,WI,444,3.274,"SR-11 & SR-83, Burlington, WI, USA","Burlington, Racine County, Wisconsin, 53105, United States",42.6801053,-88.276413
68471,B LINE SHELL,SR-710,Jupiter                                 ,FL,140,3.95733333,"SR-710, Jupiter                                 , FL, USA","710, West Indiantown Road, Jupiter, Palm Beach County, Florida, 33458, United States",26.933879,-80.1064459
68499,DUBOIS TRAVEL STOP,I-15 & MAIN,Dubois                                  ,ID,825,4.299,"I-15 & MAIN, Dubois                                  , ID, USA","Main Street, Dubois, Clark County, Idaho, 83423, United States",44.1763122,-112.2350134
68518,CHEVRON,SR-243,Gordon                                  ,GA,85,3.359,"SR-243, Gordon                                  , GA, USA","Old Dixie Highway, Gordon County, Georgia, 30103, United States",34.3995295,-84.9346577
68524,Coastal Fuel,US-421,Wilmington                              ,NC,245,3.399,"US-421, Wilmington                              , NC, USA","Carolina Beach Road, Sunset Park, Wilmington, New Hanover County, North Carolina, 28401, United States",34.211438,-77.9457606
68533,MACH ONE FOOD SHOP #17,US-45/US-50,Flora,IL,510,3.899,"US-45/US-50, Flora, IL, USA","US 45;US 50, Flora, Harter Township, Clay County, Illinois, 62839, United States",38.6793628,-88.471628
68534,BG FOOD MART,US-31,Bowling Green,KY,460,3.05733333,"US-31, Bowling Green, KY, USA","Bowling Green, Warren County, Kentucky, 42101, United States",36.9929203,-86.4428677
68535,CASEYS #3295,SR-35 & SR-27,Prairie Du Chien,WI,420,3.499,"SR-35 & SR-27, Prairie Du Chien, WI, USA","Prairie du Chien, Crawford County, Wisconsin, 53821, United States",43.05194,-91.1409933
68541,DUCK THRU #3,SR-11 & SR-561,Ahoskie,NC,130,3.56233333,"SR-11 & SR-561, Ahoskie, NC, USA","Ahoskie, Hertford County, North Carolina, 27910, United States",36.2855245,-76.9857687
68542,EXCELL FUELS,SR-5,Buffalo,NY,38,3.999,"SR-5, Buffalo, NY, USA","Buffalo, Erie County, New York, United States",42.8864163,-78.8781493
68556,MONICARLO FUEL STOP,US-61 & SR-54,Garyville                               ,LA,623,3.199,"US-61 & SR-54, Garyville                               , LA, USA","Garyville, St. John the Baptist Parish, Louisiana, United States",30.0701655,-90.6301548
68572,FOOD N FUN #17,US-90 & SR-83 & CR-605,New Iberia                              ,LA,730,3.067,"US-90 & SR-83 & CR-605, New Iberia                              , LA, USA","New Iberia, Iberia Parish, Louisiana, United States",30.0035365,-91.8187285
68574,SPRING STREET SERVICE STATION,US-1/US-9,Elizabeth                               ,NJ,115,3.099,"US-1/US-9, Elizabeth                               , NJ, USA","US 1;US 9, Elizabeth, Union County, New Jersey, 07201, United States",40.6827578,-74.1924194
68588,SHELL,"US-202, EXIT 16",Orange,MA,175,3.649,"US-202, EXIT 16, Orange, MA, USA","Daniel Shays Highway, Orange, Franklin County, Massachusetts, 01364, United States",42.5487076,-72.2984176
68594,CIRCLE K #2723796,SR-S-8-33 & SR-S-8-119,Charleston,SC,42,3.199,"SR-S-8-33 & SR-S-8-119, Charleston, SC, USA","Charleston, Charleston County, South Carolina, United States",32.7884363,-79.9399309
68596,FLASH MARKET SHELL,US-63,Koshkonong,MO,418,3.499,"US-63, Koshkonong, MO, USA","US 63, Koshkonong, Oregon County, Missouri, 65692, United States",36.5985392,-91.6438933
68598,7-ELEVEN #41032,US-84 & US-259,Mount Enterprise,TX,618,3.349,"US-84 & US-259, Mount Enterprise, TX, USA","Mount Enterprise, Rusk County, Texas, United States",31.9179473,-94.6810439
68606,SAMS MART #95,SR-49,Harrisburg                              ,NC,46,3.799,"SR-49, Harrisburg                              , NC, USA","Robinson Church Road, Downtown, Harrisburg, Cabarrus County, North Carolina, 28075, United States",35.3154312,-80.6526296
68613,SHEETZ #236,SR-441 & SR-772,Marietta,PA,70,3.389,"SR-441 & SR-772, Marietta, PA, USA","Marietta, Lancaster County, Pennsylvania, United States",40.0570441,-76.5521344
68618,MINER TOWNE MART,206 R-11,Shullsburg,WI,335,3.399,"206 R-11, Shullsburg, WI, USA","State Highway 11, Shullsburg, Lafayette County, Wisconsin, 53803, United States",42.5767345,-90.2351496
68644,SUPERPUMPER #32,US-2,Minot,ND,452,3.599,"US-2, Minot, ND, USA","US Highway 2, Minot, Ward County, North Dakota, 58701, United States",48.2096542,-101.3111905
68650,MARATHON,"I-75, EXIT 8",Cincinnati                              ,OH,300,3.899,"I-75, EXIT 8, Cincinnati                              , OH, USA","Mill Creek Expressway, Camp Washington, Cincinnati, Hamilton County, Ohio, 45234, United States",39.1255992,-84.5352743
68656,TA Express Williston,US-2 & US-85,Williston                               ,ND,807,3.44733333,"US-2 & US-85, Williston                               , ND, USA","Williston, Williams County, North Dakota, United States",48.1465457,-103.621814
68671,CASEYS #2969,US-81 & RD F,Fairmont,NE,350,3.28233333,"US-81 & RD F, Fairmont, NE, USA","Fairmont, Fillmore County, Nebraska, 68354, United States",40.6361358,-97.585282
68674,TEXACO,US-290 & SR-696,Elgin                                   ,TX,595,3.099,"US-290 & SR-696, Elgin                                   , TX, USA","Elgin, Bastrop County, Texas, 78621, United States",30.3495084,-97.371118
68690,MARATHON,US-30 & SR-30,Mansfield,OH,315,3.499,"US-30 & SR-30, Mansfield, OH, USA","Mansfield, Richland County, Ohio, United States",40.75839,-82.5154471
68692,DANDY MINI MART #57,SR-14,Horseheads,NY,190,3.899,"SR-14, Horseheads, NY, USA","Village of Horseheads, Town of Horseheads, Chemung County, New York, 14845, United States",42.1669832,-76.8202973
68693,SUPER STOPS,SR-70 & SR-308,Belle Rose,LA,623,3.499,"SR-70 & SR-308, Belle Rose, LA, USA","Belle Rose, Assumption Parish, Louisiana, 70341, United States",30.0385706,-91.0546176
68696,STRIPES #40800,FM-351 & US-181,Beeville,TX,625,3.01566666,"FM-351 & US-181, Beeville, TX, USA","Beeville, Bee County, Texas, United States",28.4008319,-97.7483312
68699,ORGANIC CONNECTION MOBIL,SR-997,Homestead,FL,95,3.344,"SR-997, Homestead, FL, USA","Southwest 177th Avenue, Homestead, Miami-Dade County, Florida, 33030, United States",25.477435,-80.4774341
68701,SPEEDWAY #1421,US-45 & CR-74,Frankfort,IL,293,3.399,"US-45 & CR-74, Frankfort, IL, USA","Frankfort, Will County, Illinois, 60423, United States",41.4979467,-87.8495946
68701,SPEEDWAY #1421,US-45 & CR-74,Frankfort,IL,293,3.359,"US-45 & CR-74, Frankfort, IL, USA","Frankfort, Will County, Illinois, 60423, United States",41.4979467,-87.8495946
68701,SPEEDWAY #1421,US-45 & CR-74,Frankfort,IL,293,3.299,"US-45 & CR-74, Frankfort, IL, USA","Frankfort, Will County, Illinois, 60423, United States",41.4979467,-87.8495946
68701,SPEEDWAY #1421,US-45 & CR-74,Frankfort,IL,293,3.369,"US-45 & CR-74, Frankfort, IL, USA","Frankfort, Will County, Illinois, 60423, United States",41.4979467,-87.8495946
68722,Pilot #140,US-40/US-191,Roosevelt,UT,835,3.759,"US-40/US-191, Roosevelt, UT, USA","Dinosaur Diamond Prehistoric Highway, Roosevelt, Duchesne County, Utah, 84066, United States",40.2907377,-109.9962951
68740,Certified Oil #400352,US-20 & SR-510 & SR-101,Clyde,OH,550,3.379,"US-20 & SR-510 & SR-101, Clyde, OH, USA","Clyde, Sandusky County, Ohio, 43410, United States",41.3040468,-82.9750686
68741,COUNTY LINE TRUCK STOP,SR-22,Dickinson,ND,273,3.53233333,"SR-22, Dickinson, ND, USA","Senior Avenue, Dickinson, Stark County, North Dakota, 58602, United States",46.8933545,-102.8036265
68742,ARTESIA #401,SR-82 & SR-285,Artesia,NM,593,3.439,"SR-82 & SR-285, Artesia, NM, USA","Artesia, Eddy County, New Mexico, 88210, United States",32.8423345,-104.4032963
68798,PILOT DEALER #1179,SR-189,Nogales,AZ,980,4.249,"SR-189, Nogales, AZ, USA","189, West Western Avenue, Nogales, Santa Cruz County, Arizona, 85621, United States",31.3485408,-110.9320947
68798,PILOT #1179,SR-189,Nogales,AZ,980,4.249,"SR-189, Nogales, AZ, USA","189, West Western Avenue, Nogales, Santa Cruz County, Arizona, 85621, United States",31.3485408,-110.9320947
68801,7-ELEVEN #40574,US-281,Blanco,TX,740,3.399,"US-281, Blanco, TX, USA","North US Highway 281, Blanco County, Texas, 78636, United States",30.2877383,-98.4043902
68806,SHELL,US-90,Westwego                                ,LA,725,3.06566666,"US-90, Westwego                                , LA, USA","River Road, Westwego, Jefferson Parish, Louisiana, 70094, United States",29.920369,-90.1429741
68808,SPEEDWAY #4574,US-701,Loris,SC,245,3.269,"US-701, Loris, SC, USA","Broad Street, Loris, Horry County, South Carolina, 29569, United States",34.0516797,-78.891923
68821,Joe's Kwik Mart #473,CR-139,Lancaster,NY,38,3.799,"CR-139, Lancaster, NY, USA","139, Westwood Road, Town of Lancaster, Erie County, New York, 14086, United States",42.91058,-78.6097502
68821,Joe's Kwik Mart #473,CR-139,Lancaster,NY,38,3.659,"CR-139, Lancaster, NY, USA","139, Westwood Road, Town of Lancaster, Erie County, New York, 14086, United States",42.91058,-78.6097502
68823,FRIENDS FOOD MART,SR-13,Mansfield                               ,OH,249,4.199,"SR-13, Mansfield                               , OH, USA","SR 13, Mansfield, Richland County, Ohio, 44907, United States",40.7396992,-82.5132746
68824,EXPRESSWAY,SR-60 & CR-9,Heron Lake,MN,425,3.299,"SR-60 & CR-9, Heron Lake, MN, USA","Heron Lake, Jackson County, Minnesota, 56137, United States",43.7949593,-95.3202763
68826,HIGHWAY SERVICE,US-44,Seekonk                                 ,MA,175,3.319,"US-44, Seekonk                                 , MA, USA","Taunton Avenue, Seekonk, Bristol County, Massachusetts, 02271, United States",41.8319754,-71.3032516
68828,CIRCLE K #2721540,US-78 & SR-15,New Albany,MS,435,3.759,"US-78 & SR-15, New Albany, MS, USA","New Albany, Union County, Mississippi, 38652, United States",34.4942683,-89.0078418
68831,KWIK TRIP #896,SR-65 & CR-J,Minneapolis,MN,451,3.599,"SR-65 & CR-J, Minneapolis, MN, USA","Minneapolis, Hennepin County, Minnesota, United States",44.9772995,-93.2654692
68836,Corner Market #160,US-60,Pampa,TX,585,3.399,"US-60, Pampa, TX, USA","West Wilks Street, Pampa, Gray County, Texas, 79065, United States",35.5257628,-100.9769955
68850,SPRINT MART #67,US-84/US-425,Vidalia,LA,730,3.08233333,"US-84/US-425, Vidalia, LA, USA","Natchez-Vidalia Bridge, Vidalia, Concordia Parish, Louisiana, 39122, United States",31.5621133,-91.4231794
68869,PUMP & PANTRY #4,SR-2 & SR-11,Cairo,NE,330,3.32733333,"SR-2 & SR-11, Cairo, NE, USA","Cairo, Hall County, Nebraska, United States",41.0009594,-98.6074087
68882,CAPITAL FUELS MYTON,US-40/191,Myton,UT,835,3.50233333,"US-40/191, Myton, UT, USA","Dinosaur Diamond Prehistoric Highway, Myton, Duchesne County, Utah, 84052, United States",40.2056316,-110.0675375
68883,CBH TRAVEL CENTER,US-85,Belle Fourche                           ,SD,506,3.299,"US-85, Belle Fourche                           , SD, USA","North 5th Avenue, Belle Fourche, Butte County, South Dakota, 57717, United States",44.6803251,-103.8536595
68886,BEBO'S,SR-38,Kentwood                                ,LA,600,3.01566666,"SR-38, Kentwood                                , LA, USA","Avenue G, Kentwood, Tangipahoa Parish, Louisiana, 70444, United States",30.9367782,-90.5152844
68892,OLIVE EXXON,US-31,Holland,MI,371,3.799,"US-31, Holland, MI, USA","US 31;BL I 196, Graafschap, Holland, Allegan County, Michigan, 49423, United States",42.7483659,-86.1242286
68899,XTRAMART,SR-9,Westborough,MA,175,3.649,"SR-9, Westborough, MA, USA","Westborough, Worcester County, Massachusetts, 01581, United States",42.2694308,-71.6129907
68901,SPEEDWAY #1224,"SR-741 & I-71, EXIT 25",Mason,OH,300,3.159,"SR-741 & I-71, EXIT 25, Mason, OH, USA","Kings Island Parking Exit, Mason, Warren County, Ohio, 45034, United States",39.3502981,-84.2666612
68902,CASEYS #3062,SR-281 & SR-160,Medicine Lodge,KS,357,3.114,"SR-281 & SR-160, Medicine Lodge, KS, USA","Medicine Lodge, Barber County, Kansas, 67104, United States",37.2811339,-98.580361
68903,BIG D KWIK SHOP,SR-59,Gillette,WY,836,3.379,"SR-59, Gillette, WY, USA","Parkview Senior Apartments, Gillette, Campbell County, Wyoming, United States",44.2982234,-105.5087294
68915,PUMP & PANTRY #53,US-20,Jackson,NE,527,3.41233333,"US-20, Jackson, NE, USA","Highway 20, Jackson, Saint Johns Precinct, Dakota County, Nebraska, 68743, United States",42.4482424,-96.572642
68923,STRIPES 7FLEET #42509,US-67 & SR-137,Big Lake,TX,612,3.599,"US-67 & SR-137, Big Lake, TX, USA","Big Lake, Reagan County, Texas, 76932, United States",31.1954739,-101.4592746
68927,MARATHON,US-19 & SR-80,Rosedale                                ,VA,185,3.749,"US-19 & SR-80, Rosedale                                , VA, USA","Rosedale, Russell County, Virginia, 24280, United States",36.9592782,-81.9312351
68930,PILOT #4569,"I-95, EXIT 5",Hardeeville,SC,195,3.37566666,"I-95, EXIT 5, Hardeeville, SC, USA","I 95, Hardeeville, Jasper County, South Carolina, 29927, United States",32.2766031,-81.0765735
68933,RUTTERS #23,US-30 & SR-462,Mountville,PA,70,3.979,"US-30 & SR-462, Mountville, PA, USA","Mountville, Lancaster County, Pennsylvania, United States",40.0392642,-76.4307964
68935,JACKSONS FOOD STORES #144,I-84 & SR-55,Nampa                                   ,ID,785,3.899,"I-84 & SR-55, Nampa                                   , ID, USA","Nampa, Canyon County, Idaho, United States",43.5780381,-116.5616885
68937,LANTZ CORNERS MINI MART #255,US-6 & US-219,Kane                                    ,PA,240,3.71566666,"US-6 & US-219, Kane                                    , PA, USA","Kane, McKean County, Pennsylvania, 16735, United States",41.6628394,-78.8111427
68949,JOES KWIK MARTS #475,US-15 & SR-20,Orange,VA,180,3.33233333,"US-15 & SR-20, Orange, VA, USA","Orange County, Virginia, United States",38.2490349,-78.013983
68950,KWIK TRIP #608,US-52 & SR-30,Chatfield,MN,515,3.48233333,"US-52 & SR-30, Chatfield, MN, USA","Chatfield, Fillmore County, Minnesota, United States",43.8446296,-92.1880907
68951,KWIK TRIP #313,US-10 & SR-73,Neillsville,WI,395,3.339,"US-10 & SR-73, Neillsville, WI, USA","Neillsville, Clark County, Wisconsin, United States",44.5604073,-90.5962609
68974,STRIPES #40801,US-181 & SR-123 & CR-347,Karnes City,TX,625,3.174,"US-181 & SR-123 & CR-347, Karnes City, TX, USA","Karnes City, Karnes County, Texas, United States",28.8849772,-97.9008356
68977,MAVERIK COUNTRY STORE #444,US-491 & US-666,Monticello,UT,835,3.489,"US-491 & US-666, Monticello, UT, USA","Monticello, San Juan County, Utah, United States",37.8750565,-109.3403148
68981,PETRO-CARD 24 #910450,US-63 & US-36,Macon                                   ,MO,494,3.239,"US-63 & US-36, Macon                                   , MO, USA","Macon County, Missouri, United States",39.8416253,-92.5675118
68982,SHELL,US-23,Grand Blanc                             ,MI,342,3.799,"US-23, Grand Blanc                             , MI, USA","Grand Blanc, Genesee County, Michigan, United States",42.9275277,-83.6299518
68987,STRIPES #40535,I-35,Cotulla,TX,625,3.339,"I-35, Cotulla, TX, USA","Purple Heart Trail, Cotulla, La Salle County, Texas, 78014, United States",28.4456452,-99.2467234
68988,7-ELEVEN #40547,US-281 & SR-29,Burnet,TX,740,2.95733333,"US-281 & SR-29, Burnet, TX, USA","Burnet County, Texas, United States",30.7763939,-98.1700016
68989,QUARLES #4907,SR-166,Norfolk,VA,130,3.809,"SR-166, Norfolk, VA, USA","William P. Robinson, Sr. Technology Center, 950, Park Avenue, Brambleton, Berkley, Norfolk, Virginia, 23504, United States",36.8500567,-76.2662416
68992,SHORT STOP #24,US-24,Saint Marys,KS,553,2.96733333,"US-24, Saint Marys, KS, USA","West Bertrand Avenue, Saint Marys, Pottawatomie County, Kansas, 66536, United States",39.1938759,-96.0704964
68993,SHORT STOP #22,SR-15,Clay Center,KS,316,2.97233333,"SR-15, Clay Center, KS, USA","Clay Center, Clay County, Kansas, United States",39.376941,-97.124743
68994,SHORT STOP #25,US-36 & SR-15,Washington,KS,316,2.90233333,"US-36 & SR-15, Washington, KS, USA","Washington County, Kansas, United States",39.7887478,-97.0917391
69002,KWIK TRIP #863,US-10,Stevens Point,WI,395,3.584,"US-10, Stevens Point, WI, USA","West Clark Street, Stevens Point, Portage County, Wisconsin, 54881, United States",44.5215311,-89.5904432
69007,SPEEDWAY #7136,US-41 & US-70,Nashville,TN,460,3.24233333,"US-41 & US-70, Nashville, TN, USA","Nashville, Davidson County, Middle Tennessee, Tennessee, United States",36.1622767,-86.7742984
69008,SPEEDWAY #7137,SR-42 & SR-111,Cookeville,TN,460,3.07733333,"SR-42 & SR-111, Cookeville, TN, USA","Cookeville, Putnam County, Middle Tennessee, Tennessee, United States",36.1623886,-85.4997057
69009,PILOT #1140,US-287,Rhome,TX,630,3.17566666,"US-287, Rhome, TX, USA","US 81;US 287, Rhome, Wise County, Texas, 76078, United States",33.0605849,-97.4769705
69013,SPEEDWAY #7124,US-231/SR-10,Lebanon,TN,460,3.024,"US-231/SR-10, Lebanon, TN, USA","North Cumberland Street, Lebanon, Wilson County, Middle Tennessee, Tennessee, 37087, United States",36.2137667,-86.2901584
69017,SHELL,US-71 & SR-511,Bossier City,LA,745,2.999,"US-71 & SR-511, Bossier City, LA, USA","Bossier City, Bossier Parish, Louisiana, United States",32.515887,-93.7336536
69021,SWEET CRUDE TRAVEL CENTER,HWY 85 & SR 200,Grassy Butte,ND,273,3.64066666,"HWY 85 & SR 200, Grassy Butte, ND, USA","Grassy Butte, McKenzie County, North Dakota, 58634, United States",47.3952923,-103.2490767
69036,REFUEL #1038,US-15 & SR-151,Hartsville,SC,46,3.36566666,"US-15 & SR-151, Hartsville, SC, USA","Hartsville, Darlington County, South Carolina, 29550, United States",34.3740431,-80.0734005
69037,CIRCLE K #2723192,US-64 & US-421,Siler City,NC,177,2.949,"US-64 & US-421, Siler City, NC, USA","Siler City, Chatham County, North Carolina, 27344, United States",35.7234734,-79.4622431
69041,SPEEDWAY #7960,US-258/US-13,Farmville,NC,205,2.899,"US-258/US-13, Farmville, NC, USA","May Boulevard, Birchwood, Farmville, Pitt County, North Carolina, 27828, United States",35.6028078,-77.5907427
69042,Joes Kwik Mart #7012,US-17/701,Georgetown,SC,205,2.999,"US-17/701, Georgetown, SC, USA","701, Church Street, Steele Town, Georgetown, Georgetown County, South Carolina, 29440, United States",33.370082,-79.27812
69048,QUICK FUEL #2104,"I-74, EXIT 11",Indianapolis,IN,375,3.66233333,"I-74, EXIT 11, Indianapolis, IN, USA","USS Indianapolis Memorial Highway, Indianapolis, Decatur Township, Marion County, Indiana, 46221, United States",39.7002794,-86.2587413
69052,PILOT DEALER #1193,US-93,Wikieup,AZ,930,3.839,"US-93, Wikieup, AZ, USA","Wickenburg–Kingman Highway, Wikieup, Mohave County, Arizona, United States",34.7174019,-113.6146313
69052,PILOT #1193,US-93,Wikieup,AZ,930,3.899,"US-93, Wikieup, AZ, USA","Wickenburg–Kingman Highway, Wikieup, Mohave County, Arizona, United States",34.7174019,-113.6146313
69053,PILOT #1192,US-60,Wittmann,AZ,930,4.899,"US-60, Wittmann, AZ, USA","Wickenburg–Phoenix Highway, Wittmann, Maricopa County, Arizona, 85361, United States",33.7713306,-112.5204644
69053,PILOT DEALER #1192,US-60,Wittmann,AZ,930,4.899,"US-60, Wittmann, AZ, USA","Wickenburg–Phoenix Highway, Wittmann, Maricopa County, Arizona, 85361, United States",33.7713306,-112.5204644
69055,PILOT DEALER #1058,US-301 & SR-200,Waldo,FL,140,3.799,"US-301 & SR-200, Waldo, FL, USA","Waldo, Alachua County, Florida, 32694, United States",29.7896882,-82.1673248
69055,PILOT TRAVEL CENTER #1058,US-301 & SR-200,Waldo,FL,140,3.799,"US-301 & SR-200, Waldo, FL, USA","Waldo, Alachua County, Florida, 32694, United States",29.7896882,-82.1673248
69057,MACH ONE FOOD SHOP #18,US-45/SR-15,Fairfield,IL,340,3.759,"US-45/SR-15, Fairfield, IL, USA","South 1st Street, Fairfield, Wayne County, Illinois, 62837, United States",38.360872,-88.360056
69057,MACH ONE FOOD SHOP #18,US-45/SR-15,Fairfield,IL,340,3.729,"US-45/SR-15, Fairfield, IL, USA","South 1st Street, Fairfield, Wayne County, Illinois, 62837, United States",38.360872,-88.360056
69058,FOOD N FUEL,SR-53,Joliet,IL,365,3.599,"SR-53, Joliet, IL, USA","Murphy USA, 1481, South Division Street, Shorewood, Troy Township, Will County, Illinois, 60431, United States",41.5481365,-88.2015076
69058,FOOD N FUEL,SR-53,Joliet,IL,365,3.499,"SR-53, Joliet, IL, USA","Murphy USA, 1481, South Division Street, Shorewood, Troy Township, Will County, Illinois, 60431, United States",41.5481365,-88.2015076
69061,SPINX #125 (DISCOUNT AVAILABLE),US-25 & SR-331,Piedmont,SC,30,3.06566666,"US-25 & SR-331, Piedmont, SC, USA","Piedmont, Anderson County, South Carolina, United States",34.7023389,-82.4645714
69064,DUCK THRU #7,US-258,Rich Square                             ,NC,130,3.699,"US-258, Rich Square                             , NC, USA","South Main Street, Rich Square, Northampton County, North Carolina, 27869, United States",36.2666942,-77.2899385
69069,SPINX #179 (DISCOUNT AVAILABLE),SR-291,Greenville                              ,SC,210,3.799,"SR-291, Greenville                              , SC, USA","291, Haynie Street, Downtown, Greenville, Greenville County, South Carolina, 29605, United States",34.83721,-82.4026829
69076,A PLUS MINI MARKET,"I-95, MM 82",Aberdeen,MD,22,3.83233333,"I-95, MM 82, Aberdeen, MD, USA","John F. Kennedy Memorial Highway, Woodbrook, Aberdeen Hills, Aberdeen, Harford County, Maryland, 21001, United States",39.5266156,-76.1912881
69079,Circle K #2746432,SR-2,Stanley,ND,452,3.549,"SR-2, Stanley, ND, USA","Stanley, Mountrail County, North Dakota, United States",48.317241,-102.390452
69084,TIGER MART #79,SR-287 & FM-664,Waxahachie,TX,630,2.849,"SR-287 & FM-664, Waxahachie, TX, USA","Waxahachie, Ellis County, Texas, United States",32.3944908,-96.8439365
69088,SPEEDWAY #3478,US-9 & SR-184,Perth Amboy,NJ,115,3.419,"US-9 & SR-184, Perth Amboy, NJ, USA","Perth Amboy, Middlesex County, New Jersey, 08861, United States",40.5133218,-74.2724241
69091,SPEEDWAY #6670,US-36/SR-67,Indianapolis,IN,375,3.229,"US-36/SR-67, Indianapolis, IN, USA","Murphy USA, 10725, Pendleton Pike, Indianapolis, Lawrence Township, Marion County, Indiana, 46236, United States",39.8600756,-85.9767046
69096,SPEEDWAY #2907,US-62 & SR-18,Hermitage,PA,165,3.93733333,"US-62 & SR-18, Hermitage, PA, USA","Hermitage, Mercer County, Pennsylvania, United States",41.2333897,-80.44868
69098,CIRCLE K #2741318,SR-285 & CR-160,Dripping Springs                        ,TX,595,3.049,"SR-285 & CR-160, Dripping Springs                        , TX, USA","Dripping Springs, Hays County, Texas, United States",30.1902067,-98.0866781
69100,DADS NORTH YELLOWSTONE,US-26,Idaho Falls,ID,825,3.599,"US-26, Idaho Falls, ID, USA","North Yellowstone Highway, Idaho Falls, Bonneville County, Idaho, 83401, United States",43.5147179,-112.0097753
69104,QUIKTRIP #970,SR-12 & SR-180,Dallas,TX,630,2.97566666,"SR-12 & SR-180, Dallas, TX, USA","Dallas, Dallas County, Texas, United States",32.7762719,-96.7968559
69110,SHEETZ #498,US-22/US-119,Blairsville,PA,165,3.52733333,"US-22/US-119, Blairsville, PA, USA","William Penn Highway, Blairsville, Indiana County, Pennsylvania, 15717, United States",40.440194,-79.2582299
69117,SPEEDWAY #6395,US-24 & SR-64,Waterville,OH,550,3.699,"US-24 & SR-64, Waterville, OH, USA","Waterville, Waterville Township, Lucas County, Ohio, 43566, United States",41.5008859,-83.7182701
69122,DOUBLE QUICK #61,US-82,Leland,MS,655,3.299,"US-82, Leland, MS, USA","Greenville Bypass, Leland, Washington County, Mississippi, 38756, United States",33.3904888,-90.9232252
69123,LATTA TRAVEL STOP,SR-1,Ada,OK,569,3.10733333,"SR-1, Ada, OK, USA","Ada, Pontotoc County, Oklahoma, United States",34.7743383,-96.6783651
69132,PILOT #1001,US-67 & SR-137,Big Lake,TX,710,4.059,"US-67 & SR-137, Big Lake, TX, USA","Big Lake, Reagan County, Texas, 76932, United States",31.1954739,-101.4592746
69133,PILOT TRAVEL CENTERS #557,US-180 & US-62,Hobbs                                   ,NM,593,3.729,"US-180 & US-62, Hobbs                                   , NM, USA","Hobbs, Lea County, New Mexico, United States",32.7027017,-103.1355302
69139,CIRCLE K #2741545,SR-72 & US-87,Cuero,TX,747,3.099,"SR-72 & US-87, Cuero, TX, USA","Cuero, DeWitt County, Texas, 77954, United States",29.0938036,-97.2900564
69143,MACH 1 #21,US-45 & SR-34,Harrisburg,IL,510,3.689,"US-45 & SR-34, Harrisburg, IL, USA","Harrisburg, Saline County, Illinois, 62946, United States",37.7385,-88.5405213
69144,STRIPES 7FLEET #42530,SR-71 & SR-16,Llano,TX,740,3.23233333,"SR-71 & SR-16, Llano, TX, USA","Llano County, Texas, United States",30.6663312,-98.6970374
69159,EXXON,US-15 & SR-49,Lawrenceville,PA,32,3.699,"US-15 & SR-49, Lawrenceville, PA, USA","Lawrenceville, Pittsburgh, Allegheny County, Pennsylvania, 15201, United States",40.467569,-79.9606078
69162,Shell,US-20 & SR-15,Goshen,IN,370,3.549,"US-20 & SR-15, Goshen, IN, USA","Goshen, Elkhart County, Indiana, United States",41.5850394,-85.8344491
69165,EL TIPI QUICK STOP,US-283 & SR-15,Shattuck                                ,OK,337,3.23233333,"US-283 & SR-15, Shattuck                                , OK, USA","Shattuck, Ellis County, Oklahoma, 73858, United States",36.2739613,-99.8779598
69170,SPEEDWAY #9381,US-50 & SR-14,Parkersburg,WV,430,3.464,"US-50 & SR-14, Parkersburg, WV, USA","Parkersburg, Wood County, West Virginia, United States",39.2667309,-81.5620755
69171,KWIK STAR #215,US-61,Davenport,IA,270,3.649,"US-61, Davenport, IA, USA","I 80;US 61, Davenport, Sheridan Township, Scott County, Iowa, 52806, United States",41.6000733,-90.6223172
69173,KWIK TRIP #231,US-61 & SR-310,Boscobel,WI,335,3.474,"US-61 & SR-310, Boscobel, WI, USA","Boscobel, Grant County, Wisconsin, United States",43.1346751,-90.7057398
69174,KWIK TRIP #860,SR-17,Rhinelander,WI,395,3.45233333,"SR-17, Rhinelander, WI, USA","Rhinelander, Oneida County, Wisconsin, 54501, United States",45.636623,-89.412075
69175,KWIK TRIP #854,US-212 & CR-33,Norwood Young America                   ,MN,453,3.674,"US-212 & CR-33, Norwood Young America                   , MN, USA","Norwood Young America, Carver County, Minnesota, 55368, United States",44.7735732,-93.9216348
69185,LOVES TRAVEL STOP #560,US-258 & US-58,Franklin,VA,130,3.889,"US-258 & US-58, Franklin, VA, USA","Franklin County, Virginia, United States",37.0527719,-79.8813093
69185,LOVES TRAVEL STOPS #560,US-258 & US-58,Franklin,VA,130,3.889,"US-258 & US-58, Franklin, VA, USA","Franklin County, Virginia, United States",37.0527719,-79.8813093
69186,LOVES TRAVEL STOP #551,US-20 & CR-127,Angola,IN,465,3.889,"US-20 & CR-127, Angola, IN, USA","Angola, Steuben County, Indiana, United States",41.634874,-84.99928
69187,LOVES TRAVEL STOP #559,US-82 & US-49,Indianola,MS,655,3.31566666,"US-82 & US-49, Indianola, MS, USA","Indianola, Sunflower County, Mississippi, 38751, United States",33.4509513,-90.6550917
69193,Certified Oil #400305,SR-2 & SR-7,New Martinsville,WV,317,3.31733333,"SR-2 & SR-7, New Martinsville, WV, USA","New Martinsville, Wetzel County, West Virginia, United States",39.643573,-80.8636301
69203,SPEEDWAY #1414,US-45,Mokena,IL,293,3.339,"US-45, Mokena, IL, USA","South La Grange Road, Mokena, Will County, Illinois, 60449, United States",41.5529982,-87.8532085
69213,Circle K #2741498,SR-72 & SR-16,Tilden                                  ,TX,747,3.199,"SR-72 & SR-16, Tilden                                  , TX, USA","Tilden, McMullen County, Texas, United States",28.4600647,-98.5482896
69215,GASWAY,US-1,North Brunswick                         ,NJ,115,3.159,"US-1, North Brunswick                         , NJ, USA","US 1, North Brunswick Township, Middlesex County, New Jersey, 08901, United States",40.475764,-74.4264389
69222,PILOT TRAVEL CENTERS #1003,US-287 & US-283,Childress,TX,585,3.799,"US-287 & US-283, Childress, TX, USA","Childress County, Texas, 79201, United States",34.5196569,-100.2067656
69226,STRIPES #40812,US-77,Odem,TX,625,3.199,"US-77, Odem, TX, USA","US 77, Odem, San Patricio County, Texas, 78370, United States",27.9410159,-97.5914866
69230,JOES KWIK MARTS #6013,SR-16 & SR-73,Denver,NC,46,3.189,"SR-16 & SR-73, Denver, NC, USA","Denver, Lincoln County, North Carolina, 28037, United States",35.5312452,-81.0297994
69233,PILOT TRAVEL CENTER #597,US-23 & US-50,Chillicothe,OH,315,3.799,"US-23 & US-50, Chillicothe, OH, USA","Chillicothe, Scioto Township, Ross County, Ohio, 45601, United States",39.3331197,-82.9824019
69235,KWIK TRIP #203,US-2 & SR-35,Superior,WI,334,3.339,"US-2 & SR-35, Superior, WI, USA","City of Superior, Douglas County, Wisconsin, 54880, United States",46.7207737,-92.1040796
69245,SPEEDWAY #7946,SR-24,Newport,NC,205,3.699,"SR-24, Newport, NC, USA","24, Roberts Road, Newport, Carteret County, North Carolina, 28570, United States",34.7766312,-76.8604302
69252,SPEEDWAY #6977,SR-96,Youngsville,NC,205,2.95233333,"SR-96, Youngsville, NC, USA","South Cross Street, Youngsville, Franklin County, North Carolina, 27596, United States",36.0130793,-78.473545
69255,THE LANDING,US-82,Greenwood,MS,655,3.199,"US-82, Greenwood, MS, USA","US 49E;US 82;MS 7, Greenwood, Leflore County, Mississippi, 38935, United States",33.5263688,-90.2090875
69257,CATARINA ONE STOP,US-83,Catarina,TX,693,3.024,"US-83, Catarina, TX, USA","Texas Vietnam Veterans Memorial Highway, Catarina, Dimmit County, Texas, 78836, United States",28.3535853,-99.6150968
69263,LOVES TRAVEL STOP #564,US-82 & SR-50 & SR-12,Columbus,MS,615,3.249,"US-82 & SR-50 & SR-12, Columbus, MS, USA","Columbus, Lowndes County, Mississippi, 39703, United States",33.4956744,-88.4272627
69289,KWIK TRIP #224,"I-35, EXIT 254",Duluth,MN,334,3.499,"I-35, EXIT 254, Duluth, MN, USA","2nd Avenue Exit Ramp, Harbor Highlands, Central Hillside, Central Duluth, Duluth, Saint Louis County, Minnesota, 55805, United States",46.7891687,-92.1067697
69299,SPEEDWAY #7912,US-421/SR-16,Wilkesboro,NC,65,3.134,"US-421/SR-16, Wilkesboro, NC, USA","Watson Brame Expressway, Westwood Hills, Wilkesboro, Wilkes County, North Carolina, 28697, United States",36.1451994,-81.1772394
69300,SPEEDWAY #8262,SR-306 & SR-55,Grantsboro,NC,205,3.44066666,"SR-306 & SR-55, Grantsboro, NC, USA","Grantsboro, Pamlico County, North Carolina, United States",35.1406429,-76.84246
69301,SPEEDWAY #6969,US-264 & SR-99,Belhaven,NC,205,3.19733333,"US-264 & SR-99, Belhaven, NC, USA","Belhaven, Beaufort County, North Carolina, 27810, United States",35.5401653,-76.6229874
69308,LOVES TRAVEL STOP #535,SR-283,Middletown,PA,70,3.759,"SR-283, Middletown, PA, USA","283, State Route 3033, Rush Township, Susquehanna County, Pennsylvania, 18801, United States",41.823874,-76.0769958
69312,ONVO TRAVEL PLAZA - DUNCANNON,US-11/15,Duncannon,PA,70,3.55233333,"US-11/15, Duncannon, PA, USA","US 11;US 15, Duncannon, Perry County, Pennsylvania, United States",40.3925567,-77.034358
69318,FUEL ONE,US-9 & SR-35,Avenel,NJ,115,3.37233333,"US-9 & SR-35, Avenel, NJ, USA","Avenel, Port Reading, Woodbridge Township, Middlesex County, New Jersey, 07001, United States",40.5848314,-74.2730161
69321,CIRCLE K #2741546,US-90,Gonzales,TX,747,2.87566666,"US-90, Gonzales, TX, USA","US 90, Gonzales County, Texas, 78959, United States",29.6958975,-97.3071549
69338,SPEEDWAY #6139,US-30 & SR-13,Pierceton,IN,465,3.729,"US-30 & SR-13, Pierceton, IN, USA","Pierceton, Kosciusko County, Indiana, United States",41.2003229,-85.7055417
69344,CIRCLE K #2741078,SR-97 & SR-123,Stockdale,TX,747,3.079,"SR-97 & SR-123, Stockdale, TX, USA","Stockdale, Wilson County, Texas, 78160, United States",29.2339501,-97.9607748
69354,CIRCLE K #4702411,US-36,Danville,IN,375,3.789,"US-36, Danville, IN, USA","East Main Street, Danville, Hendricks County, Indiana, 46122, United States",39.7605061,-86.5169354
69362,HART MARATHON,US-31,Hart,MI,456,3.499,"US-31, Hart, MI, USA","US 31, Hart Township, Oceana County, Michigan, United States",43.7116841,-86.3942712
69362,HART MARATHON,US-31,Hart,MI,456,3.449,"US-31, Hart, MI, USA","US 31, Hart Township, Oceana County, Michigan, United States",43.7116841,-86.3942712
69365,Circle K #4703911,SR-109 & SR-52,Portland,TN,460,2.959,"SR-109 & SR-52, Portland, TN, USA","Portland, Sumner County, Middle Tennessee, Tennessee, 37148, United States",36.5817089,-86.5163833
69374,7-ELEVEN #40558,SR-6 & CR-185,Woodway,TX,765,2.98566666,"SR-6 & CR-185, Woodway, TX, USA","Woodway, McLennan County, Texas, United States",31.5059105,-97.2050856
69377,CIRCLE K #4705628,SR-21 & SR-585,Barberton,OH,249,3.58233333,"SR-21 & SR-585, Barberton, OH, USA","Barberton, Summit County, Ohio, 44203, United States",41.012833,-81.6051221
69379,Kum & Go #0535,US-6 & US-65,Des Moines,IA,320,2.98733333,"US-6 & US-65, Des Moines, IA, USA","Des Moines, Polk County, Iowa, United States",41.5868654,-93.6249494
69380,CASEYS #2967,SR-43 & SR-2,Bennet,NE,413,3.229,"SR-43 & SR-2, Bennet, NE, USA","Bennet, Nemaha Precinct, Lancaster County, Nebraska, United States",40.6790215,-96.5078002
69393,LOVES TRAVEL STOP #594,US-35 & SR-850,Bidwell,OH,315,3.849,"US-35 & SR-850, Bidwell, OH, USA","Bidwell, Springfield Township, Gallia County, Ohio, 45614, United States",38.9186892,-82.2990401
69395,SPEEDWAY #3766,US-52,Indianapolis,IN,375,3.599,"US-52, Indianapolis, IN, USA","North West Street, Fayette Street Conservation Area, Indianapolis, Center Township, Marion County, Indiana, 46282, United States",39.7773267,-86.1672525
69400,CASEYS #4411,US-641 & SR-58,Benton,KY,490,3.199,"US-641 & SR-58, Benton, KY, USA","Benton, Marshall County, Kentucky, United States",36.8572781,-88.350315
69412,CIRCLE K #4705724,US-127 & CR-144,Paulding,OH,411,3.699,"US-127 & CR-144, Paulding, OH, USA","Paulding County, Ohio, United States",41.1628401,-84.5902954
69417,LOVLEN FOODS,US-58 & SR-615,Drewryville,VA,130,3.049,"US-58 & SR-615, Drewryville, VA, USA","Drewryville, Southampton County, Virginia, 23844, United States",36.7157055,-77.3063603
69423,FAST MARKET #4574,SR-375 & CR-258,El Paso,TX,640,2.90566666,"SR-375 & CR-258, El Paso, TX, USA","El Paso, El Paso County, Texas, United States",31.7601001,-106.4870476
69434,CIRCLE K #2741559,US-281 & SR-29,Burnet,TX,595,2.91566666,"US-281 & SR-29, Burnet, TX, USA","Burnet County, Texas, United States",30.7763939,-98.1700016
69436,CIRCLE K #2741077,SR-97 & CR-433,Pleasanton                              ,TX,747,2.949,"SR-97 & CR-433, Pleasanton                              , TX, USA","Pleasanton, Atascosa County, Texas, 78064, United States",28.967194,-98.4786269
69437,CountryMark,SR-66,Evansville                              ,IN,340,3.699,"SR-66, Evansville                              , IN, USA","East Diamond Avenue, Evansville, Vanderburgh County, Indiana, 47711, United States",37.9993707,-87.5540038
69440,LOVES TRAVEL STOP #592,US-24 & SR-101,Woodburn,IN,370,3.849,"US-24 & SR-101, Woodburn, IN, USA","Woodburn, Allen County, Indiana, United States",41.1253271,-84.8532963
69442,Eagle #51,US-83 & FM-1917,Carrizo Springs,TX,740,3.279,"US-83 & FM-1917, Carrizo Springs, TX, USA","Farm-to-Market Road 1917, Carrizo Springs, Dimmit County, Texas, 78834, United States",28.5153186,-99.8467575
69446,SUPER SAVE #4,SR-33 & SR-15,Farmerville,LA,719,3.479,"SR-33 & SR-15, Farmerville, LA, USA","Farmerville, Union Parish, Louisiana, United States",32.7747312,-92.4046686
69452,DANDY MINI MART #5,HWY 6,Towanda,PA,32,3.999,"HWY 6, Towanda, PA, USA","6, York Avenue, Towanda, Bradford County, Pennsylvania, 18848, United States",41.771486,-76.4431778
69453,7-ELEVEN #41033,US-69,Woodville,TX,610,3.149,"US-69, Woodville, TX, USA","North Magnolia Street, Woodville, Tyler County, Texas, 75990, United States",30.7880771,-94.4198546
69465,MAVERIK COUNTRY STORE #476,US-59,Gillette,WY,790,3.36566666,"US-59, Gillette, WY, USA","Gillette, Campbell County, Wyoming, 82718, United States",44.290635,-105.501876
69467,CIRCLE K #2741547,US-181,Floresville,TX,740,2.99566666,"US-181, Floresville, TX, USA","10th Street, Floresville, Wilson County, Texas, 78114, United States",29.1406202,-98.1520565
69468,TOOT N TOTUM #100,US-83,Perryton,TX,585,2.999,"US-83, Perryton, TX, USA","South Main Street, Perryton, Ochiltree County, Texas, 79070, United States",36.3781996,-100.8026264
69477,LOVES TRAVEL STOP #621,US-36 & SR-110,Bevier,MO,310,3.439,"US-36 & SR-110, Bevier, MO, USA","Bevier, Macon County, Missouri, 63532, United States",39.7469768,-92.5640769
69480,VAN HOOK TRAVEL CENTER,US-23,New Town                                ,ND,452,3.56233333,"US-23, New Town                                , ND, USA","New Town, Shell Creek Segment, Mountrail County, North Dakota, 58763, United States",47.980848,-102.49018
69484,KWIK TRIP #774,SR-13,Adams,WI,395,3.274,"SR-13, Adams, WI, USA","Adams, Adams County, Wisconsin, United States",43.9559368,-89.8175453
69485,7-ELEVEN #41036,US-96,San Augustine,TX,618,3.159,"US-96, San Augustine, TX, USA","South Clark Street, San Augustine, San Augustine County, Texas, 75972, United States",31.5284497,-94.1004686
69486,DUCK THRU FOOD STORE #42,SR-186 & SR-305,Seaboard,NC,130,3.299,"SR-186 & SR-305, Seaboard, NC, USA","Seaboard, Northampton County, North Carolina, 27876, United States",36.4901519,-77.4413634
69494,TMI FUEL STOP,SR 1,Port Allen                              ,LA,600,3.06566666,"SR 1, Port Allen                              , LA, USA","Port Allen, West Baton Rouge Parish, Louisiana, United States",30.45335,-91.2100569
69495,QUIKTRIP #72,US-69 & US-62,Muskogee,OK,560,3.03233333,"US-69 & US-62, Muskogee, OK, USA","Muskogee County, Oklahoma, United States",35.6630196,-95.3927706
69499,HANKS TRUCK STOP,US-39 & US-30,Hanna,IN,457,3.499,"US-39 & US-30, Hanna, IN, USA","Hanna, LaPorte County, Indiana, 46340, United States",41.4119862,-86.7800207
69508,KWIK TRIP #777,SR-49 & CR-F,Berlin,WI,582,3.42566666,"SR-49 & CR-F, Berlin, WI, USA","City of Berlin, Green Lake County, Wisconsin, United States",43.9684264,-88.9466233
69510,CLARK #3121,SR-46 & SR-24,Caro                                    ,MI,260,3.399,"SR-46 & SR-24, Caro                                    , MI, USA","Caro, Tuscola County, Michigan, 48723, United States",43.491132,-83.396897
69536,7-ELEVEN #40802,US-87,Nixon,TX,740,3.079,"US-87, Nixon, TX, USA","US 87;TX 97, Pandora, Nixon, Wilson County, Texas, 78143, United States",29.2550026,-97.8186472
69541,PILOT #1027,US-385 & CR-E,Vega                                    ,TX,585,3.30566666,"US-385 & CR-E, Vega                                    , TX, USA","Vega, Oldham County, Texas, 79092, United States",35.24603,-102.4252734
69547,KWIK TRIP #297,"US-10, WI-441",Menasha,WI,582,3.49066666,"US-10, WI-441, Menasha, WI, USA","Tri-County Expressway, Menasha, Winnebago County, Wisconsin, 54911, United States",44.2339521,-88.4146718
69553,SPEEDWAY #2120,US-30,Oswego,IL,293,3.249,"US-30, Oswego, IL, USA","Lincoln Highway, Wolfs, Oswego, Oswego Township, Kendall County, Illinois, 60503, United States",41.6961014,-88.261726
69553,SPEEDWAY #2120,US-30,Oswego,IL,293,3.259,"US-30, Oswego, IL, USA","Lincoln Highway, Wolfs, Oswego, Oswego Township, Kendall County, Illinois, 60503, United States",41.6961014,-88.261726
69553,SPEEDWAY #2120,US-30,Oswego,IL,293,3.299,"US-30, Oswego, IL, USA","Lincoln Highway, Wolfs, Oswego, Oswego Township, Kendall County, Illinois, 60503, United States",41.6961014,-88.261726
69558,CIRCLE K #2741070,FM-1560,San Antonio,TX,740,2.914,"FM-1560, San Antonio, TX, USA","FM 1560 North, San Antonio, Bexar County, Texas, 78249, United States",29.5699821,-98.6531874
69562,SPEEDWAY #8796,"I-496, EXIT 11",Lansing,MI,406,3.699,"I-496, EXIT 11, Lansing, MI, USA","Ransom E Olds Freeway, Lansing, Ingham County, Michigan, 48909, United States",42.7256411,-84.5380911
69565,PILOT #1021,"I-196, EXIT 49",Holland,MI,406,3.999,"I-196, EXIT 49, Holland, MI, USA","Gerald R Ford Freeway, Holland, Allegan County, Michigan, 49423, United States",42.7436034,-86.0720158
69565,PILOT #1021,"I-196, EXIT 49",Holland,MI,406,4.099,"I-196, EXIT 49, Holland, MI, USA","Gerald R Ford Freeway, Holland, Allegan County, Michigan, 49423, United States",42.7436034,-86.0720158
69568,KWIK TRIP #295,SR-26 & SR-59,Milton,WI,420,3.399,"SR-26 & SR-59, Milton, WI, USA","Milton, Rock County, Wisconsin, 53563, United States",42.7753567,-88.9390017
69570,CENEX CONVENIENCE,SR-34 & CR-21,Detroit Lakes,MN,341,3.499,"SR-34 & CR-21, Detroit Lakes, MN, USA","Detroit Lakes, Becker County, Minnesota, United States",46.817181,-95.845325
69580,GORES TRAVEL PLAZA,US-270/SR-3,Seiling,OK,483,3.149,"US-270/SR-3, Seiling, OK, USA","OK 3;US 270, Seiling, Dewey County, Oklahoma, 73663, United States",36.1574096,-98.9285441
69584,LOVES TRAVEL STOP #648,US-70,Valliant,OK,253,3.099,"US-70, Valliant, OK, USA","Wilson Street, Valliant, McCurtain County, Oklahoma, 74764, United States",34.0028269,-95.0968814
69590,LOVES TRAVEL STOP #654,US-81,Union City,OK,483,3.37566666,"US-81, Union City, OK, USA","US 81;OK 152, Union City, Canadian County, Oklahoma, 73090, United States",35.3645327,-97.9292048
69592,SPEEDWAY #6131,"I-465, EXIT 49",Indianapolis,IN,375,3.799,"I-465, EXIT 49, Indianapolis, IN, USA","USS Indianapolis Memorial Highway, Indianapolis, Decatur Township, Marion County, Indiana, 46251, United States",39.7077123,-86.2643049
69594,SPEEDWAY #8480,US-30 & CR-36,Plainfield,IL,293,3.279,"US-30 & CR-36, Plainfield, IL, USA","Plainfield, Plainfield Township, Will County, Illinois, United States",41.6086711,-88.2054345
69594,SPEEDWAY #8480,US-30 & CR-36,Plainfield,IL,293,3.339,"US-30 & CR-36, Plainfield, IL, USA","Plainfield, Plainfield Township, Will County, Illinois, United States",41.6086711,-88.2054345
69595,SPEEDWAY #7176,US-31/SR-6,Columbia,TN,460,3.359,"US-31/SR-6, Columbia, TN, USA","Nashville Highway, Jackson Heights, Columbia, Maury County, Middle Tennessee, Tennessee, 38401, United States",35.6429506,-87.013999
69597,SPEEDWAY #2918,US-119,Uniontown,PA,165,3.91566666,"US-119, Uniontown, PA, USA","US 40;US 119, South Uniontown, South Union Township, Fayette County, Pennsylvania, 15401, United States",39.8991333,-79.7498679
69598,SPEEDWAY #8133,SR-237,Berea,OH,305,3.499,"SR-237, Berea, OH, USA","Front Street, Berea, Cuyahoga County, Ohio, 44017, United States",41.3814869,-81.8530536
69599,One9 SPEEDWAY #2917,SR-48 & SR-130,Monroeville,PA,165,3.99233333,"SR-48 & SR-130, Monroeville, PA, USA","Monroeville, Allegheny County, Pennsylvania, 15146, United States",40.4335167,-79.7606192
69601,LOVES TRAVEL STOP #638,US-54,Texhoma,OK,585,3.509,"US-54, Texhoma, OK, USA","Jack Vernon Begley Memorial Highway, Texhoma, OK, Texas County, Oklahoma, 73949, United States",36.5020094,-101.779229
69605,CASEYS #3305,SR-23 & SR-47,Ogilvie,MN,333,3.371,"SR-23 & SR-47, Ogilvie, MN, USA","Ogilvie, Kanabec County, Minnesota, United States",45.8321825,-93.4263416
69607,PANOLA PINES PLAZA,I-59,Carthage,TX,618,3.139,"I-59, Carthage, TX, USA","Carthage, Panola County, Texas, 75633, United States",32.1570412,-94.338114
69608,STRIPES,FM 1924,Mission,TX,639,3.099,"FM 1924, Mission, TX, USA","3 Mile Line, Basham Number 2 Colonia, Villa Capri Colonia, Mission, Hidalgo County, Texas, 78571, United States",26.2635753,-98.3560039
69611,CUBBYS #2104,CR-131,Shelby                                  ,NE,313,3.399,"CR-131, Shelby                                  , NE, USA","County Road U, Shelby, Polk County, Nebraska, 68666, United States",41.2321244,-97.4259157
69614,RUTTERS #36,US-15 & SR-234,York Springs,PA,70,4.299,"US-15 & SR-234, York Springs, PA, USA","York Springs, Adams County, Pennsylvania, United States",40.0089827,-77.1155359
69625,RUTTERS #34,US-30 & SR-23,Leola,PA,70,4.199,"US-30 & SR-23, Leola, PA, USA","Leola, Upper Leacock Township, Lancaster County, Pennsylvania, 17540, United States",40.087875,-76.1849534
69630,MANSFIELD TRAVEL PLAZA,SR-175 & SR-509,Mansfield,LA,745,3.019,"SR-175 & SR-509, Mansfield, LA, USA","Mansfield, DeSoto Parish, Louisiana, United States",32.0218301,-93.7143492
69632,Circle K #2709300,US-72/SR-2,Huntsville,AL,460,2.97733333,"US-72/SR-2, Huntsville, AL, USA","University Drive Northwest, Huntsville, Madison County, Alabama, 35806, United States",34.7499745,-86.6973265
69637,PILOT #1041,SR-64 & CR-23,Carol Stream,IL,290,3.759,"SR-64 & CR-23, Carol Stream, IL, USA","Carol Stream, Bloomingdale Township, DuPage County, Illinois, 60188, United States",41.9125286,-88.1347927
69637,PILOT TRAVEL CENTER #1041,SR-64 & CR-23,Carol Stream,IL,290,3.699,"SR-64 & CR-23, Carol Stream, IL, USA","Carol Stream, Bloomingdale Township, DuPage County, Illinois, 60188, United States",41.9125286,-88.1347927
69637,PILOT #1041,SR-64 & CR-23,Carol Stream,IL,290,3.799,"SR-64 & CR-23, Carol Stream, IL, USA","Carol Stream, Bloomingdale Township, DuPage County, Illinois, 60188, United States",41.9125286,-88.1347927
69637,PILOT TRAVEL CENTER #1041,SR-64 & CR-23,Carol Stream,IL,290,3.799,"SR-64 & CR-23, Carol Stream, IL, USA","Carol Stream, Bloomingdale Township, DuPage County, Illinois, 60188, United States",41.9125286,-88.1347927
69651,LOVES TRAVEL STOP #074,SR-19 & SR-76,Lindsay,OK,483,3.09066666,"SR-19 & SR-76, Lindsay, OK, USA","Lindsay, Garvin County, Oklahoma, United States",34.8347959,-97.6025319
69652,LOVES TRAVEL STOP #633,US-30,Plymouth,IN,365,3.849,"US-30, Plymouth, IN, USA","US 30, Plymouth, Marshall County, Indiana, 46563, United States",41.3619011,-86.314155
69654,LOVES TRAVEL STOP #636,US-169,Nowata,OK,500,3.399,"US-169, Nowata, OK, USA","US 169, Nowata County, Oklahoma, 74048, United States",36.6672758,-95.6473683
69657,JIFFY MART,US-7 & SR-22A,Ferrisburgh,VT,39,3.599,"US-7 & SR-22A, Ferrisburgh, VT, USA","Ferrisburgh, Addison County, Vermont, United States",44.2057119,-73.2462973
69662,STRIPES 7FLEET #42472,US-377,Brownwood,TX,575,2.96233333,"US-377, Brownwood, TX, USA","Main Street, Brownwood, Brown County, Texas, 76801, United States",31.7100751,-98.991006
69664,7-ELEVEN #40544,US-281,Lampasas,TX,765,2.91566666,"US-281, Lampasas, TX, USA","North Key Avenue, Lampasas, Lampasas County, Texas, 76550, United States",31.0697098,-98.1845711
69666,7-ELEVEN #40587,SR-21 & FM-150,Maxwell,TX,595,3.15233333,"SR-21 & FM-150, Maxwell, TX, USA","Maxwell, Caldwell County, Texas, 78656, United States",29.881897,-97.7956423
69671,LOVES TRAVEL STOP #655,US-83 & SR-96,Scott City,KS,525,3.63733333,"US-83 & SR-96, Scott City, KS, USA","Scott City, Scott County, Kansas, 67871, United States",38.4825192,-100.907094
69672,STRIPES 7FLEET #42507,US-285,Pecos,TX,710,3.379,"US-285, Pecos, TX, USA","East Dickinson Boulevard, Fort Stockton, Pecos County, Texas, 79735, United States",30.8930828,-102.8782743
69679,LOVES TRAVEL STOP #627,US-27 & SR-54,Davenport,FL,140,3.55233333,"US-27 & SR-54, Davenport, FL, USA","Davenport, Polk County, Florida, 33836, United States",28.1614046,-81.6017417
69683,GOOD TO GO #88,"I-55, EXIT 283",Chicago,IL,291,3.619,"I-55, EXIT 283, Chicago, IL, USA","Grant Park South Garage (Exit), Jewelers Row, Loop, Chicago, South Chicago Township, Cook County, Illinois, 60604, United States",41.8774134,-87.6243099
69686,CASEYS #3472,SR-125 & SR-78,Virginia,IL,368,3.759,"SR-125 & SR-78, Virginia, IL, USA","Virginia, Cass County, Illinois, United States",39.9511595,-90.2123427
69686,CASEYS #3472,SR-125 & SR-78,Virginia,IL,368,3.659,"SR-125 & SR-78, Virginia, IL, USA","Virginia, Cass County, Illinois, United States",39.9511595,-90.2123427
69686,CASEYS #3472,SR-125 & SR-78,Virginia,IL,368,3.799,"SR-125 & SR-78, Virginia, IL, USA","Virginia, Cass County, Illinois, United States",39.9511595,-90.2123427
69687,CASEYS #3470,US-421 & SR-16,Monon,IN,375,3.779,"US-421 & SR-16, Monon, IN, USA","Monon, White County, Indiana, United States",40.8630369,-86.8793079
69688,CASEYS #3431,US-150 & SR-54,Farmer City,IL,368,3.339,"US-150 & SR-54, Farmer City, IL, USA","Farmer City, DeWitt County, Illinois, 61842, United States",40.2433676,-88.6425668
69694,MAVERIK COUNTRY STORE #533,US-91 & SR-101,Wellsville                              ,UT,835,3.444,"US-91 & SR-101, Wellsville                              , UT, USA","Wellsville, Cache County, Utah, United States",41.6385432,-111.933834
69701,PUMP & PANTRY #48,US-30 & SR-25,Fremont,NE,486,3.319,"US-30 & SR-25, Fremont, NE, USA","Fremont, Dodge County, Nebraska, 68025, United States",41.4338363,-96.4960449
69708,TA Express #289,US-59,Nacogdoches,TX,618,3.139,"US-59, Nacogdoches, TX, USA","Northwest Stallings Drive, Redfield, Nacogdoches County, Texas, 75963, United States",31.6707587,-94.67222
69709,LOVES TRAVEL STOP #626,US-287,Dumas,TX,585,3.41566666,"US-287, Dumas, TX, USA","South Dumas Avenue, Dumas, Moore County, Texas, 79029, United States",35.8378392,-101.9732155
69720,PILOT #1046,US-27 & SR-80,South Bay,FL,176,3.799,"US-27 & SR-80, South Bay, FL, USA","South Bay, Palm Beach County, Florida, 33493, United States",26.6639559,-80.7161701
69720,PILOT TRAVEL CENTER #1046,US-27 & SR-80,South Bay,FL,176,3.799,"US-27 & SR-80, South Bay, FL, USA","South Bay, Palm Beach County, Florida, 33493, United States",26.6639559,-80.7161701
69721,MFA,US-36,Brookfield                              ,MO,276,3.249,"US-36, Brookfield                              , MO, USA","Chicago-Kansas City Expressway, Brookfield, Linn County, Missouri, 64628, United States",39.7717925,-93.0722843
69723,SPEEDWAY #5036,I-90 & US-20,Hampshire,IL,293,3.369,"I-90 & US-20, Hampshire, IL, USA","Hampshire, Hampshire Township, Kane County, Illinois, 60140, United States",42.0978028,-88.5303643
69727,PETRO-CARD 24 #910880,SR-6/13,Gallatin,MO,276,3.299,"SR-6/13, Gallatin, MO, USA","South Main Street, Gallatin, Daviess County, Missouri, 64640, United States",39.903703,-93.9595446
69729,MFA OIL,US-63 & HWY E,Queen City,MO,494,3.249,"US-63 & HWY E, Queen City, MO, USA","Queen City, Schuyler County, Missouri, 63561, United States",40.4091966,-92.5676916
69732,PETRO-CARD 24 #911043,US-65,Sedalia                                 ,MO,392,3.249,"US-65, Sedalia                                 , MO, USA","US 65, Sedalia, Pettis County, Missouri, 65302, United States",38.7237486,-93.2413495
69735,PETRO-CARD 24 #910200,US-65 & BUS US-36,Chillicothe,MO,276,3.289,"US-65 & BUS US-36, Chillicothe, MO, USA","Chillicothe, Livingston County, Missouri, 64601, United States",39.7948749,-93.5532779
69742,LOVES TRAVEL STOP #630,US-412/64,Enid,OK,337,3.78733333,"US-412/64, Enid, OK, USA","West Owen K. Garriott Road, Enid, Garfield County, Oklahoma, 73703, United States",36.390859,-97.9377449
69743,LOVES TRAVEL STOP #647,US-81,Belleville,KS,523,3.81566666,"US-81, Belleville, KS, USA","US 81, Belleville, Republic County, Kansas, 66925, United States",39.8202177,-97.6405379
69744,LOVES TRAVEL STOP #632,US-54 & US-83,Liberal,KS,585,3.66566666,"US-54 & US-83, Liberal, KS, USA","Liberal, Seward County, Kansas, United States",37.0398062,-100.9222517
69747,SUNOCO,I-69 & YS HWY 30,Fort Wayne,IN,370,3.604,"I-69 & YS HWY 30, Fort Wayne, IN, USA","Fort Wayne, Allen County, Indiana, United States",41.0799898,-85.1386015
69748,SUNOCO,SR-930 E,Fort Wayne                              ,IN,370,3.59733333,"SR-930 E, Fort Wayne                              , IN, USA","SR 930, Fort Wayne, Allen County, Indiana, 46808, United States",41.1212362,-85.1857788
69751,MFA,CR-37,Purdy,MO,416,3.349,"CR-37, Purdy, MO, USA","North City Highway 37, Purdy, Barry County, Missouri, 65734, United States",36.8248986,-93.9226558
69764,MAVERIK COUNTRY STORE #538,I-15 & SR-99,Fillmore,UT,835,3.38733333,"I-15 & SR-99, Fillmore, UT, USA","Fillmore, Millard County, Utah, 84631, United States",38.9688118,-112.323587
69782,BYRNE DAIRY #14,SR-414 & SR-318,Waterloo,NY,190,3.999,"SR-414 & SR-318, Waterloo, NY, USA","Village of Waterloo, Town of Waterloo, Seneca County, New York, 13165, United States",42.9046933,-76.8627887
69784,KWIK TRIP #158,US-10 & SR-23,Saint Cloud,MN,451,3.27733333,"US-10 & SR-23, Saint Cloud, MN, USA","Saint Cloud, Stearns County, Minnesota, United States",45.5616075,-94.1642004
69785,LOVES TRAVEL STOP #662,US-287 & SR-285,Quanah,TX,585,3.849,"US-287 & SR-285, Quanah, TX, USA","Quanah, Hardeman County, Texas, 79252, United States",34.2937246,-99.7423674
69789,LOVES TRAVEL STOP #620,US-301 & SR-20,Hawthorne,FL,140,3.789,"US-301 & SR-20, Hawthorne, FL, USA","Hawthorne, Alachua County, Florida, United States",29.5918856,-82.0869578
69791,PILOT #1083,US-287 & US-54,Stratford,TX,585,3.499,"US-287 & US-54, Stratford, TX, USA","Stratford, Sherman County, Texas, United States",36.3361403,-102.072119
69797,KWIK TRIP #149,US-10,Saint Cloud,MN,451,3.21066666,"US-10, Saint Cloud, MN, USA","US 10, Saint Cloud, Benton County, Minnesota, 56302, United States",45.5696647,-94.1417052
69798,LOVES TRAVEL STOP #060,US-36 & US-283,Norton,KS,525,3.109,"US-36 & US-283, Norton, KS, USA","Norton County, Kansas, United States",39.7944702,-99.9100033
69800,MAVERIK COUNTRY STORE #502,US-385 & SR-2,Alliance,NE,795,3.259,"US-385 & SR-2, Alliance, NE, USA","Alliance, Box Butte County, Nebraska, 69301, United States",42.0971897,-102.8707145
69811,Chisholm Corner #16,US-81 & SR-7,Marlow,OK,569,3.01566666,"US-81 & SR-7, Marlow, OK, USA","Marlow, Stephens County, Oklahoma, 73055, United States",34.6477329,-97.9579447
69814,Allsup's #2454,US-87 & SR-163,Sterling City                           ,TX,612,3.224,"US-87 & SR-163, Sterling City                           , TX, USA","Sterling City, Sterling County, Texas, United States",31.8384837,-100.9850761
69818,LOVES TRAVEL STOP #675,US-75,Okmulgee,OK,560,3.21733333,"US-75, Okmulgee, OK, USA","Trooper William McClendon Memorial Highway, Okmulgee County, Oklahoma, 74456, United States",35.6872573,-95.9706795
69819,FLYING J #1086,SR-18 & SR-5,Marion,IN,457,3.489,"SR-18 & SR-5, Marion, IN, USA","Marion, Grant County, Indiana, United States",40.5583739,-85.6591442
69819,FLYING J TRAVEL PLAZA #1086,SR-18 & SR-5,Marion,IN,457,3.649,"SR-18 & SR-5, Marion, IN, USA","Marion, Grant County, Indiana, United States",40.5583739,-85.6591442
69820,CUBBYS #304,SR-7,Manson                                  ,IA,319,3.299,"SR-7, Manson                                  , IA, USA","Manson, Calhoun County, Iowa, United States",42.5291439,-94.5341421
69823,LOVES TRAVEL STOP #664,US-41,Terre Haute,IN,375,3.949,"US-41, Terre Haute, IN, USA","South 3rd Street, Terre Haute, Vigo County, Indiana, 47807, United States",39.4503521,-87.4137572
69824,LOVES TRAVEL STOP #663,US-190 & LA-103,Port Barre,LA,730,3.124,"US-190 & LA-103, Port Barre, LA, USA","Port Barre, St. Landry Parish, Louisiana, United States",30.5601953,-91.9540055
69825,KWIK TRIP #154,MN-15,Sauk Rapids,MN,451,3.30233333,"MN-15, Sauk Rapids, MN, USA","MN Highway 15, Sauk Rapids, Benton County, Minnesota, 56379, United States",45.6123798,-94.1781825
69833,LOVES TRAVEL STOP #658,US-412,Watts,OK,416,3.34733333,"US-412, Watts, OK, USA","Watts, Adair County, Oklahoma, United States",36.1092487,-94.5702202
69835,LOVES TRAVEL STOP #653,US-287   ,Eads,CO,800,3.47566666,"US-287   , Eads, CO, USA","Wansted Street, Eads, Kiowa County, Colorado, 81036, United States",38.4781236,-102.7854671
69845,Maverik Country Store #5013,US-40 & SR-13,Craig,CO,800,3.459,"US-40 & SR-13, Craig, CO, USA","Craig, Moffat County, Colorado, 81625, United States",40.5152491,-107.5464541
69847,KWIK STAR #145,US-52,Guttenberg,IA,335,3.599,"US-52, Guttenberg, IA, USA","US 52, Guttenberg, Clayton County, Iowa, 52052, United States",42.7980608,-91.1089386
69848,KWIK TRIP #173,SR-17,Rhinelander,WI,395,3.45233333,"SR-17, Rhinelander, WI, USA","Rhinelander, Oneida County, Wisconsin, 54501, United States",45.636623,-89.412075
69851,SPEEDWAY #3995,I-90,Belvidere,IL,293,3.849,"I-90, Belvidere, IL, USA","Jane Addams Memorial Tollway, Belvidere, Spring Township, Boone County, Illinois, 61038, United States",42.2336489,-88.7942622
69855,LOVES TRAVEL STOP #670,US-18,Floyd,IA,433,3.649,"US-18, Floyd, IA, USA","Brantingham Street, Charles City, Floyd County, Iowa, 50616, United States",43.0632249,-92.6765451
69858,TEX-BEST #528,US-181,Elmendorf                               ,TX,740,2.89233333,"US-181, Elmendorf                               , TX, USA","US Highway 181 North, Calaveras, Elmendorf, Wilson County, Texas, 78114, United States",29.2270532,-98.2421841
69865,7-ELEVEN #40036,SR-33 & SR-632,Lanexa,VA,180,3.659,"SR-33 & SR-632, Lanexa, VA, USA","Lanexa, New Kent County, Virginia, 23089, United States",37.4237573,-76.9010753
69875,LOVES TRAVEL STOP #680,US-81,Norfolk,NE,470,3.31566666,"US-81, Norfolk, NE, USA","South 13th Street, Norfolk, Madison County, Nebraska, 68701, United States",42.0088135,-97.4265172
69877,LOVES TRAVEL STOP #669,US-61 & SR-19,New London,MO,345,3.23566666,"US-61 & SR-19, New London, MO, USA","New London, Ralls County, Missouri, United States",39.5853222,-91.4009835
69878,SPEEDWAY #7412,SR-83 & SR-19,Bensenville,IL,293,3.379,"SR-83 & SR-19, Bensenville, IL, USA","Bensenville, Addison Township, DuPage County, Illinois, 60106, United States",41.9538384,-87.9431781
69882,SPEEDWAY #7103,US-43,Lawrenceburg,TN,460,3.574,"US-43, Lawrenceburg, TN, USA","North Locust Avenue, Lawrenceburg, Lawrence County, Middle Tennessee, Tennessee, 38464, United States",35.242421,-87.3297373
69885,BELL STORES #146,SR-43 & SR-183,Malvern                                 ,OH,249,3.579,"SR-43 & SR-183, Malvern                                 , OH, USA","Malvern, Brown Township, Carroll County, Ohio, United States",40.6917271,-81.1812148
69887,CIRCLE K #2701869,SR-21 & SR-307,Savannah,GA,195,3.11566666,"SR-21 & SR-307, Savannah, GA, USA","Savannah, Chatham County, Georgia, United States",32.0790074,-81.0921335
69888,OASIS STOP N GO #17,US-30,Twin Falls,ID,787,3.699,"US-30, Twin Falls, ID, USA","2nd Avenue East, Twin Falls, Twin Falls County, Idaho, 83301, United States",42.5534372,-114.4648719
69892,MAVERIK COUNTRY STORE #547,US-26,Casper,WY,790,3.18566666,"US-26, Casper, WY, USA","I 25;US 20;US 26;US 87, Casper, Natrona County, Wyoming, 82601, United States",42.8571066,-106.3311737
69894,Circle K #2746446,US-2,Williston,ND,452,4.04233333,"US-2, Williston, ND, USA","Dakota Parkway, Williston, Williams County, North Dakota, 58802, United States",48.1664226,-103.6350487
69903,LOVES TRAVEL STOP #642,US-60 & US-385,Hereford,TX,585,3.41566666,"US-60 & US-385, Hereford, TX, USA","Hereford, Deaf Smith County, Texas, 79045, United States",34.8245521,-102.398778
69904,LOVES TRAVEL STOP #695,US-54/400,Cunningham,KS,570,3.65733333,"US-54/400, Cunningham, KS, USA","400, West 1st St; 1st Street, Cunningham, Kingman County, Kansas, 67035, United States",37.64534,-98.439199
69906,LOVES TRAVEL STOP #692,US-169 & SR-39,Chanute,KS,570,3.27566666,"US-169 & SR-39, Chanute, KS, USA","Chanute, Neosho County, Kansas, 66720, United States",37.6816841,-95.4517985
69907,STRIPES #41023,SR-358 & FM-665,Corpus Christi,TX,625,3.07066666,"SR-358 & FM-665, Corpus Christi, TX, USA","Corpus Christi, Nueces County, Texas, United States",27.7635302,-97.4033191
69913,ROSS FUEL CENTER,US-60/US-67,Poplar Bluff,MO,275,3.49066666,"US-60/US-67, Poplar Bluff, MO, USA","US 67, Cedar Valley, Poplar Bluff, Butler County, Missouri, 63901, United States",36.7818361,-90.4526368
69923,Circle K #2741821,FM 471 & SR 211,San Antonio                             ,TX,740,3.03233333,"FM 471 & SR 211, San Antonio                             , TX, USA","San Antonio, Bexar County, Texas, United States",29.4246002,-98.4951405
69928,KUM & GO #1837,SR-51,Broken Arrow,OK,560,3.05233333,"SR-51, Broken Arrow, OK, USA","Hartford Villas Senior Apartments, Broken Arrow, Tulsa, Oklahoma, United States",36.0594192,-95.7745992
69929,PETES #14,US-69/SR 7,Fort Scott,KS,307,3.199,"US-69/SR 7, Fort Scott, KS, USA","US 69;K-7, Fort Scott, Bourbon County, Kansas, 66701, United States",37.8304362,-94.7020009
69932,CIRCLE K #2741847,SR-16,San Antonio,TX,740,3.07233333,"SR-16, San Antonio, TX, USA","San Antonio, Bexar County, Texas, United States",29.4246002,-98.4951405
69936,LOVES TRAVEL STOP #683,US-27,Moore Haven,FL,176,3.789,"US-27, Moore Haven, FL, USA","US 27, Moore Haven, Glades County, Florida, United States",26.8335007,-81.0970399
69938,MAVERIK COUNTRY STORE #388,US-60 & SR-77,Show Low                                ,AZ,930,3.229,"US-60 & SR-77, Show Low                                , AZ, USA","Show Low, Navajo County, Arizona, 85901, United States",34.2542084,-110.029832
69943,ASAP GENERAL STORE #313,US-81,Duncan,OK,483,3.13233333,"US-81, Duncan, OK, USA","US 81, Duncan, Stephens County, Oklahoma, 73533, United States",34.4679931,-97.973849
69945,BP,"I-465, EXIT 49",Indianapolis,IN,375,3.799,"I-465, EXIT 49, Indianapolis, IN, USA","USS Indianapolis Memorial Highway, Indianapolis, Decatur Township, Marion County, Indiana, 46251, United States",39.7077123,-86.2643049
69949,THE CROSSING TRAVEL MARK,US-83 & SR-153,Winters,TX,575,3.04066666,"US-83 & SR-153, Winters, TX, USA","Winters, Runnels County, Texas, 79467, United States",31.9576897,-99.9628254
69962,LUFKIN TRAVEL PLAZA,US-59 & CR-819,Lufkin,TX,618,2.81566666,"US-59 & CR-819, Lufkin, TX, USA","Lufkin, Angelina County, Texas, United States",31.3386242,-94.7288558
69963,7 CLANS RED ROCK GASINO,US-177,Red Rock,OK,500,3.089,"US-177, Red Rock, OK, USA","Red Rock, Noble County, Oklahoma, United States",36.4592083,-97.1789322
69975,LOVES TRAVEL STOP #703,US-50,South Hutchinson,KS,570,3.30066666,"US-50, South Hutchinson, KS, USA","US 50;KS 61, South Hutchinson, Reno County, Kansas, 67566, United States",38.0130749,-97.942136
69977,KWIK TRIP #855,US-12,Baraboo,WI,420,3.11566666,"US-12, Baraboo, WI, USA","US 12, Baraboo, Sauk County, Wisconsin, 53913, United States",43.4564517,-89.7782467
69978,LOVES TRAVEL STOP #678,US-271,Paris,TX,630,3.36566666,"US-271, Paris, TX, USA","Southeast Loop 286, Paris, Lamar County, Texas, 75460, United States",33.6477246,-95.5036859
69980,RUTTERS #70,SR-896 & SR-741,Strasburg,PA,208,4.199,"SR-896 & SR-741, Strasburg, PA, USA","Strasburg, Lancaster County, Pennsylvania, 17579, United States",39.9831559,-76.1841226
69981,RANCHLAND GAS STATION,US-82,Benjamin                                ,TX,770,3.299,"US-82, Benjamin                                , TX, USA","East Hays Street, Benjamin, Knox County, Texas, 79505, United States",33.5840549,-99.7884445
69982,RUTTERS #68,US-422 & SR-934,Annville                                ,PA,70,4.299,"US-422 & SR-934, Annville                                , PA, USA","Annville, Lebanon County, Pennsylvania, 17003, United States",40.3295901,-76.515226
69983,MICKEY MART #57,US-250,Strasburg,OH,249,3.49233333,"US-250, Strasburg, OH, USA","South Wooster Avenue, Strasburg, Franklin Township, Tuscarawas County, Ohio, 44680, United States",40.5926408,-81.5259937
69986,YESWAY #1061,US-180 & SR-137,Lamesa,TX,612,3.099,"US-180 & SR-137, Lamesa, TX, USA","Lamesa, Dawson County, Texas, 79331, United States",32.7357287,-101.9550202
69991,WA SHE SHU TRAVEL PLAZA,US-395,Gardnerville,NV,966,3.699,"US-395, Gardnerville, NV, USA","US 395, Minden, Douglas County, Nevada, 89423, United States",38.9861883,-119.7793971
69992,KWIK TRIP #120,SR-15 & CR-4,Saint Cloud,MN,451,3.27733333,"SR-15 & CR-4, Saint Cloud, MN, USA","Saint Cloud, Stearns County, Minnesota, United States",45.5616075,-94.1642004
69993,CEFCO #99,US-290,Giddings,TX,595,3.159,"US-290, Giddings, TX, USA","West Austin Street, Giddings, Lee County, Texas, 78942, United States",30.1833404,-96.9399238
69996,YESWAY #1078,US-83 & SR-153,Winters,TX,575,2.999,"US-83 & SR-153, Winters, TX, USA","Winters, Runnels County, Texas, 79467, United States",31.9576897,-99.9628254
69998,CASEYS #3604,US-75,Hinton,IA,527,3.299,"US-75, Hinton, IA, USA","US 75, Hinton, Plymouth County, Iowa, 51204, United States",42.6345688,-96.2900708
70001,LOVES TRAVEL STOP #690,US-23,Circleville,OH,315,3.789,"US-23, Circleville, OH, USA","US 23, Circleville, Pickaway County, Ohio, 43113, United States",39.6107189,-82.9491811
70002,LOVES TRAVEL STOP #699,US-49,Magee,MS,620,3.60733333,"US-49, Magee, MS, USA","US 49, Magee, Simpson County, Mississippi, 39112, United States",31.9114605,-89.793846
70004,SPEEDWAY #7775,US-23 & CR-192,Delaware,OH,315,3.619,"US-23 & CR-192, Delaware, OH, USA","Delaware County, Ohio, United States",40.2317686,-82.9651045
70009,KWIK TRIP #661,SR-69 & BUS-11,Monroe,WI,420,3.36233333,"SR-69 & BUS-11, Monroe, WI, USA","Monroe County, Wisconsin, United States",43.9416755,-90.6397264
70010,Kwik Star #567,US-65 & SR-3,Hampton,IA,565,3.504,"US-65 & SR-3, Hampton, IA, USA","Hampton, Franklin County, Iowa, 50441, United States",42.7424776,-93.2080861
70017,PACIFIC PRIDE,I-79 & US-19,Morgantown                              ,WV,430,3.459,"I-79 & US-19, Morgantown                              , WV, USA","Morgantown, Monongalia County, West Virginia, United States",39.6296809,-79.9559437
70022,SHEETZ #583,US-322 & SR-655,Reedsville,PA,14,3.41566666,"US-322 & SR-655, Reedsville, PA, USA","Reedsville, Brown Township, Mifflin County, Pennsylvania, United States",40.6542275,-77.601681
70025,SPEEDWAY #6245,SR-43,Carrollton,OH,249,3.559,"SR-43, Carrollton, OH, USA","West Main Street, Carrollton, Center Township, Carroll County, Ohio, 44615, United States",40.5746512,-81.0896871
70031,SPEEDWAY #8020,US-30,Upper Sandusky,OH,550,3.799,"US-30, Upper Sandusky, OH, USA","West Wyandot Avenue, South Sandusky Avenue Historic District, Upper Sandusky, Crane Township, Wyandot County, Ohio, 43351, United States",40.827508,-83.2829445
70032,Kwik Star #569,US-20,Waterloo,IA,565,3.574,"US-20, Waterloo, IA, USA","Avenue of the Saints, Waterloo, Black Hawk County, Iowa, 52613, United States",42.4600436,-92.4115202
70033,KWIK TRIP #111,SR-36 & CR-15,Stillwater,MN,448,3.54066666,"SR-36 & CR-15, Stillwater, MN, USA","Stillwater, Washington County, Minnesota, United States",45.0559126,-92.807572
70036,Speedway #3994,SR-38 & CR-21,West Chicago,IL,293,3.599,"SR-38 & CR-21, West Chicago, IL, USA","West Chicago, DuPage County, Illinois, 60185, United States",41.8847507,-88.2039607
70038,SPEEDWAY #1830,US-31,Grand Haven,MI,456,3.899,"US-31, Grand Haven, MI, USA","South Beacon Boulevard, Grand Haven, Ottawa County, Michigan, 49409, United States",43.0435149,-86.2203866
70039,TEX-BEST #527,SR-162 & SR-16,Jourdanton                              ,TX,747,2.92066666,"SR-162 & SR-16, Jourdanton                              , TX, USA","Jourdanton, Atascosa County, Texas, United States",28.9180294,-98.5464069
70042,Kwik Star #103,US-65,Iowa Falls,IA,565,3.374,"US-65, Iowa Falls, IA, USA","South Oak Street, Iowa Falls, Hardin Township, Hardin County, Iowa, 50126, United States",42.518134,-93.2630131
70050,KWIK TRIP #124,US-51,De Forest,WI,420,3.23566666,"US-51, De Forest, WI, USA","De Forest Drive, Kaukauna, Outagamie County, Wisconsin, 54113, United States",44.2534668,-88.277038
70054,KWIK TRIP #976,CR-241 & CR-ZZ,Oak Creek,WI,444,3.579,"CR-241 & CR-ZZ, Oak Creek, WI, USA","Oak Creek, Milwaukee County, Wisconsin, 53154, United States",42.898729,-87.9177966
70058,KWIK TRIP #590,CR-4 & CR-22,Rochester,MN,515,3.624,"CR-4 & CR-22, Rochester, MN, USA","Rochester, Olmsted County, Minnesota, United States",44.0234387,-92.4630182
70062,KWIK TRIP #970,SR-164 & SR-59,Waukesha,WI,444,3.53233333,"SR-164 & SR-59, Waukesha, WI, USA","Waukesha County, Wisconsin, United States",43.0622536,-88.3123889
70063,QUICK FUEL #2206,US-41,Marietta,GA,18,3.519,"US-41, Marietta, GA, USA","Cobb Parkway North, Elizabeth, Marietta, Cobb County, Georgia, 30061, United States",33.9858257,-84.5684215
70066,KWIK TRIP #957,US-18 & CR-PD,Madison                                 ,WI,420,3.604,"US-18 & CR-PD, Madison                                 , WI, USA","Madison, Dane County, Wisconsin, United States",43.07469,-89.3841663
70075,KWIK TRIP #815,US-63 & SR-48,Cumberland,WI,295,3.624,"US-63 & SR-48, Cumberland, WI, USA","Cumberland, Barron County, Wisconsin, 45829, United States",45.5332856,-92.0214764
70078,KWIK TRIP #573,I-94 & CR-EE,Eau Claire,WI,295,3.399,"I-94 & CR-EE, Eau Claire, WI, USA","Eau Claire, Eau Claire County, Wisconsin, United States",44.811349,-91.4984941
70079,PILOT #1118,US-60,Clovis,NM,593,4.079,"US-60, Clovis, NM, USA","US 60;US 84, Clovis, Curry County, New Mexico, 88101, United States",34.4045756,-103.2484957
70080,FLYING J #1117,SR-25,Rochester,IN,370,3.859,"SR-25, Rochester, IN, USA","SR 25, Rochester, Fulton County, Indiana, 46975, United States",41.0472505,-86.2192119
70080,FLYING J TRAVEL PLAZA #1117,SR-25,Rochester,IN,370,3.859,"SR-25, Rochester, IN, USA","SR 25, Rochester, Fulton County, Indiana, 46975, United States",41.0472505,-86.2192119
70081,PILOT EXPRESS #1032,SR-7,Steubenville,OH,249,3.629,"SR-7, Steubenville, OH, USA","SR 7, South End, Pleasant Heights, Fishersville, Steubenville, Jefferson County, Ohio, 43952, United States",40.3519803,-80.6185411
70082,KWIK TRIP #588,US-51 & SR-70,Woodruff,WI,395,3.09566666,"US-51 & SR-70, Woodruff, WI, USA","Town of Woodruff, Oneida County, Wisconsin, United States",45.8590476,-89.6117528
70083,KWIK TRIP #596,US-14,Black Earth,WI,420,3.444,"US-14, Black Earth, WI, USA","US Highway 14, Black Earth, Dane County, Wisconsin, 53515, United States",43.1413844,-89.742874
70087,PILOT EXPRESS  #1098,"I-95, EXIT 14",Newark,NJ,105,3.999,"I-95, EXIT 14, Newark, NJ, USA","New Jersey Turnpike Eastern Spur, Oak Island Junction, The Ironbound, Newark, Essex County, New Jersey, 07105, United States",40.7170548,-74.1369354
70088,KWIK TRIP #138,SR-13,Park Falls,WI,395,3.14733333,"SR-13, Park Falls, WI, USA","Park Falls, Price County, Wisconsin, United States",45.9338249,-90.4517454
70096,LOVES TRAVEL STOP #661,US-65 & SR-81,Pine Bluff,AR,695,3.319,"US-65 & SR-81, Pine Bluff, AR, USA","Pine Bluff, Jefferson County, Arkansas, United States",34.2228884,-92.004334
70097,KWIK TRIP #112,SR-32 & SR-23,Sheboygan Falls,WI,444,3.29233333,"SR-32 & SR-23, Sheboygan Falls, WI, USA","Sheboygan Falls, Sheboygan County, Wisconsin, United States",43.7288923,-87.8114097
70098,KWIK TRIP #110,US-2,Ashland,WI,334,3.699,"US-2, Ashland, WI, USA","Lake Shore Drive West, Downtown, Ashland, Ashland County, Wisconsin, 54806, United States",46.5906251,-90.8878999
70108,RICKY ROCKETS FUEL CENTER,SR-50 & SR-83,Midlothian,IL,291,3.199,"SR-50 & SR-83, Midlothian, IL, USA","Midlothian, Bremen Township, Cook County, Illinois, United States",41.6253116,-87.7175491
70108,RICKY ROCKETS FUEL CENTER,SR-50 & SR-83,Midlothian,IL,291,3.099,"SR-50 & SR-83, Midlothian, IL, USA","Midlothian, Bremen Township, Cook County, Illinois, United States",41.6253116,-87.7175491
70118,SPEEDWAY #7118,US-41,Smyrna,TN,460,3.01566666,"US-41, Smyrna, TN, USA","North Lowry Street, Wade, Smyrna, Rutherford County, Middle Tennessee, Tennessee, 37197, United States",35.9582623,-86.4971753
70122,Circle K #2709301,SR-67,Decatur,AL,615,3.899,"SR-67, Decatur, AL, USA","Hyosung USA, Market Street Northeast, Albany, Decatur, Morgan County, Alabama, 35601, United States",34.5991885,-86.9611756
70124,TA Express Lamar,US-50/385,Lamar,CO,525,3.439,"US-50/385, Lamar, CO, USA","385, East Olive Street, Lamar, Prowers County, Colorado, 81052, United States",38.0884327,-102.6155061
70127,SPEEDWAY #2929,"US-22, US-119",New Alexandria,PA,165,3.97233333,"US-22, US-119, New Alexandria, PA, USA","William Penn Highway, New Alexandria, Westmoreland County, Pennsylvania, 15670, United States",40.4013861,-79.4136334
70136,FUEL CITY SAGINAW,CR-156,Fort Worth,TX,630,2.96566666,"CR-156, Fort Worth, TX, USA","Cameron Creek, 5209, Fort Worth, Tarrant County, Texas, 76132, United States",32.670962,-97.4174224
70140,CASEYS #3593,SR-7 & US-50,North Vernon,IN,375,3.59233333,"SR-7 & US-50, North Vernon, IN, USA","North Vernon, Jennings County, Indiana, United States",39.006165,-85.6235796
70145,MAVERIK COUNTRY STORE #578,US-26 & US-91,Idaho Falls,ID,825,3.40233333,"US-26 & US-91, Idaho Falls, ID, USA","Idaho Falls, Bonneville County, Idaho, United States",43.4887907,-112.03628
70154,Stinker,"US-34, CR-56",Kersey,CO,800,3.499,"US-34, CR-56, Kersey, CO, USA","Highway 34, Kersey, Weld County, Colorado, United States",40.3920458,-104.6121604
70156,MAVERIK COUNTRY STORE #348,"US-91, SR-130",Cedar City,UT,791,3.45233333,"US-91, SR-130, Cedar City, UT, USA","Cross Hollow Road, Cedar City, Iron County, Utah, 84720, United States",37.6544707,-113.0824797
70157,LOVES TRAVEL STOP #702,US-63,Waterloo,IA,565,3.769,"US-63, Waterloo, IA, USA","Logan Avenue, Waterloo, Black Hawk County, Iowa, 50703, United States",42.5312027,-92.3375622
70159,LOVES TRAVEL STOP #717,US-460 & SR-156,Disputanta,VA,180,3.56233333,"US-460 & SR-156, Disputanta, VA, USA","Disputanta, Prince George County, Virginia, United States",37.1237095,-77.2241782
70160,COMMON CENTS #212,I-90 & SR-337,Sheridan,WY,836,3.56066666,"I-90 & SR-337, Sheridan, WY, USA","Sheridan County, Wyoming, United States",44.7947537,-106.8222688
70161,FLYING J #839,HWY 75 & PR-305,Ste Agathe,MB,900,4.25704369,"HWY 75 & PR-305, Ste Agathe, MB, USA","Saint Agatha, Aroostook County, Maine, 04772, United States",47.2430959,-68.3136517
70161,FLYING J #839,HWY 75 & PR-305,Ste Agathe,MB,900,4.26677228,"HWY 75 & PR-305, Ste Agathe, MB, USA","Saint Agatha, Aroostook County, Maine, 04772, United States",47.2430959,-68.3136517
70161,FLYING J #839,HWY 75 & PR-305,Ste Agathe,MB,900,4.26740146,"HWY 75 & PR-305, Ste Agathe, MB, USA","Saint Agatha, Aroostook County, Maine, 04772, United States",47.2430959,-68.3136517
70161,FLYING J #839,HWY 75 & PR-305,Ste Agathe,MB,900,4.25798323,"HWY 75 & PR-305, Ste Agathe, MB, USA","Saint Agatha, Aroostook County, Maine, 04772, United States",47.2430959,-68.3136517
70161,FLYING J #839,HWY 75 & PR-305,Ste Agathe,MB,900,4.26017709,"HWY 75 & PR-305, Ste Agathe, MB, USA","Saint Agatha, Aroostook County, Maine, 04772, United States",47.2430959,-68.3136517
70161,FLYING J #839,HWY 75 & PR-305,Ste Agathe,MB,900,4.25892318,"HWY 75 & PR-305, Ste Agathe, MB, USA","Saint Agatha, Aroostook County, Maine, 04772, United States",47.2430959,-68.3136517
70162,PILOT #1049,US-58,Suffolk,VA,130,3.899,"US-58, Suffolk, VA, USA","US 58;US 258, Suffolk, Virginia, 23851, United States",36.6425377,-76.8850677
70168,KWIK TRIP #575,CR-75,Saint Joseph,MN,451,3.30233333,"CR-75, Saint Joseph, MN, USA","CR 75, Saint Joseph, Stearns County, Minnesota, 56374, United States",45.5677272,-94.3234461
70169,ROCKING Oil,SR-21,Caldwell,TX,670,3.099,"SR-21, Caldwell, TX, USA","Lockhart Senior Apartments, Lockhart, Caldwell County, Texas, United States",29.8831475,-97.6790838
70171,CITGO HERITAGE RIDGE,US-151 & SR-26,Waupun,WI,582,3.14733333,"US-151 & SR-26, Waupun, WI, USA","Waupun, Fond du Lac County, Wisconsin, 53963, United States",43.633216,-88.7296352
70172,MACH 1 #3,I-57 & SR-14,Benton,IL,540,3.599,"I-57 & SR-14, Benton, IL, USA","Benton, Franklin County, Illinois, 62812, United States",37.9967163,-88.9200685
70172,MACH 1 #3,I-57 & SR-14,Benton,IL,540,3.379,"I-57 & SR-14, Benton, IL, USA","Benton, Franklin County, Illinois, 62812, United States",37.9967163,-88.9200685
70176,MAVERIK COUNTRY STORE #565,I-84,Boise,ID,785,3.39566666,"I-84, Boise, ID, USA","Vietnam Veterans Memorial Highway, Boise, Ada County, Idaho, 83715, United States",43.5345083,-116.1554597
70177,MAVERIK COUNTRY STORE #497,US-160 & SR-145,Cortez,CO,614,3.41566666,"US-160 & SR-145, Cortez, CO, USA","Cortez, Montezuma County, Colorado, 81321, United States",37.3494528,-108.584073
70182,SHELL,US-169,Blue Earth,MN,425,3.299,"US-169, Blue Earth, MN, USA","US 169;MN 60, LeHillier, South Bend Township, Blue Earth County, Minnesota, 56003, United States",44.1536955,-94.0356945
70183,PILOT # 1134,US-285 & CR-652,Orla,TX,593,3.759,"US-285 & CR-652, Orla, TX, USA","Orla, Reeves County, Texas, 79770, United States",31.8250149,-103.9090099
70187,PILOT # 1146,I-20 & SR-17,Pecos,TX,710,3.46566666,"I-20 & SR-17, Pecos, TX, USA","Pecos County, Texas, United States",30.7857437,-102.8065415
70189,HUDSON IRVING 24,SR-3A,Hudson,NH,34,3.799,"SR-3A, Hudson, NH, USA","Fairview Senior Living, 203, Lowell Road, Hudson, Hillsborough County, New Hampshire, 03051, United States",42.7350242,-71.4269289
70208,GOLDEN GATE PETRO,SR-648,Sparks,NV,966,3.98566666,"SR-648, Sparks, NV, USA","West Glendale Avenue, Sparks, Washoe County, Nevada, 89595, United States",39.5276229,-119.7767008
70214,RACETRAC #688,I-20 & SR-6,Lithia Springs,GA,18,2.97233333,"I-20 & SR-6, Lithia Springs, GA, USA","Lithia Springs, Douglasville, Douglas County, Georgia, 30122, United States",33.7797505,-84.6506401
70216,PILOT TRAVEL CENTER #1110,I-25 & SR-105,Monument,CO,803,3.639,"I-25 & SR-105, Monument, CO, USA","Monument, El Paso County, Colorado, United States",39.0916586,-104.872758
70216,PILOT #1110,I-25 & SR-105,Monument,CO,803,3.579,"I-25 & SR-105, Monument, CO, USA","Monument, El Paso County, Colorado, United States",39.0916586,-104.872758
70218,LOVES TRAVEL STOP #725,I-69 & SR-260,Hanson,KY,490,3.599,"I-69 & SR-260, Hanson, KY, USA","Hanson, Hopkins County, Kentucky, 42413, United States",37.4172671,-87.4808336
70219,LOVES TRAVEL STOP #709,US-59 & SR-116,Lufkin,TX,610,3.649,"US-59 & SR-116, Lufkin, TX, USA","Lufkin, Angelina County, Texas, United States",31.3386242,-94.7288558
70221,PILOT #1092,CR-70 E,Cedar Rapids,IA,380,3.779,"CR-70 E, Cedar Rapids, IA, USA","Sugar Creek, Cedar Rapids, Linn County, Iowa, United States",41.997448,-91.7035865
70221,PILOT TRAVEL CENTER #1092,CR-70 E,Cedar Rapids,IA,380,3.779,"CR-70 E, Cedar Rapids, IA, USA","Sugar Creek, Cedar Rapids, Linn County, Iowa, United States",41.997448,-91.7035865
70222,GOOD TO GO #45,"US-52 & SR-55, SR-18",Fowler,IN,375,3.699,"US-52 & SR-55, SR-18, Fowler, IN, USA","US 52;SR 18;SR 55, Fowler, Benton County, Indiana, 47944, United States",40.6074063,-87.3096246
70225,Union 76 Pilot,US-130,Riverton,NJ,105,3.999,"US-130, Riverton, NJ, USA","Riverton, Burlington County, New Jersey, United States",40.0115009,-75.0148931
70239,GOOD 2 GO #717,"I-25, EXIT 145",Colorado Springs,CO,803,3.479,"I-25, EXIT 145, Colorado Springs, CO, USA","Exit Road, Colorado Springs, El Paso County, Colorado, 80914, United States",38.7922335,-104.6984674
70241,MAVERIK COUNTRY STORE #460,SR-88,Minden,NV,966,3.52566666,"SR-88, Minden, NV, USA","Woodfords Road, Minden, Douglas County, Nevada, 89423, United States",38.9609974,-119.7786562
70243,CASEYS #4415,US-68 & US-31W /SR-526,Bowling Green,KY,460,2.999,"US-68 & US-31W /SR-526, Bowling Green, KY, USA","Bowling Green, Warren County, Kentucky, 42101, United States",36.9929203,-86.4428677
70245,YESWAY #1168,US-287 & CR-368,Iowa Park,TX,770,2.889,"US-287 & CR-368, Iowa Park, TX, USA","Iowa Park, Wichita County, Texas, United States",33.96291,-98.6609807
70246,7-Eleven #37565,SR-944 & SR-9,Miami,FL,95,3.249,"SR-944 & SR-9, Miami, FL, USA","Miami, Miami-Dade County, Florida, United States",25.7741566,-80.1935973
70249,Caseys #4466,US-231 & SR-100,Scottsville,KY,460,3.31233333,"US-231 & SR-100, Scottsville, KY, USA","Scottsville, Allen County, Kentucky, United States",36.7533781,-86.1905424
70251,Marathon,SR-42 & US-49,Hattiesburg,MS,620,3.03233333,"SR-42 & US-49, Hattiesburg, MS, USA","Hattiesburg, Forrest County, Mississippi, United States",31.3271189,-89.2903392
70254,LOVES TRAVEL STOP #732,I-70 & CR-829,Abilene,KS,523,3.76233333,"I-70 & CR-829, Abilene, KS, USA","Abilene, Dickinson County, Kansas, 67410, United States",38.917252,-97.21377
70255,J&H  FAMILY STORE #152,SR-55,Cadillac,MI,344,3.259,"SR-55, Cadillac, MI, USA","Murphy USA, 8971, 34 Road, Haring, Haring Township, Wexford County, Michigan, 49601, United States",44.282221,-85.3970028
70255,J&H  FAMILY STORE #152,SR-55,Cadillac,MI,344,3.559,"SR-55, Cadillac, MI, USA","Murphy USA, 8971, 34 Road, Haring, Haring Township, Wexford County, Michigan, 49601, United States",44.282221,-85.3970028
70256,PILOT TRAVEL CENTER #1128,SR-60,Bartow,FL,140,3.599,"SR-60, Bartow, FL, USA","SR 60, Bartow, Polk County, Florida, 33830, United States",27.8965428,-81.8582146
70256,PILOT #1128,SR-60,Bartow,FL,140,3.599,"SR-60, Bartow, FL, USA","SR 60, Bartow, Polk County, Florida, 33830, United States",27.8965428,-81.8582146
70257,LOVES TRAVEL STOP #739,I-2,Donna,TX,639,3.649,"I-2, Donna, TX, USA","Texas Vietnam Veterans Memorial Highway, Donna, Hidalgo County, Texas, 78516, United States",26.1865674,-98.0876613
70258,CASEYS #3677,US-59 & SR-30,Slayton,MN,530,3.299,"US-59 & SR-30, Slayton, MN, USA","Slayton, Murray County, Minnesota, United States",43.987742,-95.755846
70262,ASAP GENERAL STORE #332,US-70 & US-377,Madill,OK,569,3.01566666,"US-70 & US-377, Madill, OK, USA","Madill, Marshall County, Oklahoma, 73446, United States",34.0902508,-96.7715618
70263,ENMARKET #769,US-301,Statesboro,GA,195,3.699,"US-301, Statesboro, GA, USA","South Main Street, Statesboro, Bulloch County, Georgia, 30461, United States",32.4357954,-81.7847728
70265,Speedee Mart # 2875,I-80 & CR-238,Milford,NE,413,3.43233333,"I-80 & CR-238, Milford, NE, USA","Milford, Seward County, Nebraska, United States",40.774192,-97.0518459
70266,PILOT #1161,I-20,Odessa,TX,710,3.56566666,"I-20, Odessa, TX, USA","I 20, Odessa, Ector County, Texas, 79761, United States",31.8551618,-102.3165292
70268,CASEYS #3396,SR-92 & SR-149,Sigourney,IA,380,3.36233333,"SR-92 & SR-149, Sigourney, IA, USA","Sigourney, Keokuk County, Iowa, United States",41.3330944,-92.2049364
70270,CASEYS #3685,US-50/US400  & SR-25,Lakin,KS,525,3.19233333,"US-50/US400  & SR-25, Lakin, KS, USA","US 50;US 400, Lakin, Kearny County, Kansas, 67860, United States",37.9442049,-101.263225
70271,CASEYS #1160,US-20,Plainview,NE,470,3.229,"US-20, Plainview, NE, USA","West Park Avenue, East End Tailer Court, Plainview, Pierce County, Nebraska, 68769, United States",42.350792,-97.7941489
70274,Kwik Star #920,US-18 & US-69,Garner,IA,433,3.399,"US-18 & US-69, Garner, IA, USA","Garner, Hancock County, Iowa, 50438, United States",43.102147,-93.6020069
70276,STAR EXPRESS #5,US-301 & SR-648,Petersburg,VA,180,3.049,"US-301 & SR-648, Petersburg, VA, USA","Petersburg, Virginia, United States",37.227928,-77.4019268
70279,KWIK TRIP #926,SR-19 & SR-21,New Prague,MN,448,3.29066666,"SR-19 & SR-21, New Prague, MN, USA","New Prague, Le Sueur County, Minnesota, 56071, United States",44.5433331,-93.5760445
70283,SPEEDWAY #3996,US-12 & SR-120,Round Lake,IL,293,3.399,"US-12 & SR-120, Round Lake, IL, USA","Round Lake, Lake County, Illinois, 60073, United States",42.353355,-88.0934145
70283,SPEEDWAY #3996,US-12 & SR-120,Round Lake,IL,293,3.479,"US-12 & SR-120, Round Lake, IL, USA","Round Lake, Lake County, Illinois, 60073, United States",42.353355,-88.0934145
70283,SPEEDWAY #3996,US-12 & SR-120,Round Lake,IL,293,3.449,"US-12 & SR-120, Round Lake, IL, USA","Round Lake, Lake County, Illinois, 60073, United States",42.353355,-88.0934145
70285,IRVING MAINWAY,SR-16 E,Dover Foxcroft,ME,170,3.86566666,"SR-16 E, Dover Foxcroft, ME, USA","East Dover, Dover-Foxcroft, Piscataquis County, Maine, 04426, United States",45.1867218,-69.1700432
70286,ROBINSONS IRVING,SR-7,Corinna,ME,170,3.93233333,"SR-7, Corinna, ME, USA","Moosehead Trail, Rowe Corner, Newport, Penobscot County, Maine, 04953, United States",44.8708286,-69.2829955
70287,LOVES TRAVEL STOP #710,US-31 & SR 28,Tipton,IN,457,3.84733333,"US-31 & SR 28, Tipton, IN, USA","Tipton County, Indiana, United States",40.2899154,-86.058442
70292,FLYING J #1171,I-15,Mesquite,NV,910,3.70566666,"I-15, Mesquite, NV, USA","Las Vegas Freeway, Mesquite, Clark County, Nevada, 89027, United States",36.8040517,-114.1049077
70293,KWIK TRIP #922,US-8,Cameron,WI,295,3.664,"US-8, Cameron, WI, USA","South 1st Street, Cameron, Barron County, Wisconsin, 54822, United States",45.4007132,-91.7354563
70295,SPEEDWAY #8080,I-69 & US-20,Angola,IN,465,3.599,"I-69 & US-20, Angola, IN, USA","Angola, Steuben County, Indiana, United States",41.634874,-84.99928
70296,MAVERIK COUNTRY STORE #573,SR-68 & SR-154,Riverton,UT,835,3.13566666,"SR-68 & SR-154, Riverton, UT, USA","Riverton, Salt Lake County, Utah, United States",40.5179761,-111.9393701
70297,KWIK STAR #509,SR-169 & BUS-20,Fort Dodge,IA,433,3.20233333,"SR-169 & BUS-20, Fort Dodge, IA, USA","Fort Dodge, Wahkonsa Township, Webster County, Iowa, 50501, United States",42.5044017,-94.1910044
70300,PILOT #1194,I-10 & US-60,Phoenix,AZ,930,6.039,"I-10 & US-60, Phoenix, AZ, USA","Phoenix, Maricopa County, Arizona, United States",33.4484367,-112.074141
70300,PILOT DEALER #1194,I-10 & US-60,Phoenix,AZ,930,6.039,"I-10 & US-60, Phoenix, AZ, USA","Phoenix, Maricopa County, Arizona, United States",33.4484367,-112.074141
70301,GOLDEN GATE TRUCKSTOP,I-80 & SR-535,Elko,NV,787,3.599,"I-80 & SR-535, Elko, NV, USA","Elko County, Nevada, United States",41.1958128,-115.3272864
70302,KWIK TRIP #117,CR-9 & CR-4,Duluth,MN,334,3.499,"CR-9 & CR-4, Duluth, MN, USA","Duluth, Saint Louis County, Minnesota, United States",46.7838287,-92.1052679
70303,Kwik Star #1004,US-63,Waterloo,IA,565,3.574,"US-63, Waterloo, IA, USA","Logan Avenue, Waterloo, Black Hawk County, Iowa, 50703, United States",42.5312027,-92.3375622
70305,LOVES TRAVEL STOP #737,I-40/US-270,El Reno,OK,483,3.344,"I-40/US-270, El Reno, OK, USA","Murphy USA, Korean War Veterans Memorial Highway, El Reno, Canadian County, Oklahoma, 73036, United States",35.5100037,-97.9741968
70306,KWIK STAR #1001,US-6,Newton,IA,320,3.249,"US-6, Newton, IA, USA","1st Avenue West, Newton, Jasper County, Iowa, 50208, United States",41.699069,-93.074259
70309,PILOT #1165,SR-18 & SR-128,Jal,NM,593,3.36566666,"SR-18 & SR-128, Jal, NM, USA","Jal, Lea County, New Mexico, 88252, United States",32.112125,-103.1934615
70310,LANCASTER CONVENIENCE,US-2 & US-70,Lancaster,MA,34,3.70566666,"US-2 & US-70, Lancaster, MA, USA","Lancaster, Worcester County, Massachusetts, United States",42.4431437,-71.6852823
70311,RACING MART,SR-8,Adams,MA,215,3.699,"SR-8, Adams, MA, USA","Adams, Berkshire County, Massachusetts, 01220, United States",42.6209431,-73.1204129
70314,CASEYS #2721,US-34,Lincoln,NE,413,3.3365,"US-34, Lincoln, NE, USA","O Street, Meadowlane, Bethany, Lincoln, Lancaster County, Nebraska, 68505, United States",40.8134857,-96.6068108
70321,PILOT TRAVEL CENTER #1132,SR-171 & SR-78,Brawley,CA,900,4.759,"SR-171 & SR-78, Brawley, CA, USA","Brawley, Imperial County, California, 92227, United States",32.9786566,-115.530267
70321,PILOT TRAVEL CENTER #1132,SR-171 & SR-78,Brawley,CA,900,4.799,"SR-171 & SR-78, Brawley, CA, USA","Brawley, Imperial County, California, 92227, United States",32.9786566,-115.530267
70321,PILOT #1132,SR-171 & SR-78,Brawley,CA,900,4.859,"SR-171 & SR-78, Brawley, CA, USA","Brawley, Imperial County, California, 92227, United States",32.9786566,-115.530267
70321,PILOT #1132,SR-171 & SR-78,Brawley,CA,900,4.899,"SR-171 & SR-78, Brawley, CA, USA","Brawley, Imperial County, California, 92227, United States",32.9786566,-115.530267
70322,INDIAN HILL IRVING,SR 6,Greenville,ME,170,3.86566666,"SR 6, Greenville, ME, USA","Greenville, Piscataquis County, Maine, 04441, United States",45.458955,-69.5916835
70324,LOVES TRAVEL STOP #729,CR-17 & US-20,Goshen,IN,465,3.72233333,"CR-17 & US-20, Goshen, IN, USA","Goshen, Elkhart County, Indiana, United States",41.5850394,-85.8344491
70328,Thorntons #7,US-12 & US-45,Franklin Park,IL,290,3.329,"US-12 & US-45, Franklin Park, IL, USA","Franklin Park, Leyden Township, Cook County, Illinois, United States",41.9353084,-87.865618
70328,Thorntons #7,US-12 & US-45,Franklin Park,IL,290,3.379,"US-12 & US-45, Franklin Park, IL, USA","Franklin Park, Leyden Township, Cook County, Illinois, United States",41.9353084,-87.865618
70328,Thorntons #7,US-12 & US-45,Franklin Park,IL,290,3.679,"US-12 & US-45, Franklin Park, IL, USA","Franklin Park, Leyden Township, Cook County, Illinois, United States",41.9353084,-87.865618
70329,1 STOP TRAVEL PLAZA,US-14 & US-83,Pierre,SD,571,3.38233333,"US-14 & US-83, Pierre, SD, USA","Pierre, Buckeye Township, Hughes County, South Dakota, 57501, United States",44.3683644,-100.351136
70332,FLYING J #1201,HWY 10 & HWY 9,Inglewood,ON,720,4.20135966,"HWY 10 & HWY 9, Inglewood, ON, USA","Inglewood, Rapides Parish, Louisiana, 71302, United States",31.2299069,-92.4212467
70332,FLYING J #1201,HWY 10 & HWY 9,Inglewood,ON,720,4.20228691,"HWY 10 & HWY 9, Inglewood, ON, USA","Inglewood, Rapides Parish, Louisiana, 71302, United States",31.2299069,-92.4212467
70332,FLYING J #1201,HWY 10 & HWY 9,Inglewood,ON,720,4.20445208,"HWY 10 & HWY 9, Inglewood, ON, USA","Inglewood, Rapides Parish, Louisiana, 71302, United States",31.2299069,-92.4212467
70334,KWIK TRIP #1021,SR-11 & CR-E,Brodhead,WI,420,3.41566666,"SR-11 & CR-E, Brodhead, WI, USA","Brodhead, Green County, Wisconsin, United States",42.6197428,-89.376795
70340,PIT STOP,SR-53 & SR-74,Joliet,IL,399,3.499,"SR-53 & SR-74, Joliet, IL, USA","Joliet, Will County, Illinois, United States",41.5263603,-88.0840212
70341,LOVES TRAVEL STOP #741,US-29,Reidsville,NC,65,3.999,"US-29, Reidsville, NC, USA","US 29;US 158, Cambridge, Reidsville, Rockingham County, North Carolina, 27323, United States",36.3273048,-79.6431761
70344,KWIK TRIP #928,US-169,Princeton,MN,451,3.399,"US-169, Princeton, MN, USA","US Highway 169, Princeton, Sherburne County, Minnesota, 55371, United States",45.5567118,-93.5901679
70349,WEIGELS #90,SR-139 & SR-66,Kodak,TN,405,3.199,"SR-139 & SR-66, Kodak, TN, USA","Kodak, Sevier County, East Tennessee, Tennessee, 37764, United States",35.9745323,-83.6268396
70350,CIRCLE K #2741859,CR-802,Brownsville,TX,665,3.029,"CR-802, Brownsville, TX, USA","802, Old Port Isabel Road, Brownsville, Cameron County, Texas, 78521, United States",25.9328446,-97.4746222
70351,MAVERIK COUNTRY STORE #606,US-91,Franklin,ID,825,3.579,"US-91, Franklin, ID, USA","North State Street, Preston, Franklin County, Idaho, 83263, United States",42.1065081,-111.8766605
70352,KWIK TRIP #1019,CR-5 & SR-65,Isanti,MN,448,3.474,"CR-5 & SR-65, Isanti, MN, USA","Isanti County, Minnesota, United States",45.5693224,-93.326521
70357,Certified Oil #400489,"I-71, EXIT 104",Columbus,OH,315,3.409,"I-71, EXIT 104, Columbus, OH, USA","Construction Exit Road, Columbus, Franklin County, Ohio, 43219, United States",39.9991823,-82.9025691
70358,FOOD N FUEL #25,SR-15 & US-12,Milbank,SD,248,3.369,"SR-15 & US-12, Milbank, SD, USA","Milbank, Alban Township, Grant County, South Dakota, 57252, United States",45.219131,-96.635617
70361,MAVERIK COUNTRY STORE #599,US-89 & CR-122,Thayne,WY,825,3.669,"US-89 & CR-122, Thayne, WY, USA","Thayne, Lincoln County, Wyoming, United States",42.9208143,-111.002469
70366,FAST STOP,US-41,Escanaba,MI,360,3.399,"US-41, Escanaba, MI, USA","Ludington Street, Escanaba, Delta County, Michigan, 49829, United States",45.7457375,-87.106295
70371,KENT KWIK #440,US-277,Haskell,TX,575,3.539,"US-277, Haskell, TX, USA","US 277, Haskell, Haskell County, Texas, 79521, United States",33.1613357,-99.7280116
70373,KWIK TRIP #791,US-45 & SR-54,New London,WI,582,3.484,"US-45 & SR-54, New London, WI, USA","New London, Waupaca County, Wisconsin, United States",44.3927581,-88.7398255
70374,LOVES TRAVEL STOP #746,I-72 & SR-121,Decatur,IL,280,3.449,"I-72 & SR-121, Decatur, IL, USA","Decatur, Macon County, Illinois, United States",39.8454163,-88.9524151
70374,LOVES TRAVEL STOP #746,I-72 & SR-121,Decatur,IL,280,3.489,"I-72 & SR-121, Decatur, IL, USA","Decatur, Macon County, Illinois, United States",39.8454163,-88.9524151
70375,QUIKTRIP #1853,US-81,Decatur,TX,630,2.899,"US-81, Decatur, TX, USA","South US Highway 287, Decatur, Wise County, Texas, 76234, United States",33.2330071,-97.5960987
70376,QUIKTRIP #1935,SR-183,Dallas,TX,630,2.97566666,"SR-183, Dallas, TX, USA","Brookdale Club Hill Senior Living Solutions, Centerville, Garland, Dallas County, Texas, United States",32.8772756,-96.6134998
70377,WEIGELS #81,I-81 & SR-32,Morristown,TN,405,3.259,"I-81 & SR-32, Morristown, TN, USA","Morristown, Hamblen County, East Tennessee, Tennessee, United States",36.2139814,-83.2948923
70379,SPEEDWAY #7209,US-411 & SR-20,Cartersville,GA,18,3.11566666,"US-411 & SR-20, Cartersville, GA, USA","Cartersville, Bartow County, Georgia, 30120, United States",34.1652304,-84.7997613
70383,SPEEDWAY #4400,I-10 & SR-59,Loxley,AL,715,3.28233333,"I-10 & SR-59, Loxley, AL, USA","Loxley, Baldwin County, Alabama, 36551, United States",30.6182476,-87.7530454
70385,LONGHORN EXPRESS,US-70,Ardmore,OK,253,3.009,"US-70, Ardmore, OK, USA","West Broadway Street, Ardmore, Carter County, Oklahoma, 73402, United States",34.1727883,-97.1967708
70389,PILOT #1145,SR-191,Midland,TX,710,3.56566666,"SR-191, Midland, TX, USA","Santa Rita Senior Village, Midland, Midland County, Texas, United States",32.0193559,-102.0582166
70390,FLYING J #1206,SR-302 & CR-313,Kermit,TX,710,3.25566666,"SR-302 & CR-313, Kermit, TX, USA","Kermit, Winkler County, Texas, 79745, United States",31.8578999,-103.0932149
70404,MAVERIK COUNTRY STORE #602,"I-25 EXIT, 138",Colorado Springs,CO,803,3.289,"I-25 EXIT, 138, Colorado Springs, CO, USA","Exit Road, Colorado Springs, El Paso County, Colorado, 80914, United States",38.7922967,-104.7028483
70405,LOVES TRAVEL STOP #760,SR-18 & SR-234,Eunice,NM,593,3.329,"SR-18 & SR-234, Eunice, NM, USA","Eunice, Lea County, New Mexico, 88231, United States",32.4388224,-103.159002
70406,LOVES TRAVEL STOP #754,SR-251,Rochelle,IL,520,3.749,"SR-251, Rochelle, IL, USA","State Route 251, Rochelle, Flagg Township, Ogle County, Illinois, 61068, United States",41.9017711,-89.0683773
70406,LOVES TRAVEL STOP #754,SR-251,Rochelle,IL,520,3.849,"SR-251, Rochelle, IL, USA","State Route 251, Rochelle, Flagg Township, Ogle County, Illinois, 61068, United States",41.9017711,-89.0683773
70410,SPEEDWAY #4107,I-285 & US-78,Stone Mountain,GA,18,3.529,"I-285 & US-78, Stone Mountain, GA, USA","Stone Mountain, DeKalb County, Georgia, 30087, United States",33.8062166,-84.1457505
70411,MARATHON,SR-72,Elberton,GA,16,3.899,"SR-72, Elberton, GA, USA","College Avenue, Elberton, Elbert County, Georgia, 30635, United States",34.1165054,-82.8735803
70413,CASEYS #3782,US-169 & SR-2,Mount Ayr,IA,320,3.164,"US-169 & SR-2, Mount Ayr, IA, USA","Mount Ayr, Ringgold County, Iowa, 50854, United States",40.7145873,-94.2381367
70416,ALLSUPS CONVENIENCE STORE #2361,US-54 & US-287,Stratford,TX,585,2.95733333,"US-54 & US-287, Stratford, TX, USA","Stratford, Sherman County, Texas, United States",36.3361403,-102.072119
70417,CASEYS #3434,US-63,Denver,IA,565,3.499,"US-63, Denver, IA, USA","Larrabee Avenue, Denver, Bremer County, Iowa, 50622, United States",42.6619968,-92.3398939
70420,Circle K #2709302,SR-67,Decatur,AL,615,3.50733333,"SR-67, Decatur, AL, USA","Hyosung USA, Market Street Northeast, Albany, Decatur, Morgan County, Alabama, 35601, United States",34.5991885,-86.9611756
70421,CASEYS #3581,US-62/US-67,Corning,AR,695,3.28233333,"US-62/US-67, Corning, AR, USA","West Main Street, Corning, Clay County, Arkansas, 72422, United States",36.4114687,-90.6054935
70422,CIRCLE K #2741675,"I-10, EXIT 134",Tolleson,AZ,930,3.519,"I-10, EXIT 134, Tolleson, AZ, USA","Papago Freeway, Tolleson, Maricopa County, Arizona, 85037, United States",33.4621593,-112.2535198
70423,LOVES TRAVEL STOP #763,I-90 & US-20,Hampshire,IL,290,3.649,"I-90 & US-20, Hampshire, IL, USA","Hampshire, Hampshire Township, Kane County, Illinois, 60140, United States",42.0978028,-88.5303643
70423,LOVES TRAVEL STOP #763,I-90 & US-20,Hampshire,IL,290,3.449,"I-90 & US-20, Hampshire, IL, USA","Hampshire, Hampshire Township, Kane County, Illinois, 60140, United States",42.0978028,-88.5303643
70423,LOVES TRAVEL STOP #763,I-90 & US-20,Hampshire,IL,290,3.459,"I-90 & US-20, Hampshire, IL, USA","Hampshire, Hampshire Township, Kane County, Illinois, 60140, United States",42.0978028,-88.5303643
70423,LOVES TRAVEL STOP #763,I-90 & US-20,Hampshire,IL,290,3.549,"I-90 & US-20, Hampshire, IL, USA","Hampshire, Hampshire Township, Kane County, Illinois, 60140, United States",42.0978028,-88.5303643
70423,LOVES TRAVEL STOP #763,I-90 & US-20,Hampshire,IL,290,3.489,"I-90 & US-20, Hampshire, IL, USA","Hampshire, Hampshire Township, Kane County, Illinois, 60140, United States",42.0978028,-88.5303643
70426,BISHOPS TRAVEL CENTER,US-27,Attapulgus,GA,20,3.699,"US-27, Attapulgus, GA, USA","Attapulgus, Decatur County, Georgia, United States",30.7495931,-84.4838714
70427,PARKERS #64 (DISCOUNT AVAILABLE),SR-307,Savannah,GA,195,3.03233333,"SR-307, Savannah, GA, USA","Savannah, Chatham County, Georgia, United States",32.0790074,-81.0921335
70428,PARKERS #63 (DISCOUNT AVAILABLE),US-301,Jesup,GA,195,3.11566666,"US-301, Jesup, GA, USA","US 25;US 301;GA 23, Jesup, Wayne County, Georgia, 31546, United States",31.5994667,-81.8660602
70429,BP,SR-76,Adel,GA,10,2.969,"SR-76, Adel, GA, USA","Murphy USA, West 4th Street, Adel, Cook County, Georgia, 31620, United States",31.1369905,-83.441339
70430,SPRINT FOODS #715,I-520 & SR-56,Augusta,GA,135,3.19233333,"I-520 & SR-56, Augusta, GA, USA","Augusta, Richmond County, Georgia, United States",33.4709714,-81.9748429
70434,HUCKS FOOD & FUEL #371,SR-148 & SR-142,Mount Vernon,IL,340,3.099,"SR-148 & SR-142, Mount Vernon, IL, USA","Mount Vernon, Jefferson County, Illinois, 62864, United States",38.3172715,-88.9031201
70436,CASEYS #3492,US-36,Marysville,KS,413,3.299,"US-36, Marysville, KS, USA","Pony Express Highway, Marysville, Marshall County, Kansas, 66508, United States",39.8421174,-96.6735556
70438,BREAU BRIDGE TRUCKSTOP AND CASINO,SR-94,Breaux Bridge,LA,730,3.229,"SR-94, Breaux Bridge, LA, USA","East Mills Avenue, Breaux Bridge, Saint Martin Parish, Louisiana, 70517, United States",30.2830549,-91.908047
70439,CHEVRON,I-20 & SR-151,Arcadia,LA,590,3.189,"I-20 & SR-151, Arcadia, LA, USA","Arcadia, Bienville Parish, Louisiana, 71001, United States",32.5489683,-92.9217754
70440,MOUND MINI MART,I-696,Warren,MI,325,3.699,"I-696, Warren, MI, USA","Walter P Reuther Freeway, Warren, Macomb County, Michigan, 48089, United States",42.4920207,-83.0045924
70441,BREAK TIME #3165,US-50 & SR-13,Warrensburg,MO,400,3.29233333,"US-50 & SR-13, Warrensburg, MO, USA","Warrensburg, Johnson County, Missouri, 64093, United States",38.7624373,-93.7409596
70442,GOLDEN GATE PETRO,I-580 & US-50,Carson City,NV,966,3.599,"I-580 & US-50, Carson City, NV, USA","Carson City, Nevada, United States",39.1663259,-119.7670374
70445,CASEYS #3514,SR-1,Oakes,ND,341,3.38233333,"SR-1, Oakes, ND, USA","Oakes, Bear Creek Township, Dickey County, North Dakota, United States",46.138579,-98.090379
70446,ALLSUPS CONVENIENCE STORE #2220,US-285,Loving,NM,640,3.599,"US-285, Loving, NM, USA","South 8th Street, Loving, Eddy County, New Mexico, 88256, United States",32.2828481,-104.1010404
70450,QUEENSBURY,SR-149,Queensbury,NY,12,3.789,"SR-149, Queensbury, NY, USA","State Route 9, French Mountain, Town of Queensbury, Warren County, New York, 12845, United States",43.3615106,-73.7012991
70454,DANDY MINI MART #36,US-220,Monroeton,PA,200,4.03233333,"US-220, Monroeton, PA, USA","US 220, Monroeton, Monroe, Bradford County, Pennsylvania, 18832, United States",41.7123264,-76.4698333
70456,RUTTERS #67,SR-16 & SR-75,Mercersburg,PA,70,4.399,"SR-16 & SR-75, Mercersburg, PA, USA","Mercersburg, Franklin County, Pennsylvania, United States",39.8282214,-77.9037226
70458,STOP-A MINIT,US-25 & SR-418,Pelzer,SC,30,2.899,"US-25 & SR-418, Pelzer, SC, USA","Pelzer, Anderson County, South Carolina, United States",34.6423372,-82.4559598
70459,GET N GO #22,I-90 & SR-115,Sioux Falls,SD,530,2.939,"I-90 & SR-115, Sioux Falls, SD, USA","Sioux Falls, Sioux Falls Township, Minnehaha County, South Dakota, United States",43.5476008,-96.7293629
70460,ALLSUPS CONVENIENCE STORE #2371,US-87,San Angelo,TX,612,3.20566666,"US-87, San Angelo, TX, USA","South Koenigheim Street, Downtown, San Angelo, Tom Green County, Texas, 76903, United States",31.4615271,-100.4424445
70463,CIRCLE K #2741496,US-290,Chappell Hill,TX,670,2.999,"US-290, Chappell Hill, TX, USA","US Highway 290 East, Winkelmann, Chappell Hill, Washington County, Texas, 77426, United States",30.137918,-96.2738341
70464,GOLDEN GATE PETEROLEUM 24 RD,US-6,Grand Junction,CO,810,3.539,"US-6, Grand Junction, CO, USA","U.S. 6 & 50, Grand Junction, Mesa County, Colorado, 81505, United States",39.0841774,-108.5922893
70468,CIRCLE K #2741325,I-14 & SR-121,Belton,TX,765,2.88566666,"I-14 & SR-121, Belton, TX, USA","Belton, Bell County, Texas, United States",31.0560132,-97.464453
70469,TA EXPRESS #286,I-30 & SR-423,Mount Vernon,TX,637,3.299,"I-30 & SR-423, Mount Vernon, TX, USA","Mount Vernon, Franklin County, Texas, 75457, United States",33.1890841,-95.2214564
70472,SHELL/ONE9 #1304,I-820 & CR-156,Fort Worth,TX,630,2.89233333,"I-820 & CR-156, Fort Worth, TX, USA","Fort Worth, Tarrant County, Texas, United States",32.753177,-97.3327459
70479,CROSSROADS MARKET,US-60 & SR-657,Gladstone,VA,185,3.439,"US-60 & SR-657, Gladstone, VA, USA","Gladstone, Nelson County, Virginia, United States",37.5468094,-78.8494619
70482,BIG D OIL #19,SR-259 & SR-387,Midwest,WY,790,3.459,"SR-259 & SR-387, Midwest, WY, USA","Midwest, Natrona County, Wyoming, United States",43.411391,-106.280075
70483,BOLLA MARKET,SR-27 & CR-47,Copiague,NY,83,3.439,"SR-27 & CR-47, Copiague, NY, USA","Copiague, Town of Babylon, Suffolk County, New York, United States",40.6728425,-73.3947639
70483,BOLLA MARKET,SR-27 & CR-47,Copiague,NY,83,3.399,"SR-27 & CR-47, Copiague, NY, USA","Copiague, Town of Babylon, Suffolk County, New York, United States",40.6728425,-73.3947639
70484,ALLSUPS CONVENIENCE STORE #2117,SR-18 & CR-97,Lovington,NM,700,3.104,"SR-18 & CR-97, Lovington, NM, USA","Lovington, Lea County, New Mexico, 88260, United States",32.9440685,-103.3487454
70488,ALLSUPS CONVENIENCE STORE #2365,US-380 & SR-214,Plains,TX,700,3.369,"US-380 & SR-214, Plains, TX, USA","Plains, Yoakum County, Texas, United States",33.1892387,-102.827274
70491,MFA OIL PETRO CARD 24,US-36,Hamilton,MO,276,3.24066666,"US-36, Hamilton, MO, USA","Chicago-Kansas City Expressway, Hamilton, Caldwell County, Missouri, 64644, United States",39.7335281,-94.0203498
70493,LOVES TRAVEL STOP #759,US-63/SR-11,Hazen,AR,695,3.22566666,"US-63/SR-11, Hazen, AR, USA","US 63, Hazen, Prairie County, Arkansas, 72064, United States",34.8190401,-91.5667561
70494,7-ELEVEN #37570,I-76/US-6,Commerce City,CO,800,3.639,"I-76/US-6, Commerce City, CO, USA","Grand Army of the Republic Highway;Heartland Expressway, Commerce City, Adams County, Colorado, 80024, United States",39.8603995,-104.9104287
70495,LOVES TRAVEL STOP #689,US-65 & US-82,Lake Village,AR,695,3.269,"US-65 & US-82, Lake Village, AR, USA","Lake Village, Chicot County, Arkansas, 71653, United States",33.3294799,-91.2850584
70500,STRIPES 7FLEET #42526,SR-289,Lubbock,TX,700,3.05566666,"SR-289, Lubbock, TX, USA","David Aycock Sr. General Contractor, 4805, Lubbock, Lubbock County, Texas, 79403, United States",33.647738,-101.837867
70501,STRIPES 7FLEET #42527,SR-191 & US-349,Midland,TX,710,3.47233333,"SR-191 & US-349, Midland, TX, USA","Midland County, Texas, United States",31.83688,-102.0103767
70503,STRIPES 7FLEET #42491,US-67 & SR-137,Big Lake,TX,710,3.549,"US-67 & SR-137, Big Lake, TX, USA","Big Lake, Reagan County, Texas, 76932, United States",31.1954739,-101.4592746
70507,ALLSUPS CONVENIENCE STORE #2154,SR-206 / US-283,Coleman,TX,575,3.159,"SR-206 / US-283, Coleman, TX, USA","Coleman County, Texas, United States",31.7766863,-99.4461098
70509,ALLSUPS CONVENIENCE STORE #2108,US-377 & US-183,Early,TX,575,2.93233333,"US-377 & US-183, Early, TX, USA","Early, Brown County, Texas, 76802, United States",31.742096,-98.9456052
70510,ALLSUPS CONVENIENCE STORE #2147,SR-6 & CR-454,De Leon,TX,630,3.159,"SR-6 & CR-454, De Leon, TX, USA","De Leon, Comanche County, Texas, United States",32.1104362,-98.5371496
70530,LOVES TRAVEL STOP #767,FM-511 & SR-48,Brownsville,TX,625,3.15566666,"FM-511 & SR-48, Brownsville, TX, USA","Brownsville, Cameron County, Texas, United States",25.9024289,-97.4981698
70540,LOVES TRAVEL STOP #674,US-27 & SR-60,Lake Wales,FL,140,3.55233333,"US-27 & SR-60, Lake Wales, FL, USA","Lake Wales, Polk County, Florida, United States",27.9014133,-81.5859099
70541,Kwik Star#1012,US-71 & SR-9,Spirit Lake,IA,440,3.299,"US-71 & SR-9, Spirit Lake, IA, USA","Spirit Lake, Dickinson County, Iowa, United States",43.4224868,-95.1024729
70543,ALLSUPS CONVENIENCE STORE #2078,US-60,White Deer,TX,585,2.969,"US-60, White Deer, TX, USA","West 2nd Avenue, Original Town, White Deer, Carson County, Texas, 79097, United States",35.4336467,-101.1769226
70546,ALLSUPS CONVENIENCE STORE #2370,US-287 & SR-70,Clarendon,TX,585,2.929,"US-287 & SR-70, Clarendon, TX, USA","Clarendon, Donley County, Texas, 79226, United States",34.9359346,-100.8905829
70547,ALLSUPS CONVENIENCE STORE #2140,SR-114,Bridgeport,TX,630,2.899,"SR-114, Bridgeport, TX, USA","Senior Place, Bridgeport, Wise County, Texas, United States",33.2110122,-97.7332845
70548,ALLSUPS CONVENIENCE STORE #2114,US-84,Muleshoe,TX,700,3.19066666,"US-84, Muleshoe, TX, USA","East American Boulevard, Muleshoe, Bailey County, Texas, 79337, United States",34.2261424,-102.7236388
70550,TEXACO #379545,US-290,Giddings,TX,595,3.399,"US-290, Giddings, TX, USA","West Austin Street, Giddings, Lee County, Texas, 78942, United States",30.1833404,-96.9399238
70551,KWIK TRIP #1047,SR-100 & SR-59,Milwaukee,WI,444,3.54066666,"SR-100 & SR-59, Milwaukee, WI, USA","Milwaukee, Milwaukee County, Wisconsin, United States",43.0386475,-87.9090751
70552,KWIK TRIP #941,US-2,Duluth,MN,334,3.499,"US-2, Duluth, MN, USA","Blue Star Memorial Highway/34th Infantry (Red Bull) Division Highway, Irving, West Duluth, Duluth, Saint Louis County, Minnesota, 55807, United States",46.7360471,-92.1694408
70553,KWIK TRIP #1028,US-59,Worthington,MN,425,3.16566666,"US-59, Worthington, MN, USA","Humiston Avenue, Worthington, Nobles County, Minnesota, 56187, United States",43.6400875,-95.5936076
70554,HORSESHOE CONVENIENCE,SR 302 & IC 200,Mentone,TX,710,3.10733333,"SR 302 & IC 200, Mentone, TX, USA","Mentone, Loving County, Texas, 79754, United States",31.7067317,-103.5985429
70556,ZIP ZONE EXPRESS,US-23,Catlettsburg,KY,255,3.699,"US-23, Catlettsburg, KY, USA","Court Street, Catlettsburg, Boyd County, Kentucky, 25507, United States",38.4056697,-82.6008194
70561,PILOT #1143,I-20 & SR-302,Odessa,TX,710,3.599,"I-20 & SR-302, Odessa, TX, USA","Odessa, Ector County, Texas, United States",31.8457149,-102.367687
70562,SPEEDWAY #7161,I-65 & US-31,Portland,TN,460,3.024,"I-65 & US-31, Portland, TN, USA","Portland, Sumner County, Middle Tennessee, Tennessee, 37148, United States",36.5817089,-86.5163833
70563,PILOT DEALER #1234,US-93 & CR-145,Willow Beach,AZ,910,3.839,"US-93 & CR-145, Willow Beach, AZ, USA","Willow Beach, Mohave County, Arizona, United States",35.8697801,-114.6600654
70563,PILOT #1234,US-93 & CR-145,Willow Beach,AZ,910,3.899,"US-93 & CR-145, Willow Beach, AZ, USA","Willow Beach, Mohave County, Arizona, United States",35.8697801,-114.6600654
70571,LOVES TRAVEL STOP #748,"I-90, I-80 & SR-49",Edon,OH,550,3.88733333,"I-90, I-80 & SR-49, Edon, OH, USA","Edon, Florence Township, Williams County, Ohio, United States",41.556367,-84.7690441
70572,LOVES TRAVEL STOP #745,I-94,Saint Clair,MI,342,3.949,"I-94, Saint Clair, MI, USA","Blue Water Bridge, Port Huron, Saint Clair County, Michigan, 48060, United States",42.9996634,-82.429498
70573,KWIK TRIP #1038,US-12,Prairie Du Sac,WI,420,3.484,"US-12, Prairie Du Sac, WI, USA","US Highway 12, Town of Prairie du Sac, Sauk County, Wisconsin, 53578, United States",43.2938473,-89.7591751
70577,SPEEDWAY #3715,US-30,Crest Hill,IL,293,3.299,"US-30, Crest Hill, IL, USA","Plainfield Road, Crest Hill, Will County, Illinois, 60403, United States",41.5594986,-88.1328038
70577,SPEEDWAY #3715,US-30,Crest Hill,IL,293,3.359,"US-30, Crest Hill, IL, USA","Plainfield Road, Crest Hill, Will County, Illinois, 60403, United States",41.5594986,-88.1328038
70579,Exxon/One9 #1338,I-35 & CR-372,Jarrell,TX,765,2.88566666,"I-35 & CR-372, Jarrell, TX, USA","Jarrell, Williamson County, Texas, United States",30.8249094,-97.604454
70583,LOVES TRAVEL STOP #783,US-60 & US-63,Willow Springs,MO,535,3.419,"US-60 & US-63, Willow Springs, MO, USA","Willow Springs, Howell County, Missouri, United States",36.9922768,-91.9698742
70586,MAVERIK COUNTRY STORE #610,I-80,Winnemucca,NV,966,3.389,"I-80, Winnemucca, NV, USA","Dwight D. Eisenhower Highway, Winnemucca, Humboldt County, Nevada, 89445, United States",40.979129,-117.7317933
70587,MAVERIK COUNTRY STORE #623,US-89,Gunnison,UT,835,3.419,"US-89, Gunnison, UT, USA","US 89, Gunnison, Sanpete County, Utah, 84634, United States",39.1599693,-111.8135251
70590,CIRCLE K #2722291,US-1 & SR-206,Saint Augustine,FL,75,3.379,"US-1 & SR-206, Saint Augustine, FL, USA","Saint Augustine, Saint Johns County, Florida, 32084, United States",29.8946952,-81.3145395
70596,SPEEDWAY #7208,I-85 EXIT 137,Jefferson,GA,16,3.119,"I-85 EXIT 137, Jefferson, GA, USA","Underground Garage (Entrance/Exit), Forest Glen, Chicago, Jefferson Township, Cook County, Illinois, 60646, United States",41.9910203,-87.7489423
70597,SPEEDWAY #9394,SR-4 & US-25,Lexington,KY,410,3.129,"SR-4 & US-25, Lexington, KY, USA","Lexington, Fayette County, Kentucky, United States",38.0464066,-84.4970393
70598,SPEEDWAY #7175,US-78 & SR-175,Memphis,TN,435,3.199,"US-78 & SR-175, Memphis, TN, USA","Memphis, Shelby County, West Tennessee, Tennessee, United States",35.146026,-90.0517786
70599,Jet Food Store,US-278,Warrenton,GA,85,3.41566666,"US-278, Warrenton, GA, USA","Main Street, Warrenton, Warren County, Georgia, 30828, United States",33.4074817,-82.6727199
70600,KWIK STAR #1027,US-65,Mason City,IA,433,3.264,"US-65, Mason City, IA, USA","North Washington Avenue, Mason City, Mason Township, Cerro Gordo County, Iowa, 50401, United States",43.1522568,-93.202719
70604,KWIK STAR #940,US-69 & SR-9,Forest City,IA,433,3.449,"US-69 & SR-9, Forest City, IA, USA","Forest City, Winnebago County, Iowa, 50436, United States",43.2626747,-93.6376741
70605,SPEEDWAY #1042,"I-55 & SR-50, EXIT 286",Cicero,IL,291,3.599,"I-55 & SR-50, EXIT 286, Cicero, IL, USA","Cicero CTA (Pink Lne) 49th Street Exit, 2133, South 49th Avenue, Cicero, Cook County, Illinois, 60804, United States",41.8519053,-87.7464962
70605,SPEEDWAY #1042,"I-55 & SR-50, EXIT 286",Cicero,IL,291,3.569,"I-55 & SR-50, EXIT 286, Cicero, IL, USA","Cicero CTA (Pink Lne) 49th Street Exit, 2133, South 49th Avenue, Cicero, Cook County, Illinois, 60804, United States",41.8519053,-87.7464962
70611,Shell,US-6 & SR-3,Kendallville,IN,370,3.499,"US-6 & SR-3, Kendallville, IN, USA","Kendallville, Noble County, Indiana, 46755, United States",41.4414385,-85.2649754
70619,KWIK TRIP #1049,US-212 & CR-68,Glencoe,MN,448,3.524,"US-212 & CR-68, Glencoe, MN, USA","Glencoe, McLeod County, Minnesota, United States",44.7691886,-94.1515671
70622,SPEEDWAY #6781,US-422,Douglassville,PA,208,3.799,"US-422, Douglassville, PA, USA","Pottstown Bypass, Douglassville, Amity Gardens, Amity Township, Berks County, Pennsylvania, 19518, United States",40.2539491,-75.7198235
70625,BROWNVILLE IRVING,SR-11,Brownville,ME,170,3.93233333,"SR-11, Brownville, ME, USA","State Route 11, Brownville, Piscataquis County, Maine, 04414, United States",45.299062,-69.0280295
70634,CORNER MARKET #101,US-83 & SR-96,Scott City,KS,525,3.359,"US-83 & SR-96, Scott City, KS, USA","Scott City, Scott County, Kansas, 67871, United States",38.4825192,-100.907094
70635,CIRCLE K #4705706,US-224 & SR-99,Willard,OH,249,3.599,"US-224 & SR-99, Willard, OH, USA","Willard, Huron County, Ohio, United States",41.0531134,-82.7262958
70643,LOVES TRAVEL STOP #774,US-431/CR-248,Smiths Station,AL,720,3.194,"US-431/CR-248, Smiths Station, AL, USA","CR 248, Smiths Station, Lee County, Alabama, 36867, United States",32.5377361,-85.0893433
70646,KWIK TRIP #1051,I-43 & CR-N,Green Bay,WI,582,3.44066666,"I-43 & CR-N, Green Bay, WI, USA","Green Bay, Brown County, Wisconsin, United States",44.5126379,-88.0125794
70648,BARRINGTON APPLEGREEN,SR-125 & SR-9,Barrington,NH,178,3.899,"SR-125 & SR-9, Barrington, NH, USA","Barrington, Strafford County, New Hampshire, United States",43.223191,-71.047211
70649,KWIK TRIP #931,SR-95,North Branch,MN,448,3.42733333,"SR-95, North Branch, MN, USA","Marcolin USA, North Branch, Branchburg Township, Somerset County, New Jersey, United States",40.6030406,-74.6874467
70655,GOLDEN GATE PETROLEUM,US-6,Grand Junction,CO,810,3.499,"US-6, Grand Junction, CO, USA","U.S. 6 & 50, Grand Junction, Mesa County, Colorado, 81505, United States",39.0841774,-108.5922893
70658,CASEYS #3708,SR-235,New Carlisle,OH,411,3.259,"SR-235, New Carlisle, OH, USA","North Main Street, New Carlisle, Bethel Township, Clark County, Ohio, 45344, United States",39.9372178,-84.0249837
70663,LENNYS GAS N WASH BOURBONNAIS,US-45/US-52,Bourbonnais,IL,296,3.399,"US-45/US-52, Bourbonnais, IL, USA","US 45;US 52, Bourbonnais, Kankakee County, Illinois, 60914, United States",41.2085943,-87.8770162
70663,LENNYS GAS N WASH BOURBONNAIS,US-45/US-52,Bourbonnais,IL,296,3.299,"US-45/US-52, Bourbonnais, IL, USA","US 45;US 52, Bourbonnais, Kankakee County, Illinois, 60914, United States",41.2085943,-87.8770162
70666,Thorntons #322,"I-55, EXIT 288",Chicago,IL,290,3.599,"I-55, EXIT 288, Chicago, IL, USA","Grant Park South Garage (Exit), Jewelers Row, Loop, Chicago, South Chicago Township, Cook County, Illinois, 60604, United States",41.8774134,-87.6243099
70668,LOVES TRAVEL STOP #784,US-30 & CR-9,Schuyler,NE,486,3.28233333,"US-30 & CR-9, Schuyler, NE, USA","Schuyler, Colfax County, Nebraska, 68661, United States",41.4473547,-97.0572541
70677,PAC PRIDE,US-60,Glendale,AZ,930,4.024,"US-60, Glendale, AZ, USA","Grand Avenue, Glendale, Maricopa County, Arizona, 85301, United States",33.5416897,-112.1895867
70681,PETRO STOP,US-60,Mesa,AZ,930,4.01566666,"US-60, Mesa, AZ, USA","East Main Street, Mesa, Maricopa County, Arizona, 95213, United States",33.4154971,-111.7754389
70686,HOLIDAY STATIONSTORE #2746471,US-12,Hudson,WI,448,3.539,"US-12, Hudson, WI, USA","I 94;US 12;WI 35, Hudson, Saint Croix County, Wisconsin, 54016, United States",44.9626236,-92.7509736
70692,RUTLAND ROUTE 7 IRVING,US-4 & US-7,Rutland,VT,170,3.699,"US-4 & US-7, Rutland, VT, USA","Rutland City, Rutland County, Vermont, 05702, United States",43.6084792,-72.9724768
70693,MAPCO #3507,US-76 & SR-71,Dalton,GA,285,3.119,"US-76 & SR-71, Dalton, GA, USA","Dalton, Whitfield County, Georgia, United States",34.7691867,-84.9702475
70695,ALLSUPS CONVENIENCE STORE #2132,US-54 & US-380,Carrizozo,NM,580,3.28233333,"US-54 & US-380, Carrizozo, NM, USA","Carrizozo, Lincoln County, New Mexico, United States",33.6451866,-105.8775111
70698,ALLSUPS CONVENIENCE STORE #2038,US-54,Logan,NM,585,3.199,"US-54, Logan, NM, USA","US 54, Logan, Quay County, New Mexico, United States",35.357467,-103.4114499
70699,QUIK STOP,US-79,Paris,TN,490,2.959,"US-79, Paris, TN, USA","Tyson Avenue, Hancock, Paris, Henry County, West Tennessee, Tennessee, 38242, United States",36.2905509,-88.3187664
70700,PATRIOT FUELING CENTER,US-231/SR-9,Wetumpka,AL,720,3.199,"US-231/SR-9, Wetumpka, AL, USA","US 231;AL 21, Harrogate Springs, Wetumpka, Elmore County, Alabama, 36117, United States",32.5113416,-86.2133003
70705,CASEYS #3464,SR-48 & CR-10,Morrisonville,IL,280,3.759,"SR-48 & CR-10, Morrisonville, IL, USA","Morrisonville, Christian County, Illinois, United States",39.4200501,-89.4556486
70705,CASEYS #3464,SR-48 & CR-10,Morrisonville,IL,280,3.999,"SR-48 & CR-10, Morrisonville, IL, USA","Morrisonville, Christian County, Illinois, United States",39.4200501,-89.4556486
70705,CASEYS #3464,SR-48 & CR-10,Morrisonville,IL,280,3.959,"SR-48 & CR-10, Morrisonville, IL, USA","Morrisonville, Christian County, Illinois, United States",39.4200501,-89.4556486
70706,BIG APPLE TRAVEL CENTER,I-44/US-71,Joplin,MO,416,3.21233333,"I-44/US-71, Joplin, MO, USA","South Range Line Road, Gateway Drive, Joplin, Newton County, Missouri, 64864, United States",37.0550512,-94.4784356
70709,VP Racing Fuels,SR-19,Center,MO,540,3.16566666,"SR-19, Center, MO, USA","Murphy USA, 1309, Southern Hills Center, West Plains, Howell County, Missouri, 65775, United States",36.7144567,-91.8737261
70710,LOVES TRAVEL STOP #799,US-72 & SR-15,Walnut,MS,655,3.559,"US-72 & SR-15, Walnut, MS, USA","Walnut, Tippah County, Mississippi, United States",34.9485431,-88.9020767
70711,LOVES TRAVEL STOP #762,FM-1472,Laredo,TX,693,3.25566666,"FM-1472, Laredo, TX, USA","FM 1472, Laredo, Webb County, Texas, United States",27.7114044,-99.7295483
70714,PILOT TRAVEL CENTER #1281,US-89,Page,AZ,910,3.999,"US-89, Page, AZ, USA","Bitter Springs–Utah State Line Highway, Page, Coconino County, Arizona, United States",36.9813167,-111.5366809
70714,PILOT DEALER #1281,US-89,Page,AZ,910,3.999,"US-89, Page, AZ, USA","Bitter Springs–Utah State Line Highway, Page, Coconino County, Arizona, United States",36.9813167,-111.5366809
70725,LOVES TRAVEL STOP #782,"I-24 & US-41, EXIT 86",Oak Grove,KY,415,3.14233333,"I-24 & US-41, EXIT 86, Oak Grove, KY, USA","Oak Grove, Christian County, Kentucky, 42262, United States",36.6650471,-87.4427878
70726,CASEYS #1195,US-36,Belleville,KS,336,3.339,"US-36, Belleville, KS, USA","US 36, Belleville, Republic County, Kansas, 66925, United States",39.8127764,-97.6505015
70727,CASEYS #2998,US-75 & SR-23,Pipestone,MN,530,3.449,"US-75 & SR-23, Pipestone, MN, USA","Pipestone County, Minnesota, United States",44.0270012,-96.2566582
70728,CASEYS #3245,US-81,Freeman,SD,530,3.299,"US-81, Freeman, SD, USA","South US Highway 81, Freeman, Grandview Township, Hutchinson County, South Dakota, 57029, United States",43.3456275,-97.4204606
70729,CASEYS #3785,US-14,Fort Pierre,SD,571,3.399,"US-14, Fort Pierre, SD, USA","North Highway 83, Ward II, Fort Pierre, Buckeye Township, Hughes County, South Dakota, 57532, United States",44.3709723,-100.3710321
70730,CASEYS #3855,US-81,Yankton,SD,572,3.139,"US-81, Yankton, SD, USA","Broadway Avenue, Yankton, Mission Hill North Township, Yankton County, South Dakota, 57078, United States",42.9143249,-97.3974903
70731,PILOT TRAVEL CENTERS #1181,IL-38 E,Rochelle,IL,520,3.759,"IL-38 E, Rochelle, IL, USA","IL 38, Rochelle, Dement Township, Ogle County, Illinois, 61068, United States",41.9342433,-89.051313
70731,PILOT #1181,IL-38 E,Rochelle,IL,520,3.759,"IL-38 E, Rochelle, IL, USA","IL 38, Rochelle, Dement Township, Ogle County, Illinois, 61068, United States",41.9342433,-89.051313
70732,MAVERIK COUNTRY STORE #627,I-15 EXIT 303,Salt Lake City,UT,835,3.44233333,"I-15 EXIT 303, Salt Lake City, UT, USA","Exit Stair 13, Westpointe, Salt Lake City, Salt Lake County, Utah, 84122, United States",40.7852018,-111.990179
70733,CASEYS #1607,US-63,Macon,MO,392,3.29066666,"US-63, Macon, MO, USA","South Missouri Street, Macon, Macon County, Missouri, 63552, United States",39.736721,-92.4653846
70741,CASEYS #3590,US-27,Geneva,IN,465,3.594,"US-27, Geneva, IN, USA","North Main Street, Geneva, Adams County, Indiana, 46740, United States",40.5985258,-84.956619
70742,CASEYS #3653,SR-14,Greene,IA,433,3.599,"SR-14, Greene, IA, USA","Greene, Coldwater Township, Butler County, Iowa, 50636, United States",42.896221,-92.8030194
70743,CASEYS #3659,US-10 & SR-115,Randall,MN,250,3.48566666,"US-10 & SR-115, Randall, MN, USA","Randall, Morrison County, Minnesota, 56475, United States",46.0910771,-94.5036199
70745,CASEYS #3752,",",Mountain Lake,MN,425,3.40233333,",, Mountain Lake, MN, USA","Mountain Lake, Cottonwood County, Minnesota, United States",43.9392996,-94.9309224
70746,CASEYS #3085,US-34 & SR-14,Aurora,NE,330,3.099,"US-34 & SR-14, Aurora, NE, USA","Aurora, Hamilton County, Nebraska, 68818, United States",40.866888,-98.004508
70748,CASEYS #3717,US-218,Vinton,IA,380,3.199,"US-218, Vinton, IA, USA","US 218, Vinton, Taylor Township, Benton County, Iowa, 52349, United States",42.1500254,-92.0279271
70749,CASEYS #3719,US-160,Ulysses,KS,525,3.409,"US-160, Ulysses, KS, USA","West Oklahoma Avenue, Ulysses, Lincoln Township, Grant County, Kansas, 67880, United States",37.5765185,-101.3694941
70754,CASEYS #3758,US-77,Douglass,KS,570,3.264,"US-77, Douglass, KS, USA","US 77, Douglass, Butler County, Kansas, 67039, United States",37.5358641,-96.9967204
70755,CASEYS #3809,US-56 & SR-51,Hugoton,KS,525,3.39233333,"US-56 & SR-51, Hugoton, KS, USA","Hugoton, Stevens County, Kansas, 67951, United States",37.1753025,-101.349602
70756,CASEYS #3780,US-40,Tonganoxie,KS,400,3.159,"US-40, Tonganoxie, KS, USA","US 24;US 40, Tonganoxie, Leavenworth County, Kansas, 66086, United States",39.1162896,-95.0858417
70757,CASEYS #3811,US-69,McAlester,OK,560,3.22566666,"US-69, McAlester, OK, USA","South George Nigh Expressway, McAlester, Pittsburg County, Oklahoma, 74501, United States",34.8926428,-95.7779057
70760,CASEYS #2730,US-34 & SR-15,Seward,NE,413,3.369,"US-34 & SR-15, Seward, NE, USA","Seward County, Nebraska, United States",40.8695533,-97.1706676
70761,CASEYS #3841,"US-61, EXIT 5",Kieler,WI,335,3.489,"US-61, EXIT 5, Kieler, WI, USA","Great River Road, Kieler, Town of Jamestown, Grant County, Wisconsin, 53812, United States",42.5659459,-90.6114654
70765,CEFCO #103,SR-36,Temple,TX,765,2.96566666,"SR-36, Temple, TX, USA","USA Fuel and Food, 22222, Southeast H K Dodgen Loop, Temple, Bell County, Texas, 76504, United States",31.0591136,-97.3344455
70769,CASEYS #3527,US-169 & US-60,Nowata,OK,307,3.18233333,"US-169 & US-60, Nowata, OK, USA","Nowata County, Oklahoma, United States",36.7798848,-95.6226184
70770,CASEYS #3528,SR-92,Washington,IA,380,3.271,"SR-92, Washington, IA, USA","Trainland USA, State Highway 117, Colfax, Washington Township, Jasper County, Iowa, 50054, United States",41.6805444,-93.2460383
70771,CASEYS #3545,US-14/CR-27,Sleepy Eye,MN,425,3.33233333,"US-14/CR-27, Sleepy Eye, MN, USA","County Road 27, Sleepy Eye, Brown County, Minnesota, 56085, United States",44.2972461,-94.7056452
70773,CASEYS #3575,US-36,Seneca,KS,413,3.159,"US-36, Seneca, KS, USA","US 36;K-63, Seneca, Nemaha County, Kansas, 66538, United States",39.8412858,-96.0553953
70775,CASEYS #3576,US-56,Overbrook,KS,400,3.19566666,"US-56, Overbrook, KS, USA","West 157th Street, Overbrook, Osage County, Kansas, 66609, United States",38.782295,-95.5252085
70776,CASEYS #3579,US-36,Smith Center,KS,330,3.179,"US-36, Smith Center, KS, USA","US 36, Smith Center, Smith County, Kansas, 66967, United States",39.7850675,-98.791361
70789,7FLEET #46080,"I-41 & US-41, EXIT 133",Neenah,WI,360,3.449,"I-41 & US-41, EXIT 133, Neenah, WI, USA","Pick 'n Save exit and Commercial, South Commercial Street, Mahler Farm, Neenah, Winnebago County, Wisconsin, 54956, United States",44.1550417,-88.4631884
70794,CASEYS #3747,SR-103 & CR-96,Carey,OH,411,3.17566666,"SR-103 & CR-96, Carey, OH, USA","Carey, Crawford Township, Wyandot County, Ohio, 43316, United States",40.9525551,-83.3824238
70832,FLYERS #766,SR-648,Sparks,NV,966,4.059,"SR-648, Sparks, NV, USA","West Glendale Avenue, Sparks, Washoe County, Nevada, 89595, United States",39.5276229,-119.7767008
70833,FLYERS #764,SR-667,Reno,NV,966,4.05233333,"SR-667, Reno, NV, USA","Kietzke Lane, Reno, Washoe County, Nevada, 89595, United States",39.5311511,-119.7873736
70855,FLYERS #761,"I-580, EXIT 5",Carson City,NV,966,3.699,"I-580, EXIT 5, Carson City, NV, USA","Carson City Freeway, Carson City, Nevada, 89701, United States",39.1472453,-119.7461553
70859,FLYERS #732,I-580 & US-50,Carson City,NV,966,3.699,"I-580 & US-50, Carson City, NV, USA","Carson City, Nevada, United States",39.1663259,-119.7670374
70870,ESSENTIAL FUELS,US-26,Scottsbluff,NE,795,3.599,"US-26, Scottsbluff, NE, USA","Highway 26, Scottsbluff, Scotts Bluff County, Nebraska, 69361, United States",41.8732796,-103.6494652
70874,CIRCLE T,SR-6 & SR-515,Navasota,TX,670,3.43233333,"SR-6 & SR-515, Navasota, TX, USA","Navasota, Grimes County, Texas, 77868, United States",30.3885033,-96.0880028
70875,FUEL MAXX #57,SR-105 & SR-146,Liberty,TX,610,3.13233333,"SR-105 & SR-146, Liberty, TX, USA","Liberty County, Texas, United States",30.0856736,-94.7856262
70880,RUTTERS #81,SR-61 & SR-73,Leesport,PA,208,3.89733333,"SR-61 & SR-73, Leesport, PA, USA","Leesport, Berks County, Pennsylvania, United States",40.4470377,-75.9663222
70883,RUTTERS #41,US-422,Lebanon,PA,70,3.799,"US-422, Lebanon, PA, USA","Cumberland Street, Pleasant Hill, Woodfort, North Cornwall Township, Lebanon County, Pennsylvania, 17042, United States",40.3390425,-76.4503217
70884,RUTTERS #75,SR-194 & SR-550,Walkersville,MD,70,3.93233333,"SR-194 & SR-550, Walkersville, MD, USA","Walkersville, Frederick County, Maryland, 21793, United States",39.4817659,-77.3507698
70885,KWIK TRIP #1061,CR-CE & CR-HH,Combined Locks,WI,582,3.549,"CR-CE & CR-HH, Combined Locks, WI, USA","Combined Locks, Outagamie County, Wisconsin, 54113, United States",44.2658205,-88.314273
70888,HUTCHS #125,US-283,Altus,OK,483,2.999,"US-283, Altus, OK, USA","North Main Street, Altus, Jackson County, Oklahoma, 73521, United States",34.6404829,-99.3339272
70890,PILOT #1299,US-287 & SR-148,Henrietta,TX,770,3.12566666,"US-287 & SR-148, Henrietta, TX, USA","Henrietta, Clay County, Texas, United States",33.8166258,-98.194682
70894,QUARLES #4009,US-301,Waldorf,MD,60,3.759,"US-301, Waldorf, MD, USA","Crain Highway, Saint Charles, Waldorf, Charles County, Maryland, 20603, United States",38.6107076,-76.9264479
70896,QUARLES #4200,US-522,Front Royal,VA,60,3.699,"US-522, Front Royal, VA, USA","North Commerce Avenue, Front Royal, Warren County, Virginia, 22630, United States",38.9262393,-78.191319
70897,QUARLES #4302,SR-801 & SR-42,Broadway,VA,60,3.459,"SR-801 & SR-42, Broadway, VA, USA","Broadway, Rockingham County, Virginia, 22815, United States",38.6133035,-78.7993257
70902,QUARLES #4309,US-460/29,Lynchburg,VA,185,3.774,"US-460/29, Lynchburg, VA, USA","US 29;US 460, Lynchburg, Virginia, 24504, United States",37.3783285,-79.130617
70903,QUARLES #4310,US-11,Roanoke,VA,185,3.559,"US-11, Roanoke, VA, USA","Memorial Avenue Southwest, Ghent, Mountain View, West End, Roanoke, Virginia, 24015, United States",37.2676088,-79.9679294
70905,QUARLES #4401,US-29,Fairfax,VA,60,4.059,"US-29, Fairfax, VA, USA","Route 29, Tremont Gardens, West Falls Church, Fairfax County, Virginia, 22042, United States",38.8758785,-77.1994268
70913,QUARLES #4412,I-270 EXIT 8,Rockville,MD,60,3.759,"I-270 EXIT 8, Rockville, MD, USA","I 270, Rockville, Montgomery County, Maryland, 20852, United States",39.054297,-77.1534751
70916,TA Express White Hills,US-93,Willow Beach,AZ,910,3.779,"US-93, Willow Beach, AZ, USA","Willow Beach, Mohave County, Arizona, United States",35.8697801,-114.6600654
70917,QUARLES #4416,US-13,Salisbury,MD,194,3.659,"US-13, Salisbury, MD, USA","North Salisbury Boulevard, Salisbury, Wicomico County, Maryland, 21875, United States",38.4067907,-75.5676536
70919,QUARLES #4422,US-13,New Castle,DE,243,3.699,"US-13, New Castle, DE, USA","South Dupont Highway, Saint Georges Heights, South Saint Georges, New Castle County, Delaware, 19733, United States",39.5528106,-75.6508299
70921,QUARLES #4424,SR-5,Clinton,MD,60,3.899,"SR-5, Clinton, MD, USA","Clinton, Prince George's County, Maryland, 20735, United States",38.7651145,-76.8983059
70923,QUARLES #4426,SR-124,Gaithersburg,MD,60,3.759,"SR-124, Gaithersburg, MD, USA","Hillside Senior Apartment Homes, 200, King Farm, Gaithersburg, Montgomery County, Maryland, 20877, United States",39.1256571,-77.1798638
70925,QUARLES #4430,US-13,Sharon Hill,PA,160,3.869,"US-13, Sharon Hill, PA, USA","Chester Pike, Sharon Hill, Delaware County, Pennsylvania, 19023, United States",39.9136369,-75.2661304
70926,QUARLES #4431,US-22,Allentown,PA,90,3.989,"US-22, Allentown, PA, USA","Tilghman Street, Trexler Park, Allentown, Lehigh County, Pennsylvania, 18104, United States",40.5974073,-75.5286428
70927,QUARLES #4434,SR-617,Springfield,VA,60,4.059,"SR-617, Springfield, VA, USA","Backlick Road, Springfield, Fairfax County, Virginia, 22079, United States",38.7749456,-77.1840725
70929,QUARLES #4503,US-11,Martinsburg,WV,60,3.959,"US-11, Martinsburg, WV, USA","North Queen Street, Martinsburg, Berkeley County, West Virginia, 25401, United States",39.4681694,-77.955989
70931,QUARLES #4505,SR-65,Hagerstown,MD,60,3.899,"SR-65, Hagerstown, MD, USA","Sister City Drive, Hagerstown, Washington County, Maryland, 21740, United States",39.6325974,-77.7605734
70933,QUARLES #4507,US-11,Winchester,VA,60,3.799,"US-11, Winchester, VA, USA","South Cameron Street, Winchester, Virginia, 22601, United States",39.1827284,-78.164534
70937,QUARLES #4603,US-29/211,Warrenton,VA,60,3.799,"US-29/211, Warrenton, VA, USA","US 15;US 29, Warrenton, Fauquier County, Virginia, 20186, United States",38.7210536,-77.7811017
70938,QUARLES #4605,SR-606,Sterling,VA,60,3.659,"SR-606, Sterling, VA, USA","Old Ox Road, Dulles, Sterling, Loudoun County, Virginia, 20166, United States",38.9790361,-77.4319599
70939,QUARLES #4606,SR-234,Manassas,VA,60,3.859,"SR-234, Manassas, VA, USA","Harry J Parrish Boulevard, Great Oak, Bristow, Prince William County, Virginia, 22136, United States",38.7259679,-77.5037945
70940,QUARLES #4607,SR-28,Manassas,VA,60,3.859,"SR-28, Manassas, VA, USA","Lucasville Road, Manassas, Prince William County, Virginia, 20110, United States",38.7307502,-77.4802967
70941,QUARLES #4934,US-60,Sandston,VA,180,3.259,"US-60, Sandston, VA, USA","East Williamsburg Road, Seven Pines, Sandston, Henrico County, Virginia, 23150, United States",37.5184555,-77.2938148
70942,QUARLES #4608,SR-657,Chantilly,VA,60,3.659,"SR-657, Chantilly, VA, USA","Walney Road, Chantilly, Fairfax County, Virginia, 20153, United States",38.8906149,-77.4329026
70944,QUARLES #4701,US-15 BUS & US-522,Culpeper,VA,60,3.799,"US-15 BUS & US-522, Culpeper, VA, USA","Culpeper, Culpeper County, Virginia, 22701, United States",38.4733823,-77.9961275
70945,QUARLES #4944,US-17,Bealeton,VA,60,3.759,"US-17, Bealeton, VA, USA","Marsh Road, Liberty, Bealeton, Fauquier County, Virginia, 22712, United States",38.6016077,-77.777802
70946,QUARLES #4703,US-29 & SR-616,Ruckersville,VA,180,3.699,"US-29 & SR-616, Ruckersville, VA, USA","Ruckersville, Greene County, Virginia, United States",38.2299885,-78.3776146
70951,QUARLES #4947,SR-7,Leesburg,VA,60,3.659,"SR-7, Leesburg, VA, USA","Leesburg, Loudoun County, Virginia, United States",39.1154506,-77.5645607
70956,QUARLES #4813,SR-133,Wilmington,NC,245,3.779,"SR-133, Wilmington, NC, USA","River Road, Wilmington, New Hanover County, North Carolina, 28412, United States",34.172524,-77.948847
70958,QUARLES #4951,SR-3,Fredericksburg,VA,60,3.759,"SR-3, Fredericksburg, VA, USA","Fredericksburg, Virginia, United States",38.3001159,-77.4571472
70959,QUARLES #4814,US-117,Wilmington,NC,245,3.799,"US-117, Wilmington, NC, USA","Shipyard Boulevard, Glen Meade, Wilmington, New Hanover County, North Carolina, 28401, United States",34.191724,-77.9282983
70965,QUARLES #4822,US-401,Raleigh,NC,177,3.709,"US-401, Raleigh, NC, USA","Louisburg Road, Raleigh, Wake County, North Carolina, 27616, United States",35.8731365,-78.5431228
70966,QUARLES #4927,SR-10 & SR-145,Chesterfield,VA,180,3.699,"SR-10 & SR-145, Chesterfield, VA, USA","Chesterfield County, Virginia, United States",37.3859982,-77.578509
70967,QUARLES #4823,I-95,Fayetteville,NC,63,3.799,"I-95, Fayetteville, NC, USA","I 95, Fayetteville, Cumberland County, North Carolina, 28312, United States",35.0059431,-78.8217879
70970,QUARLES #4931,US-60 & SR-603,Powhatan,VA,180,3.699,"US-60 & SR-603, Powhatan, VA, USA","Powhatan County, Virginia, United States",37.5531622,-77.9112655
70974,QUARLES #4933,US-60,Richmond,VA,180,3.699,"US-60, Richmond, VA, USA","Semmes Avenue, Manchester, Richmond, Virginia, 23284, United States",37.5227751,-77.4527065
70986,QUARLES #4833,US-1,Youngsville,NC,177,3.699,"US-1, Youngsville, NC, USA","US 1, Youngsville, Franklin County, North Carolina, 27525, United States",36.0372457,-78.5003353
70987,QUARLES #4902,US-250/33,Richmond,VA,180,3.699,"US-250/33, Richmond, VA, USA","33, West Broad Street, Jackson Ward, Richmond, Virginia, 23220, United States",37.5459087,-77.4426871
70997,QUARLES #4913,SR-76,Midlothian,VA,180,3.699,"SR-76, Midlothian, VA, USA","76, Wylderose Drive, Michaux Creek, Westchester, Midlothian, Chesterfield County, Virginia, 23113, United States",37.5094382,-77.6794834
71002,QUARLES #4922,US-250,Charlottesville,VA,180,3.899,"US-250, Charlottesville, VA, USA","US 250, Barracks / Rugby, Charlottesville, Virginia, 22901, United States",38.0526674,-78.4817006
71004,QUARLES #4924,US-1 & SR-688,Doswell,VA,180,3.699,"US-1 & SR-688, Doswell, VA, USA","Doswell, Hanover County, Virginia, 23047, United States",37.8601402,-77.4641492
71018,KWIK STAR #1076,US-218,Vinton,IA,565,3.199,"US-218, Vinton, IA, USA","US 218, Vinton, Taylor Township, Benton County, Iowa, 52349, United States",42.1500254,-92.0279271
71019,KWIK TRIP #489,SR-3,Northfield,MN,448,3.524,"SR-3, Northfield, MN, USA","Northfield, Rice County, Minnesota, United States",44.4582041,-93.161159
71020,Fast Trac 21,SR-21 & CR-50,Caldwell,TX,670,3.299,"SR-21 & CR-50, Caldwell, TX, USA","Caldwell County, Texas, United States",29.8298971,-97.5959641
71023,LOVES TRAVEL STOP #853,SR-302 & CR-313,Kermit,TX,710,3.25066666,"SR-302 & CR-313, Kermit, TX, USA","Kermit, Winkler County, Texas, 79745, United States",31.8578999,-103.0932149
71024,LOVES TRAVEL STOP #804,US-34/US-67,Monmouth,IL,270,3.449,"US-34/US-67, Monmouth, IL, USA","East Broadway, Monmouth, Warren County, Illinois, 61462, United States",40.912088,-90.6477648
71024,LOVES TRAVEL STOP #804,US-34/US-67,Monmouth,IL,270,3.389,"US-34/US-67, Monmouth, IL, USA","East Broadway, Monmouth, Warren County, Illinois, 61462, United States",40.912088,-90.6477648
71024,LOVES TRAVEL STOP #804,US-34/US-67,Monmouth,IL,270,3.349,"US-34/US-67, Monmouth, IL, USA","East Broadway, Monmouth, Warren County, Illinois, 61462, United States",40.912088,-90.6477648
71025,KWIK TRIP #644,SR-57 & SR-32,New Holstein,WI,582,3.39066666,"SR-57 & SR-32, New Holstein, WI, USA","New Holstein, Calumet County, Wisconsin, 53061, United States",43.9499924,-88.0842643
71027,Kwik Star #1068,I-35,Story City,IA,320,2.959,"I-35, Story City, IA, USA","Story City, Story County, Iowa, 50248, United States",42.1872062,-93.5957713
71032,MAVERIK COUNTRY STORE #416,US-50 & US-95,Fallon,NV,966,3.52566666,"US-50 & US-95, Fallon, NV, USA","Fallon, Churchill County, Nevada, United States",39.4745166,-118.777895
71033,MAVERIK COUNTRY STORE #560,I-580 & US-50,Carson City,NV,966,3.589,"I-580 & US-50, Carson City, NV, USA","Carson City, Nevada, United States",39.1663259,-119.7670374
71036,GOLDEN GATE PETRO,US-550,Montrose,CO,810,3.43566666,"US-550, Montrose, CO, USA","North Townsend Avenue, Montrose, Montrose County, Colorado, 81401, United States",38.4789248,-107.878024
71039,TURNPIKE MARKET EXPRESS,SR-5,Newton Falls,OH,573,3.259,"SR-5, Newton Falls, OH, USA","SR 5, Newton Falls, Newton Township, Trumbull County, Ohio, 44444, United States",41.2098223,-80.9615174
71046,SPEEDWAY #9336,US-27/SR-126,Cincinnati,OH,300,3.699,"US-27/SR-126, Cincinnati, OH, USA","Ronald Reagan Cross County Highway, Hartwell, Cincinnati, Hamilton County, Ohio, 45231, United States",39.2044896,-84.4677658
71050,GILL MART CORNER STORE,US-131 & SR-216,Three Rivers,MI,465,3.699,"US-131 & SR-216, Three Rivers, MI, USA","Three Rivers, Saint Joseph County, Michigan, 49093, United States",41.9442722,-85.6346222
71056,SPEEDWAY #1044,US-72 & SR-20,Decatur,AL,615,3.42566666,"US-72 & SR-20, Decatur, AL, USA","Decatur, Morgan County, Alabama, United States",34.6060203,-86.9838165
71058,KWIK TRIP #1090,SR-19 & SR-21,New Prague,MN,448,3.349,"SR-19 & SR-21, New Prague, MN, USA","New Prague, Le Sueur County, Minnesota, 56071, United States",44.5433331,-93.5760445
71059,CIRCLE K #2706781,US-17 & SR-200,Yulee,FL,75,3.34233333,"US-17 & SR-200, Yulee, FL, USA","Yulee, Nassau County, Florida, 32041, United States",30.6320594,-81.6012807
71061,CIRCLE K #2702344,US-78 & SR-39,Williston,SC,135,3.799,"US-78 & SR-39, Williston, SC, USA","Williston, Barnwell County, South Carolina, 29853, United States",33.4022393,-81.42323
71065,MAVERIK COUNTRY STORE #429,US-40 & SR-121,Roosevelt,UT,835,3.439,"US-40 & SR-121, Roosevelt, UT, USA","Roosevelt, Duchesne County, Utah, 84066, United States",40.299403,-109.9887605
71074,Speedway #7764,SR-72 & SR-25,Dundee,IL,293,3.279,"SR-72 & SR-25, Dundee, IL, USA","East Dundee, Dundee Township, Kane County, Illinois, United States",42.0989145,-88.2714689
71076,Kwik Star #589,US-151,Marion,IA,380,3.524,"US-151, Marion, IA, USA","US 151;IA 13, Marion, Linn County, Iowa, 52302, United States",42.0301523,-91.5501875
71077,COMMUNITY CO OPS LAKE PARK,US-10,Lake Park,MN,341,3.509,"US-10, Lake Park, MN, USA","US 10, Lake Park, Becker County, Minnesota, 56554, United States",46.8773431,-96.0945885
71079,DK,SR-375,El Paso,TX,640,2.699,"SR-375, El Paso, TX, USA","Sunset Vista Senior Apartments, 1333, El Paso, El Paso County, Texas, United States",31.7281859,-106.2973398
71080,BIG INDIAN SMOKE SHOP,I-90 & US-20,Irving,NY,38,2.929,"I-90 & US-20, Irving, NY, USA","Irving, Sunset Bay, Town of Hanover, Chautauqua County, New York, 14081, United States",42.5675589,-79.1128169
71080,BIG INDIAN SMOKE SHOP,I-90 & US-20,Irving,NY,38,3.029,"I-90 & US-20, Irving, NY, USA","Irving, Sunset Bay, Town of Hanover, Chautauqua County, New York, 14081, United States",42.5675589,-79.1128169
71083,SPRINT FOOD #701,US-78,Augusta,GA,195,3.22566666,"US-78, Augusta, GA, USA","Gordon Highway, Carmell Mobile Home Park, Augusta, Richmond County, Georgia, 30909, United States",33.4514804,-82.0639635
71084,FIESTA MART #42,US-75,Tulsa,OK,560,3.16566666,"US-75, Tulsa, OK, USA","Chapelle Family Memorial Highway, Tulsa, Oklahoma, 74013, United States",36.1601789,-95.9810429
71085,Sunoco,SR-49,Greenville,OH,317,3.599,"SR-49, Greenville, OH, USA","South Broadway, Greenville South Broadway Commercial Historic District, Greenville, Greenville Township, Darke County, Ohio, 45331, United States",40.1040816,-84.6351437
71086,THORNTONS #318,SR-59 & SR-38,West Chicago,IL,290,3.649,"SR-59 & SR-38, West Chicago, IL, USA","West Chicago, DuPage County, Illinois, 60185, United States",41.8847507,-88.2039607
71086,THORNTONS #318,SR-59 & SR-38,West Chicago,IL,290,3.699,"SR-59 & SR-38, West Chicago, IL, USA","West Chicago, DuPage County, Illinois, 60185, United States",41.8847507,-88.2039607
71088,KARDES,US-151,Monticello,IA,335,3.399,"US-151, Monticello, IA, USA","US 151, Monticello, Jones County, Iowa, 52310, United States",42.2271635,-91.1718123
71090,CEFCO #2076,US-60 & SR-207,Panhandle,TX,585,2.94566666,"US-60 & SR-207, Panhandle, TX, USA","Panhandle, Carson County, Texas, United States",35.3454637,-101.3806571
71091,BREAK TIME #3163,US-63 & CR-M,Moberly,MO,310,3.46233333,"US-63 & CR-M, Moberly, MO, USA","Moberly, Randolph County, Missouri, 65270, United States",39.4201137,-92.4364298
71094,BP,US-63 & SR-137,Eddyville,IA,320,3.379,"US-63 & SR-137, Eddyville, IA, USA","Eddyville, Wapello County, Iowa, 52553, United States",41.1561503,-92.6381659
71096,GAS N WASH,US-30 & SR-394,Chicago Heights,IL,365,3.499,"US-30 & SR-394, Chicago Heights, IL, USA","Chicago Heights, Bloom Township, Cook County, Illinois, 60411, United States",41.5062834,-87.6357079
71098,DANDY MINI MART #74,US-6 & SR-187,Wysox,PA,32,3.999,"US-6 & SR-187, Wysox, PA, USA","Wysox, Wysox Township, Bradford County, Pennsylvania, 18854, United States",41.7745124,-76.399314
71105,SHEPHERD 700,US-64 & CR-450,Alva,OK,337,3.219,"US-64 & CR-450, Alva, OK, USA","Alva, Woods County, Oklahoma, 73717, United States",36.8030501,-98.6660278
71116,CEFCO #101,US-59 & SR-49,Jefferson,TX,766,2.899,"US-59 & SR-49, Jefferson, TX, USA","Jefferson County, Texas, United States",29.834772,-94.1704496
71120,GAS PRO TRAVEL CENTER,US-25 & SR-56,Waynesboro,GA,135,3.799,"US-25 & SR-56, Waynesboro, GA, USA","Waynesboro, Burke County, Georgia, United States",33.0898731,-82.0156736
71126,QUIKTRIP #1177,I-77 & US-21,Blythewood,SC,46,3.07566666,"I-77 & US-21, Blythewood, SC, USA","Blythewood, Richland County, South Carolina, United States",34.2143159,-80.973977
71132,CEFCO #104,US-259 & SR-315,Mount Enterprise,TX,618,2.959,"US-259 & SR-315, Mount Enterprise, TX, USA","Mount Enterprise, Rusk County, Texas, United States",31.9179473,-94.6810439
71138,LUMMI BAY MARKET,"I-5, EXIT 260",Bellingham,WA,850,3.759,"I-5, EXIT 260, Bellingham, WA, USA","Exit 257 Northwest Avenue, Birchwood, Bellingham, Whatcom County, Washington, 98226, United States",48.7836439,-122.4984439
71139,GAS N WASH,SR-47 & CR-9,Yorkville,IL,290,3.599,"SR-47 & CR-9, Yorkville, IL, USA","Yorkville, Kendall Township, Kendall County, Illinois, United States",41.6411409,-88.4472948
71142,LOVES TRAVEL STOP #775,US-20 & SR-2,Rockford,IL,520,3.349,"US-20 & SR-2, Rockford, IL, USA","Rockford, Rockford Township, Winnebago County, Illinois, United States",42.2713945,-89.093966
71142,LOVES TRAVEL STOP #775,US-20 & SR-2,Rockford,IL,520,3.289,"US-20 & SR-2, Rockford, IL, USA","Rockford, Rockford Township, Winnebago County, Illinois, United States",42.2713945,-89.093966
71142,LOVES TRAVEL STOP #775,US-20 & SR-2,Rockford,IL,520,3.229,"US-20 & SR-2, Rockford, IL, USA","Rockford, Rockford Township, Winnebago County, Illinois, United States",42.2713945,-89.093966
71142,LOVES TRAVEL STOP #775,US-20 & SR-2,Rockford,IL,520,3.269,"US-20 & SR-2, Rockford, IL, USA","Rockford, Rockford Township, Winnebago County, Illinois, United States",42.2713945,-89.093966
71144,CASEYS #3675,US-12 & US-75,Ortonville,MN,250,3.379,"US-12 & US-75, Ortonville, MN, USA","Ortonville, Big Stone County, Minnesota, 56278, United States",45.304687,-96.444779
71146,CASEYS #2968,US-34,Eagle,NE,413,3.239,"US-34, Eagle, NE, USA","O Street, Eagle, Tipton Precinct, Cass County, Nebraska, 68347, United States",40.812952,-96.4366146
71147,CASEYS #3910,US-177 & SR-33,Perkins,OK,560,3.01566666,"US-177 & SR-33, Perkins, OK, USA","Perkins / Pékinⁿ Chína^i, Payne County, Oklahoma, 74059, United States",35.9740886,-97.0337692
71148,CASEYS #1892,US-65,Sheffield,IA,433,3.15233333,"US-65, Sheffield, IA, USA","County Highway C13, Sheffield, Ross Township, Franklin County, Iowa, 50475, United States",42.9031263,-93.202156
71149,KOUNTRY KORNER,SR-20,Mount Pleasant,MI,260,3.619,"SR-20, Mount Pleasant, MI, USA","Mount Pleasant, Isabella County, Michigan, United States",43.597646,-84.7668495
71151,LOVES TRAVEL STOP #880,US-50 & SR-130,Olney,IL,510,3.289,"US-50 & SR-130, Olney, IL, USA","Olney, Richland County, Illinois, 62450, United States",38.7296538,-88.0846891
71151,LOVES TRAVEL STOP #880,US-50 & SR-130,Olney,IL,510,3.189,"US-50 & SR-130, Olney, IL, USA","Olney, Richland County, Illinois, 62450, United States",38.7296538,-88.0846891
71151,LOVES TRAVEL STOP #880,US-50 & SR-130,Olney,IL,510,3.189,"US-50 & SR-130, Olney, IL, USA","Olney, Richland County, Illinois, 62450, United States",38.7296538,-88.0846891
71151,LOVES TRAVEL STOP #880,US-50 & SR-130,Olney,IL,510,3.389,"US-50 & SR-130, Olney, IL, USA","Olney, Richland County, Illinois, 62450, United States",38.7296538,-88.0846891
71151,LOVES TRAVEL STOP #880,US-50 & SR-130,Olney,IL,510,3.339,"US-50 & SR-130, Olney, IL, USA","Olney, Richland County, Illinois, 62450, United States",38.7296538,-88.0846891
71151,LOVES TRAVEL STOP #880,US-50 & SR-130,Olney,IL,510,3.289,"US-50 & SR-130, Olney, IL, USA","Olney, Richland County, Illinois, 62450, United States",38.7296538,-88.0846891
71153,KWIK TRIP #1083,SR-35,Osceola,WI,451,3.499,"SR-35, Osceola, WI, USA","Eagle Ridge Senior Living, South Cascade Street, Osceola, Polk County, Wisconsin, 54020, United States",45.3149583,-92.7042254
71154,KWIK TRIP #489,CR-3,DUNDAS,MN,448,3.499,"CR-3, DUNDAS, MN, USA","Dundas, Rice County, Minnesota, United States",44.4294359,-93.2020856
71162,CIRCLE K #4705694,US-20 & CR-245,Norwalk,OH,305,3.614,"US-20 & CR-245, Norwalk, OH, USA","Norwalk, Huron County, Ohio, United States",41.2424219,-82.6155745
71166,MAVERIK COUNTRY STORE #616,US-50,Montrose,CO,810,3.39566666,"US-50, Montrose, CO, USA","US 50, Montrose County, Colorado, 81401, United States",38.5171165,-107.9199568
71172,ZIPPY JS #18,CR-577 & CR-80,Brenham,TX,670,3.199,"CR-577 & CR-80, Brenham, TX, USA","Brenham, Washington County, Texas, 77633, United States",30.1668828,-96.3977442
71186,7-ELEVEN #36837,US-29 & SR-904,Anderson,SC,30,3.089,"US-29 & SR-904, Anderson, SC, USA","Anderson County, South Carolina, United States",34.5258335,-82.652962
71187,KWIK TRIP #1041,SR-11 & CR-H,Sturtevant,WI,444,3.794,"SR-11 & CR-H, Sturtevant, WI, USA","Sturtevant, Racine County, Wisconsin, United States",42.6980749,-87.8945229
71191,MAVERIK COUNTRY STORE #631,I-80/5600 WEST,Salt Lake City,UT,835,3.459,"I-80/5600 WEST, Salt Lake City, UT, USA","5600 West, Poplar Grove, Salt Lake City, Salt Lake County, Utah, 84122, United States",40.7655386,-112.0249894
71193,ASAP GENERAL STORE #308,US-60 & SR-123,Bartlesville,OK,560,3.191,"US-60 & SR-123, Bartlesville, OK, USA","Bartlesville, Washington County, Oklahoma, United States",36.7509272,-95.9771779
71196,ASAP GENERAL STORE #302,SR-33 & SR 54,Thomas,OK,483,3.13233333,"SR-33 & SR 54, Thomas, OK, USA","Thomas, Custer County, Oklahoma, United States",35.7442157,-98.747584
71208,RACEWAY #6789,US-301 & SR-150,Richmond                                ,VA,180,3.429,"US-301 & SR-150, Richmond                                , VA, USA","Richmond, Virginia, United States",37.5385087,-77.43428
71210,RACETRAC #2515,I-820 & BUS-287,Fort Worth,TX,630,2.87733333,"I-820 & BUS-287, Fort Worth, TX, USA","Fort Worth, Tarrant County, Texas, United States",32.753177,-97.3327459
71211,KUM & GO #0138,US-67,Jacksonville,AR,695,3.099,"US-67, Jacksonville, AR, USA","South 1st Street, Jacksonville, Hill Township, Pulaski County, Arkansas, 72076, United States",34.8521335,-92.1159437
71213,KUM & GO #0429,US-62,Rogers,AR,735,3.009,"US-62, Rogers, AR, USA","I 49;US 62;US 71, Rogers, Benton County, Arkansas, 72716, United States",36.3370667,-94.1827603
71215,MAVERIK #5319,SR-392 & SR-257,Windsor,CO,800,3.159,"SR-392 & SR-257, Windsor, CO, USA","Windsor, Weld County, Colorado, 80550, United States",40.4774818,-104.901361
71217,KUM & GO #0185,US-65,Bondurant,IA,320,3.095,"US-65, Bondurant, IA, USA","Northeast Hubbell Avenue, Altoona, Polk County, Iowa, 50009, United States",41.6698097,-93.4848
71218,KUM & GO #1435,US-65,Fair Grove,MO,535,3.15566666,"US-65, Fair Grove, MO, USA","US 65, Fair Grove, Greene County, Missouri, 65648, United States",37.3863061,-93.1586162
71223,SCOOBA JUNCTION,US-45 & SR-16,Scooba                                  ,MS,705,3.21566666,"US-45 & SR-16, Scooba                                  , MS, USA","Scooba, Kemper County, Mississippi, 39358, United States",32.8290581,-88.4767398
71230,THE PRIDE OF LAKE COUNTY,US-12 & SR-53,Lake Zurich,IL,290,3.349,"US-12 & SR-53, Lake Zurich, IL, USA","Lake Zurich, Ela Township, Lake County, Illinois, United States",42.1969689,-88.0934108
71232,GATEWAY TRAVEL CENTER,US-16 & US-85,Newcastle,WY,822,3.324,"US-16 & US-85, Newcastle, WY, USA","Newcastle, Weston County, Wyoming, United States",43.8547459,-104.2051256
71234,CHEVRON #352305,I-610 & SR-47,Chalmette,LA,725,3.139,"I-610 & SR-47, Chalmette, LA, USA","Chalmette, Saint Bernard Parish, Louisiana, 70043, United States",29.9427892,-89.9629372
71242,LAST STOP TRAVEL CENTER,US-93,Willow Beach,AZ,910,3.49566666,"US-93, Willow Beach, AZ, USA","Willow Beach, Mohave County, Arizona, United States",35.8697801,-114.6600654
71251,RUTTERS #91,US-30 & SR-772,Gap,PA,208,4.199,"US-30 & SR-772, Gap, PA, USA","Gap, Salisbury Township, Lancaster County, Pennsylvania, 17527, United States",39.989477,-76.0173511
71256,SIGNAL FOOD STORE #120,US-60,Seymour                                 ,MO,535,3.02566666,"US-60, Seymour                                 , MO, USA","US 60, Seymour, Webster County, Missouri, 65746, United States",37.1499509,-92.753732
71257,FARMERS UNION SOUTHERN VALLEY,US-75 & SR-210,Wahpeton                                ,ND,341,3.499,"US-75 & SR-210, Wahpeton                                , ND, USA","Wahpeton, Richland County, North Dakota, United States",46.265879,-96.608863
71260,LOVES TRAVEL STOP #881,US HWY 224 & OH 225,Diamond,OH,573,3.45233333,"US HWY 224 & OH 225, Diamond, OH, USA","Diamond, Palmyra Township, Portage County, Ohio, 44429, United States",41.0989463,-81.022871
71263,Loves Travel Stop # 660,"I-25, Exit 49",Walsenburg,CO,796,4.249,"I-25, Exit 49, Walsenburg, CO, USA","I 25, Walsenburg, Huerfano County, Colorado, 80189, United States",37.6182558,-104.7599388
71268,MAVERIK COUNTRY STORE #650,SR 85 & W 900 S,West Jordan,UT,835,3.43233333,"SR 85 & W 900 S, West Jordan, UT, USA","West Jordan, Salt Lake County, Utah, United States",40.6061337,-111.9395211
71269,Maverik Country Store #652,I-84 & SR 79,Jerome,ID,787,3.394,"I-84 & SR 79, Jerome, ID, USA","Jerome County, Idaho, United States",42.702266,-114.286704
71271,MAVERIK COUNTRY STORE #672,SR-69,Dewey                                   ,AZ,930,3.219,"SR-69, Dewey                                   , AZ, USA","S State Route 69, Dewey, Prescott Valley, Yavapai County, Arizona, 86329, United States",34.5341732,-112.2440566
71275,ALLSUPS CONVENIENCE STORE #2272,US-67/US-84,Bangs,TX,575,2.93233333,"US-67/US-84, Bangs, TX, USA","West Hall Street, Bangs, Brown County, Texas, 76823, United States",31.7175379,-99.1393681
71282,QuikTrip #4128,SR-71,Bastrop,TX,595,2.96566666,"SR-71, Bastrop, TX, USA","Senior Citizens Aid, 401, Elgin, Bastrop County, Texas, 78621, United States",30.3441918,-97.3648389
71283,QUIKTRIP #7135,US-17 ,Hardeeville,SC,195,2.999,"US-17 , Hardeeville, SC, USA","Speedway Boulevard, Hardeeville, Jasper County, South Carolina, 31401, United States",32.1899621,-81.0770167
71285,Shrees Truck Stop Seattle,SR-509,Seattle,WA,962,3.799,"SR-509, Seattle, WA, USA","1st Avenue South Bridge, Georgetown, Seattle, King County, Washington, 98108, United States",47.5477422,-122.3341618
71295,MOUNTAINEER MART #33,US-33/119,Buckhannon,WV,44,3.899,"US-33/119, Buckhannon, WV, USA","119, Corridor H, Horner, Buckhannon, Lewis County, West Virginia, 26372, United States",39.0093742,-80.339306
71300,SPEEDWAY #1407,"I-94, EXIT 145",Jackson,MI,385,3.599,"I-94, EXIT 145, Jackson, MI, USA","Downtown Underground Entrance/Exit, Westport, Kansas City, Jackson County, Missouri, 66160, United States",39.0707405,-94.6030701
71300,SPEEDWAY #1407,"I-94, EXIT 145",Jackson,MI,385,3.549,"I-94, EXIT 145, Jackson, MI, USA","Downtown Underground Entrance/Exit, Westport, Kansas City, Jackson County, Missouri, 66160, United States",39.0707405,-94.6030701
71303,KWIK TRIP #1132,SR-21 ,Omro,WI,582,3.37733333,"SR-21 , Omro, WI, USA","Spruce State Route, Omro, Winnebago County, Wisconsin, 54963, United States",44.0405769,-88.7471171
71309,SUGAR CROSSING CONVENIENCE,US-33 & CR-63,Lancaster,OH,315,3.38233333,"US-33 & CR-63, Lancaster, OH, USA","Lancaster, Fairfield County, Ohio, 43130, United States",39.7136754,-82.5993294
71310,CIRCLE K #2722120,US-441/27,Summerfield,FL,140,3.52566666,"US-441/27, Summerfield, FL, USA","Nathan Mayo Highway, Summerfield, Marion County, Florida, 34492, United States",28.9962389,-82.0413151
71318,LOVES TRAVEL STOP  #800,SR-83 ,Elk Grove Village,IL,290,3.449,"SR-83 , Elk Grove Village, IL, USA","Ramen USA, 932, West Algonquin Road, Arlington Heights, Elk Grove Township, Cook County, Illinois, 60005, United States",42.0531312,-87.9940753
71318,LOVES TRAVEL STOP  #800,SR-83 ,Elk Grove Village,IL,290,3.379,"SR-83 , Elk Grove Village, IL, USA","Ramen USA, 932, West Algonquin Road, Arlington Heights, Elk Grove Township, Cook County, Illinois, 60005, United States",42.0531312,-87.9940753
71318,LOVES TRAVEL STOP  #800,SR-83 ,Elk Grove Village,IL,290,3.489,"SR-83 , Elk Grove Village, IL, USA","Ramen USA, 932, West Algonquin Road, Arlington Heights, Elk Grove Township, Cook County, Illinois, 60005, United States",42.0531312,-87.9940753
71318,LOVES TRAVEL STOP  #800,SR-83 ,Elk Grove Village,IL,290,3.549,"SR-83 , Elk Grove Village, IL, USA","Ramen USA, 932, West Algonquin Road, Arlington Heights, Elk Grove Township, Cook County, Illinois, 60005, United States",42.0531312,-87.9940753
71318,LOVES TRAVEL STOP  #800,SR-83 ,Elk Grove Village,IL,290,3.649,"SR-83 , Elk Grove Village, IL, USA","Ramen USA, 932, West Algonquin Road, Arlington Heights, Elk Grove Township, Cook County, Illinois, 60005, United States",42.0531312,-87.9940753
71318,LOVES TRAVEL STOP  #800,SR-83 ,Elk Grove Village,IL,290,3.589,"SR-83 , Elk Grove Village, IL, USA","Ramen USA, 932, West Algonquin Road, Arlington Heights, Elk Grove Township, Cook County, Illinois, 60005, United States",42.0531312,-87.9940753
71321,Kwik Star #1119,US-18 ,Emmetsburg                              ,IA,433,3.449,"US-18 , Emmetsburg                              , IA, USA","450th Avenue, Emmetsburg, Palo Alto County, Iowa, 50536, United States",43.125194,-94.7006776
71322,KWIK TRIP #1101,US-141,Crivitz,WI,582,3.304,"US-141, Crivitz, WI, USA","South US Highway 141, Crivitz, Marinette County, Wisconsin, United States",45.2220692,-87.9969868
71328,IRVING,US-1  ,Norwood,MA,170,3.694,"US-1  , Norwood, MA, USA","Boston-Providence Turnpike, Norwood, Norfolk County, Massachusetts, 02062, United States",42.1799386,-71.1897519
71330,JORDAN MINI MART,SR- 31 & CR-59,Jordan,NY,220,3.799,"SR- 31 & CR-59, Jordan, NY, USA","Village of Jordan, Town of Elbridge, Onondaga County, New York, United States",43.0653441,-76.4729927
71330,JORDAN MINI MART,SR- 31 & CR-59,Jordan,NY,220,3.859,"SR- 31 & CR-59, Jordan, NY, USA","Village of Jordan, Town of Elbridge, Onondaga County, New York, United States",43.0653441,-76.4729927
71331,KWIK TRIP #1106,SR-13 & SR-64,Medford,WI,395,3.42233333,"SR-13 & SR-64, Medford, WI, USA","Medford, Taylor County, Wisconsin, United States",45.1391437,-90.3460806
71332,ALLSUPS CONVENIENCE STORE #2308,SR-128 & SR-18,Jal,NM,710,3.129,"SR-128 & SR-18, Jal, NM, USA","Jal, Lea County, New Mexico, 88252, United States",32.112125,-103.1934615
71334,ALLSUPS CONVENIENCE STORE #2278,SR-302 & SR-18,Kermit,TX,710,3.089,"SR-302 & SR-18, Kermit, TX, USA","Kermit, Winkler County, Texas, 79745, United States",31.8578999,-103.0932149
71336,ALLSUPS CONVENIENCE STORE #2180,US-84 & US-180,Snyder,TX,612,2.98566666,"US-84 & US-180, Snyder, TX, USA","Snyder, Scurry County, Texas, 79549, United States",32.7180803,-100.918231
71337,ALLSUPS CONVENIENCE STORE #2229,US-377 & SR-108,Stephenville,TX,630,3.159,"US-377 & SR-108, Stephenville, TX, USA","Stephenville, Erath County, Texas, United States",32.2201387,-98.2045388
71338,KWIK TRIP #755,US-18 ,Fennimore                               ,WI,335,3.424,"US-18 , Fennimore                               , WI, USA","Lincoln Avenue, Fennimore, Grant County, Wisconsin, 53809, United States",42.9873924,-90.6556103
71342,CASEYS #3505,US-212 ,Stewart                                 ,MN,425,3.369,"US-212 , Stewart                                 , MN, USA","South Street, Remus Trailer Lots, Stewart, McLeod County, Minnesota, 55385, United States",44.720364,-94.4888583
71343,ALLSUPS CONVENIENCE STORE #2014,US-377/US-67,Dublin,TX,630,3.159,"US-377/US-67, Dublin, TX, USA","South Patrick Street, Dublin, Erath County, Texas, 76446, United States",32.0803313,-98.3440531
71344,ALLSUPS CONVENIENCE STORE #2061,US-84 & US-380,Post,TX,700,2.944,"US-84 & US-380, Post, TX, USA","Post, Garza County, Texas, 79356, United States",33.1909246,-101.380662
71345,ALLSUPS CONVENIENCE STORE #2084,US-377 & CR-234,Brownwood,TX,575,2.949,"US-377 & CR-234, Brownwood, TX, USA","Brownwood, Brown County, Texas, 76801, United States",31.7208509,-98.9818701
71346,ALLSUPS CONVENIENCE STORE #2094,US-277 & US-83,Abilene,TX,575,2.889,"US-277 & US-83, Abilene, TX, USA","Abilene, Taylor County, Texas, United States",32.44645,-99.7475905
71348,ALLSUPS CONVENIENCE STORE #2142,US-62/US-180,Hobbs,NM,593,3.38233333,"US-62/US-180, Hobbs, NM, USA","East Marland Street, Hobbs, Lea County, New Mexico, 88214, United States",32.6965398,-103.1278402
71349,ALLSUPS CONVENIENCE STORE #2204,SR-115 & CR-201,Wink,TX,710,3.089,"SR-115 & CR-201, Wink, TX, USA","Wink, Winkler County, Texas, 79789, United States",31.7534049,-103.15583
71350,ALLSUPS CONVENIENCE STORE #2206,US-385 & SR-176,Andrews,TX,710,3.39233333,"US-385 & SR-176, Andrews, TX, USA","Andrews County, Texas, 79714, United States",32.2690953,-102.6042447
71352,ALLSUPS CONVENIENCE STORE #2223,US-285 & SR-357,Artesia,NM,700,3.399,"US-285 & SR-357, Artesia, NM, USA","Artesia, Eddy County, New Mexico, 88210, United States",32.8423345,-104.4032963
71353,ALLSUPS CONVENIENCE STORE #2246,US-84 & SR-268,Melrose,NM,585,3.81233333,"US-84 & SR-268, Melrose, NM, USA","Melrose, Curry County, New Mexico, United States",34.428325,-103.6271328
71354,ALLSUPS CONVENIENCE STORE #2247,US-377 & SR-16,Comanche,TX,575,3.16233333,"US-377 & SR-16, Comanche, TX, USA","Comanche County, Texas, United States",31.9130171,-98.527388
71355,ALLSUPS CONVENIENCE STORE #2249,US-377 & US-281 ,Stephenville,TX,630,3.159,"US-377 & US-281 , Stephenville, TX, USA","Stephenville, Erath County, Texas, United States",32.2201387,-98.2045388
71356,ALLSUPS CONVENIENCE STORE #2266,I-20 & US-285 ,Pecos,TX,710,3.379,"I-20 & US-285 , Pecos, TX, USA","Pecos County, Texas, United States",30.7857437,-102.8065415
71357,ALLSUPS CONVENIENCE STORE #2279,SR-115 & SR-18,Kermit,TX,710,3.089,"SR-115 & SR-18, Kermit, TX, USA","Kermit, Winkler County, Texas, 79745, United States",31.8578999,-103.0932149
71358,ALLSUPS CONVENIENCE STORE #2285,US-285 & US-62,Carlsbad,NM,593,3.194,"US-285 & US-62, Carlsbad, NM, USA","Carlsbad, Eddy County, New Mexico, United States",32.4257456,-104.237612
71360,ALLSUPS CONVENIENCE STORE #2353,US-76/US-277,San Angelo,TX,612,3.19566666,"US-76/US-277, San Angelo, TX, USA","North Koenigheim Street, Downtown, San Angelo, Tom Green County, Texas, 76903, United States",31.4636331,-100.4436072
71361,ALLSUPS CONVENIENCE STORE #2358,US-277/US-87,Wall,TX,612,3.20566666,"US-277/US-87, Wall, TX, USA","Loop 570, Wall, Tom Green County, Texas, 76957, United States",31.3741264,-100.3043878
71363,ALLSUPS CONVENIENCE STORE #2360,FM-988 & FM-8,Stephenville,TX,630,3.159,"FM-988 & FM-8, Stephenville, TX, USA","Stephenville, Erath County, Texas, United States",32.2201387,-98.2045388
71364,QUICK FUEL #3188,I-75 ,Sidney,OH,317,3.33233333,"I-75 , Sidney, OH, USA","I 75, Sidney, Clinton Township, Shelby County, Ohio, 45365, United States",40.2812855,-84.1827712
71366,AMOCO,SR 31,Kenosha,WI,444,3.719,"SR 31, Kenosha, WI, USA","Cinemsrk Tinseltown USA Kenosha, 7101, 70th Court, Truesdell, Kenosha, Kenosha County, Wisconsin, 53143, United States",42.5705319,-87.8921712
71368,Kwik Star #1071,I-280 E and US-61 N,Davenport,IA,270,3.324,"I-280 E and US-61 N, Davenport, IA, USA","Davenport, Scott County, Iowa, United States",41.5224692,-90.5756401
71370,MAVERIK COUNTRY STORE #645,"I-40, Exit 16",Gallup,NM,580,3.159,"I-40, Exit 16, Gallup, NM, USA","I 40, Gallup, McKinley County, New Mexico, United States",35.5088779,-108.8276001
71371,BREAK TIME #3167,US-65 & HWY-HH,Sedalia,MO,310,3.294,"US-65 & HWY-HH, Sedalia, MO, USA","Sedalia, Pettis County, Missouri, United States",38.7098314,-93.2295515
71372,Simonson Station,US-71 & SR-34,Park Rapids,MN,458,3.599,"US-71 & SR-34, Park Rapids, MN, USA","Park Rapids, Hubbard County, Minnesota, United States",46.9221813,-95.0586322
71376,7-ELEVEN #41127,SR-29,Labelle,FL,95,3.559,"SR-29, Labelle, FL, USA","SR 29, Greentree South Apartments, LaBelle, Hendry County, Florida, 33935, United States",26.7223233,-81.437587
71381,KWIK TRIP #1112,US-63 & SR-77,Hayward,WI,295,3.639,"US-63 & SR-77, Hayward, WI, USA","Hayward, Sawyer County, Wisconsin, United States",46.0129676,-91.4848728
71383,Caseys #3940,I-69 & SR 4,Ashley,IN,465,3.59733333,"I-69 & SR 4, Ashley, IN, USA","Ashley, Steuben County, Indiana, 46705, United States",41.5272725,-85.0655232
71384,CASEYS #3944,I-29 & CR-106,Tea,SD,530,3.199,"I-29 & CR-106, Tea, SD, USA","Tea, Delapre Township, Lincoln County, South Dakota, 57064, United States",43.44661,-96.836034
71385,CASEYS #3907,I-675 & SR-235,Fairborn,OH,411,3.679,"I-675 & SR-235, Fairborn, OH, USA","Fairborn, Bath Township, Greene County, Ohio, United States",39.8208998,-84.0193858
71386,CASEYS #3952,SR-1 & SR-9,Hoopeston,IL,368,3.249,"SR-1 & SR-9, Hoopeston, IL, USA","Hoopeston, Vermilion County, Illinois, 60942, United States",40.4672587,-87.6683573
71386,CASEYS #3952,SR-1 & SR-9,Hoopeston,IL,368,3.259,"SR-1 & SR-9, Hoopeston, IL, USA","Hoopeston, Vermilion County, Illinois, 60942, United States",40.4672587,-87.6683573
71386,CASEYS #3952,SR-1 & SR-9,Hoopeston,IL,368,3.189,"SR-1 & SR-9, Hoopeston, IL, USA","Hoopeston, Vermilion County, Illinois, 60942, United States",40.4672587,-87.6683573
71386,CASEYS #3952,SR-1 & SR-9,Hoopeston,IL,368,3.239,"SR-1 & SR-9, Hoopeston, IL, USA","Hoopeston, Vermilion County, Illinois, 60942, United States",40.4672587,-87.6683573
71388,CASEYS #3850,US HWY 77 ,Wahoo,NE,319,3.174,"US HWY 77 , Wahoo, NE, USA","Highway 77, Wahoo, Center Township, Saunders County, Nebraska, 68066, United States",41.2333629,-96.6027863
71392,Loves Travel Stop #834,SR 17 & SR 1,Grant Park,IL,290,3.329,"SR 17 & SR 1, Grant Park, IL, USA","Grant Park, Kankakee County, Illinois, United States",41.2454168,-87.6425237
71392,Loves Travel Stop #834,SR 17 & SR 1,Grant Park,IL,290,3.379,"SR 17 & SR 1, Grant Park, IL, USA","Grant Park, Kankakee County, Illinois, United States",41.2454168,-87.6425237
71393,CASEYS #3303,HWY 15 AND HWY 55,Kimball,MN,451,3.199,"HWY 15 AND HWY 55, Kimball, MN, USA","Kimball, Stearns County, Minnesota, 55353, United States",45.3124811,-94.300266
71395,KWIK TRIP #340,US-18 & SR-23,Dodgeville,WI,420,3.489,"US-18 & SR-23, Dodgeville, WI, USA","Dodgeville, Iowa County, Wisconsin, United States",42.9600059,-90.1304461
71402,FIREBIRD FUEL #6196,US-60 & SR-303,Surprise,AZ,930,3.383,"US-60 & SR-303, Surprise, AZ, USA","Surprise, Maricopa County, Arizona, United States",33.629247,-112.3681428
71412,FLYERS #3215,SR 87,Chandler,AZ,930,3.35233333,"SR 87, Chandler, AZ, USA","South Arizona Avenue, Chandler, Maricopa County, Arizona, 85248, United States",33.2405851,-111.841299
71430,QUIKTRIP #7144, US-31W,Goodlettsville,TN,460,2.91566666," US-31W, Goodlettsville, TN, USA","Dickerson Pike, Solitude Acres, Goodlettsville, Davidson County, Middle Tennessee, Tennessee, 37072, United States",36.293061,-86.732147
71438,LOVES TRAVEL STOP #893,US-80 & SR-307,Savannah,GA,195,3.289,"US-80 & SR-307, Savannah, GA, USA","Savannah, Chatham County, Georgia, United States",32.0790074,-81.0921335
71441,MAVERIK COUNTRY STORE #678,US-191,Vernal,UT,835,3.44233333,"US-191, Vernal, UT, USA","West Main Street, Vernal, Uintah County, Utah, 84079, United States",40.4556047,-109.5357458
71443,LOVES TRAVEL STOP #810,US-33 & SR-540,Bellefontaine,OH,411,3.35233333,"US-33 & SR-540, Bellefontaine, OH, USA","Bellefontaine, Lake Township, Logan County, Ohio, 43311, United States",40.3611643,-83.7596557
71449,MAVERIK COUNTRY STORE #628,I-15 & CR-215,Las Vegas                               ,NV,910,3.35566666,"I-15 & CR-215, Las Vegas                               , NV, USA","Las Vegas, Clark County, Nevada, United States",36.1674263,-115.1484131
71452,ALLSUPS CONVENIENCE STORE #2016,SR-214 & SR-114,Morton,TX,700,3.399,"SR-214 & SR-114, Morton, TX, USA","Morton, Cochran County, Texas, 79346, United States",33.725154,-102.759394
71453,ALLSUPS CONVENIENCE STORE #2025,US-285,Roswell,NM,593,3.28566666,"US-285, Roswell, NM, USA","Southeast Main Street, Roswell, Chaves County, New Mexico, 88203, United States",33.3660983,-104.5137964
71454,ALLSUPS CONVENIENCE STORE #2036,SR-18,Hobbs,NM,593,3.399,"SR-18, Hobbs, NM, USA","Hobbs, Lea County, New Mexico, United States",32.7027017,-103.1355302
71455,ALLSUPS CONVENIENCE STORE #2043,US-62,Idalou,TX,700,2.96566666,"US-62, Idalou, TX, USA","US 62;US 82;TX 114, Idalou, Lubbock County, Texas, 79329, United States",33.6669651,-101.6712209
71457,ALLSUPS CONVENIENCE STORE #2075,US-70 & SR-6,Crowell,TX,770,3.199,"US-70 & SR-6, Crowell, TX, USA","Crowell, Foard County, Texas, United States",33.9872886,-99.7225904
71458,ALLSUPS CONVENIENCE STORE #2082,SR-70,Spur,TX,700,3.199,"SR-70, Spur, TX, USA","Murphy USA, 900, West Pioneer Parkway, Arlington, Tarrant County, Texas, 76013, United States",32.7080899,-97.1169049
71461,ALLSUPS CONVENIENCE STORE #2111,US-87 & ,Texline,TX,585,2.96566666,"US-87 & , Texline, TX, USA","South 2nd Street, Texline, Dallam County, Texas, 79087, United States",36.3715963,-103.0153064
71462,ALLSUPS CONVENIENCE STORE #2138,CR-61,Hobbs,NM,593,3.38233333,"CR-61, Hobbs, NM, USA","North Grimes Street, Hobbs, Lea County, New Mexico, 88240, United States",32.7272546,-103.1448622
71463,ALLSUPS CONVENIENCE STORE #2146,SR-18,Hobbs,NM,593,3.21233333,"SR-18, Hobbs, NM, USA","Hobbs, Lea County, New Mexico, United States",32.7027017,-103.1355302
71464,ALLSUPS CONVENIENCE STORE #2153,US-277,Haskell,TX,575,3.539,"US-277, Haskell, TX, USA","US 277, Haskell, Haskell County, Texas, 79521, United States",33.1613357,-99.7280116
71465,ALLSUPS CONVENIENCE STORE #2173,US-20,Sweetwater,TX,575,2.84566666,"US-20, Sweetwater, TX, USA","Sweetwater, Nolan County, Texas, 79556, United States",32.4709519,-100.405938
71466,ALLSUPS CONVENIENCE STORE #2185,US-380 & 9TH ST,Aspermont,TX,575,3.36566666,"US-380 & 9TH ST, Aspermont, TX, USA","Aspermont, Stonewall County, Texas, United States",33.1382394,-100.228715
71467,ALLSUPS CONVENIENCE STORE #2192,SR-86 & SR-207,Silverton,TX,585,3.159,"SR-86 & SR-207, Silverton, TX, USA","Silverton, Briscoe County, Texas, United States",34.4713299,-101.304654
71468,ALLSUPS CONVENIENCE STORE #2212,SR-6,Stamford,TX,575,3.129,"SR-6, Stamford, TX, USA","Stamford, Jones County, Texas, 79553, United States",32.944882,-99.802453
71471,ALLSUPS CONVENIENCE STORE #2269,SR-524 & CR-658 ,Carlsbad,NM,593,3.249,"SR-524 & CR-658 , Carlsbad, NM, USA","Carlsbad, Eddy County, New Mexico, United States",32.4257456,-104.237612
71472,ALLSUPS CONVENIENCE STORE #2276,HWY 84 & CR-466,Hermleigh,TX,612,2.97233333,"HWY 84 & CR-466, Hermleigh, TX, USA","Hermleigh, Scurry County, Texas, 79526, United States",32.6354615,-100.7591342
71473,ALLSUPS CONVENIENCE STORE #2378,US-BUS 287 & SR-25,Electra,TX,770,2.999,"US-BUS 287 & SR-25, Electra, TX, USA","Electra, Wichita County, Texas, United States",34.0320855,-98.9163686
71474,PILOT #1292,US-290 & SR-21,Paige,TX,765,3.499,"US-290 & SR-21, Paige, TX, USA","Paige, Bastrop County, Texas, United States",30.2116519,-97.1132832
71476,KWIK TRIP #493,US HWY 12,Whitewater,WI,420,3.499,"US HWY 12, Whitewater, WI, USA","Stephen Ambrose Memorial Highway, Whitewater, Walworth County, Wisconsin, 53190, United States",42.8208885,-88.7502324
71479,RACETRAC #118,I-575 & SR-15,Jasper                                  ,GA,193,3.309,"I-575 & SR-15, Jasper                                  , GA, USA","Jasper County, Georgia, United States",33.3254635,-83.6868559
71480,Loves Travel Stop #836,US-87,Dalhart,TX,585,3.43566666,"US-87, Dalhart, TX, USA","Railroad Street, Dalhart, Dallam County, Texas, 79022, United States",36.0599191,-102.5138875
71485,Circle K #2709088,US-521 & SR-9,Lancaster,SC,46,3.299,"US-521 & SR-9, Lancaster, SC, USA","Lancaster County, South Carolina, United States",34.6628067,-80.700546
71493,NEW TRAVEL PLAZA,I-20 EXIT 86,Ruston,LA,590,3.06566666,"I-20 EXIT 86, Ruston, LA, USA","I 20, Ruston, Lincoln Parish, Louisiana, 71270, United States",32.540382,-92.6279991
71496,SPEEDWAY/7fleet #1052,US-30 & SR-57,Orrville,OH,249,3.499,"US-30 & SR-57, Orrville, OH, USA","Orrville, Baughman Township, Wayne County, Ohio, 44667, United States",40.8436664,-81.7640212
71498,KWIK TRIP #1143,US HWY 45,Antigo,WI,395,3.50733333,"US HWY 45, Antigo, WI, USA","US 45;WI 47, Town of Antigo, Langlade County, Wisconsin, United States",45.1723488,-89.1464874
71505,KWIK TRIP #1029,I-43 & SR-20,East Troy,WI,444,3.174,"I-43 & SR-20, East Troy, WI, USA","East Troy, Walworth County, Wisconsin, 53120, United States",42.7851871,-88.4054374
71509,MAPLEFIELDS IRVING,I-91 & US-2,Saint Johnsbury,VT,39,3.599,"I-91 & US-2, Saint Johnsbury, VT, USA","Saint Johnsbury, Caledonia County, Vermont, United States",44.419494,-72.0156532
71518,SPEEDWAY/7Fleet #9305,SR-18 & SR-1,Forrest City,AR,460,3.174,"SR-18 & SR-1, Forrest City, AR, USA","Forrest City, St. Francis County, Arkansas, 72335, United States",35.0081474,-90.7898342
71519,SPEEDWAY #1506,US-231 & SR-271,Montgomery,AL,720,3.04233333,"US-231 & SR-271, Montgomery, AL, USA","Montgomery, Montgomery County, Alabama, United States",32.3777111,-86.3090775
71521,KWIK TRIP #1065,US-12 & SR-89,Whitewater,WI,420,3.424,"US-12 & SR-89, Whitewater, WI, USA","Whitewater, Walworth County, Wisconsin, United States",42.8339562,-88.7306517
71522,Y NOT STOP BARBER SPUR,SR-10 & SR-13,Ville Platte,LA,730,3.499,"SR-10 & SR-13, Ville Platte, LA, USA","Ville Platte, Evangeline Parish, Louisiana, United States",30.6901838,-92.2774771
71527,D & C FUEL EAST,US-6/SR-92,Tunkhannock,PA,200,3.699,"US-6/SR-92, Tunkhannock, PA, USA","State Route 92 North, Dixon, Tunkhannock Township, Wyoming County, Pennsylvania, United States",41.5683115,-75.8792723
71534,GOLDEN GATE - YERINGTON,SR-339 & US-95 ALT,Yerington,NV,966,3.71566666,"SR-339 & US-95 ALT, Yerington, NV, USA","Yerington, Lyon County, Nevada, 89447, United States",38.9855429,-119.162989
71542,CIRCLE K #2706625,US-85,Eaton,CO,795,3.399,"US-85, Eaton, CO, USA","South Oak Avenue, Eaton, Weld County, Colorado, 80615, United States",40.5232534,-104.7113096
71557,MUSKOGEE TRAVEL PLAZA,US-69,Muskogee,OK,560,3.01566666,"US-69, Muskogee, OK, USA","South 32nd Street, Muskogee, Muskogee County, Oklahoma, 74402, United States",35.7194592,-95.4026149
71558,ALLSUPS #2384,US-60,Friona,TX,585,2.994,"US-60, Friona, TX, USA","West 11th Street, Friona, Parmer County, Texas, 79035, United States",34.6342881,-102.7385749
71559,ALLSUPS CONVENIENCE STORE #2228,US-83 & CR-613,Tuscola,TX,575,2.91733333,"US-83 & CR-613, Tuscola, TX, USA","Tuscola, Taylor County, Texas, United States",32.2079942,-99.7961319
71563,Kwik Star #1081,SR-9 ,Decorah,IA,515,3.579,"SR-9 , Decorah, IA, USA","Decorah, Decorah Township, Winneshiek County, Iowa, United States",43.3041609,-91.7859098
71564,GRAB N GO,SR-200 & SR-22,Killdeer,ND,273,3.549,"SR-200 & SR-22, Killdeer, ND, USA","Killdeer, Dunn County, North Dakota, 58640, United States",47.3719437,-102.7539105
71566,Mankato Travel Center,US HWY 14 & SR 22,Mankato,MN,425,3.499,"US HWY 14 & SR 22, Mankato, MN, USA","Mankato, Blue Earth County, Minnesota, 56001, United States",44.1658533,-94.0028013
71568,QUIKTRIP #294,I-35 ,Gardner,KS,485,2.999,"I-35 , Gardner, KS, USA","I 35;US 50, Gardner, Johnson County, Kansas, 66063, United States",38.7930888,-94.9110932
71570,STEELE 66 TRUCK PLAZA,Hwy O & CR-425,Steele,MO,418,3.399,"Hwy O & CR-425, Steele, MO, USA","Steele, Pemiscot County, Missouri, 63877, United States",36.0839594,-89.8292512
71571,RACETRAC #2587,I-75 & US-98,Brooksville                             ,FL,140,3.299,"I-75 & US-98, Brooksville                             , FL, USA","Brooksville, Hernando County, Florida, United States",28.5552719,-82.3878709
71572,7-ELEVEN #41525,US-460 & SR-630,Disputanta,VA,180,2.999,"US-460 & SR-630, Disputanta, VA, USA","Disputanta, Prince George County, Virginia, United States",37.1237095,-77.2241782
71573,RACETRAC #2588,I-4 & US-301,Tampa,FL,225,3.299,"I-4 & US-301, Tampa, FL, USA","Tampa, Hillsborough County, Florida, United States",27.9449854,-82.4583107
71574,RACETRAC #2594,US-441 ,Dublin,GA,85,2.999,"US-441 , Dublin, GA, USA","North Jefferson Street, Dublin, Laurens County, Georgia, 31921, United States",32.5663061,-82.9210003
71577,TOOT N TOTUM #130,US-87 & Dorsey Rd,Clayton,NM,585,3.199,"US-87 & Dorsey Rd, Clayton, NM, USA","Dorsey Road, Clayton, Union County, New Mexico, United States",36.4382707,-103.1697391
71579,KWIK TRIP #1138,SR 28,Sheboygan,WI,444,3.24233333,"SR 28, Sheboygan, WI, USA","County Road SR, Town of Russell, Sheboygan County, Wisconsin, 53020, United States",43.849074,-88.0471606
71582,LOVES TRAVEL STOP #847,US-601 & SR-207,Pageland,SC,46,3.38566666,"US-601 & SR-207, Pageland, SC, USA","Pageland, Chesterfield County, South Carolina, 29728, United States",34.7719578,-80.3914661
71586,ALLTOWN FRESH,US-9 & SR-23,Livingston,NY,12,3.699,"US-9 & SR-23, Livingston, NY, USA","Livingston County, New York, United States",42.7360902,-77.7781416
71586,ALLTOWN FRESH,US-9 & SR-23,Livingston,NY,12,3.659,"US-9 & SR-23, Livingston, NY, USA","Livingston County, New York, United States",42.7360902,-77.7781416
71592,THE WOODSHED,US-59 & SR-10,Welch                                   ,OK,307,3.099,"US-59 & SR-10, Welch                                   , OK, USA","Welch, Craig County, Oklahoma, United States",36.8745952,-95.0937744
71594,BP,US-20 & SR13,Middlebury,IN,465,3.799,"US-20 & SR13, Middlebury, IN, USA","US 20, Middlebury, Elkhart County, Indiana, 46540, United States",41.654799,-85.7075637
71595,Hucks Market #100,US-36,Hannibal                                ,MO,494,3.13233333,"US-36, Hannibal                                , MO, USA","V.F.W. Memorial Highway, Hannibal, Marion County, Missouri, 63401, United States",39.7185172,-91.3633107
71596,ALLSUPS #2379,US-70/US-380,Tinnie,NM,700,3.359,"US-70/US-380, Tinnie, NM, USA","US 70;US 380, Tinnie, Lincoln County, New Mexico, 88351, United States",33.3685809,-105.2058835
71597,Allsups #2380,US-84,Sudan,TX,700,3.199,"US-84, Sudan, TX, USA","US 84, Sudan, Lamb County, Texas, United States",34.0677963,-102.5247438
71603,FLYERS #3223,US-70/191,Safford,AZ,980,3.86233333,"US-70/191, Safford, AZ, USA","191, East 8th Street, Safford, Graham County, Arizona, 85546, United States",32.8313543,-109.7053383
71605,Allsups Convenience Store #2377,US-70 & US-54,Alamogordo,NM,640,3.06233333,"US-70 & US-54, Alamogordo, NM, USA","Alamogordo, Otero County, New Mexico, United States",32.8998822,-105.9602081
71606,Allsups #2396,HWY 62 82 179,Wolfforth,TX,700,2.91566666,"HWY 62 82 179, Wolfforth, TX, USA","Highway 62, Wolfforth, Lubbock County, Texas, 79382, United States",33.4984556,-102.0273027
71609,QUIKTRIP #73,"US-75, US 62",Henryetta,OK,560,3.02566666,"US-75, US 62, Henryetta, OK, USA","Indian Nation Turnpike, Henryetta, Okmulgee County, Oklahoma, 74437, United States",35.4349861,-95.9707121
71610,FRIENDLY GUS #25,US-80 & SR-338,Dudley                                  ,GA,85,3.83233333,"US-80 & SR-338, Dudley                                  , GA, USA","Dudley, Laurens County, Georgia, 31022, United States",32.5423872,-83.0704273
71617,CIRCLE K #2709087,US-98/US-19,Chiefland,FL,75,3.58233333,"US-98/US-19, Chiefland, FL, USA","US 19;US 98;US 27 Alternate, Chiefland, Levy County, Florida, 32626, United States",29.5109752,-82.8757056
71622,Circle K #2706628,SR-193 & SR-163 ,Theodore,AL,715,3.39233333,"SR-193 & SR-163 , Theodore, AL, USA","Theodore, Mobile County Commission District 3, Mobile County, Alabama, 36582, United States",30.5463684,-88.2023937
71623,Circle K #2706637,US-43,Grove Hill,AL,715,3.719,"US-43, Grove Hill, AL, USA","US 43, Grove Hill, Clarke County, Alabama, 36451, United States",31.7206435,-87.778147
71625,MAVERIK COUNTRY STORE #679,US-160/285 & SR-17,Alamosa,CO,803,3.349,"US-160/285 & SR-17, Alamosa, CO, USA","285, Broadway Avenue, Alamosa County, Colorado, 81101, United States",37.4717447,-105.8588767
71629,KWIK TRIP #1139,SR-95 & SR-65,Cambridge,MN,451,3.399,"SR-95 & SR-65, Cambridge, MN, USA","Cambridge, Isanti County, Minnesota, 55008, United States",45.5727408,-93.2243921
71631,RACEWAY #6891,SR-20 & SR-67,Decatur                                 ,AL,615,3.099,"SR-20 & SR-67, Decatur                                 , AL, USA","Decatur, Morgan County, Alabama, United States",34.6060203,-86.9838165
71632,Loves Travel Stop #819,SR-21 & SR-275,Rincon,GA,195,3.33066666,"SR-21 & SR-275, Rincon, GA, USA","Rincon, Effingham County, Georgia, 31326, United States",32.2960289,-81.2353905
71635,Racetrac #2610,US-231,Murfreesboro,TN,460,3.049,"US-231, Murfreesboro, TN, USA","Memorial Boulevard, Murfreesboro, Rutherford County, Middle Tennessee, Tennessee, 37130, United States",35.8647084,-86.3891667
71636,RACETRAC #2580,US-41 & SR-268,Murfreesboro,TN,460,3.03233333,"US-41 & SR-268, Murfreesboro, TN, USA","Murfreesboro, Rutherford County, Middle Tennessee, Tennessee, United States",35.8460396,-86.3921096
71640,RACETRAC #2544,SR-81 & SR-316,Bethlehem,GA,16,3.31233333,"SR-81 & SR-316, Bethlehem, GA, USA","Bethlehem, Barrow County, Georgia, United States",33.9328842,-83.7129958
71641,76,I-17,Phoenix,AZ,930,3.23233333,"I-17, Phoenix, AZ, USA","Black Canyon Freeway, North Gateway, Phoenix, Maricopa County, Arizona, 85086, United States",33.8084874,-112.1378314
71648,QUIKTRIP #7149,I-24 Exit 8,Clarksville,TN,460,2.91566666,"I-24 Exit 8, Clarksville, TN, USA","I 24, Clarksville, Montgomery County, Middle Tennessee, Tennessee, United States",36.6220609,-87.302551
71649,Allsups Convenience Store #2385,US-183 & US-180,Breckenridge,TX,575,3.30733333,"US-183 & US-180, Breckenridge, TX, USA","Breckenridge, Stephens County, Texas, 76424, United States",32.7554791,-98.9026798
71650,ALLSUPS CONVENIENCE STORE #2405,SR-208 & SR-158,Robert Lee,TX,612,3.26566666,"SR-208 & SR-158, Robert Lee, TX, USA","Robert Lee, Coke County, Texas, 76945, United States",31.8952852,-100.483126
71652,CIRCLE K #4705575,SR-261,Akron,OH,249,3.769,"SR-261, Akron, OH, USA","Vernon Odom Boulevard, West Akron, Akron, Summit County, Ohio, 44320, United States",41.0627231,-81.5775554
71653,MAVERIK COUNTRY STORE #701,US-160,Durango,CO,614,3.299,"US-160, Durango, CO, USA","West U.S. Highway 160, Durango, La Plata County, Colorado, 81302, United States",37.2702242,-107.904276
71655,79 ONE STOP,SR-62 & SR-37,Saint Croix                             ,IN,415,3.499,"SR-62 & SR-37, Saint Croix                             , IN, USA","Saint Croix, Perry County, Indiana, 47576, United States",38.2239531,-86.5863387
71656,CASEYS #3268,US-59 & SR-119,Appleton,MN,522,3.44566666,"US-59 & SR-119, Appleton, MN, USA","Appleton, Swift County, Minnesota, United States",45.196906,-96.019767
71663,Allsups #2388,I-27 & SR-217,Canyon,TX,585,2.90066666,"I-27 & SR-217, Canyon, TX, USA","Canyon, Randall County, Texas, 79016, United States",34.9789849,-101.9281915
71664,RUTTERS #95,SR-9,Martinsburg,WV,22,3.999,"SR-9, Martinsburg, WV, USA","Martinsburg, Berkeley County, West Virginia, United States",39.4562528,-77.9639604
71668,7-ELEVEN #41572,I-77 & US-70,Statesville,NC,46,2.859,"I-77 & US-70, Statesville, NC, USA","Statesville, Iredell County, North Carolina, United States",35.7827676,-80.8873574
71672,7-ELEVEN #41573,US-67,Glen Rose,TX,765,3.589,"US-67, Glen Rose, TX, USA","Northeast Barnard Street, Glen Rose, Somervell County, Texas, 76043, United States",32.2386225,-97.7480386
71674,Kwik Trip #1177,SR-65,Cambridge,MN,451,3.424,"SR-65, Cambridge, MN, USA","J Rettenmaier USA LP, Old Main Street South, Cambridge, Isanti County, Minnesota, 55008, United States",45.5628513,-93.2229698
71676,CIRCLE K #4702409,US-52,Lafayette,IN,375,3.15733333,"US-52, Lafayette, IN, USA","US 52;US 231, Elston, Lafayette, Tippecanoe County, Indiana, 47907, United States",40.3927504,-86.9212588
71680,Alexs Shelby Truck Stop,US HWY 278 & SR 32,Shelby,MS,655,3.199,"US HWY 278 & SR 32, Shelby, MS, USA","Shelby, Bolivar County, Mississippi, 38774, United States",33.9509439,-90.7678781
71681,WASPYS TRUCK STOP,US-71,Audubon,IA,319,3.31566666,"US-71, Audubon, IA, USA","South Market Street, Audubon, Leroy Township, Audubon County, Iowa, 50025, United States",41.7226006,-94.9359336
71683,GAS N WASH,US HWY 6,Joliet,IL,365,3.799,"US HWY 6, Joliet, IL, USA","Maple Road, Joliet, Will County, Illinois, 60432, United States",41.5475812,-88.0104219
71685,ON THE ROAD 110,US-59,Diboll,TX,618,3.199,"US-59, Diboll, TX, USA","Diboll Relief Route, Diboll, Angelina County, Texas, 75941, United States",31.1728328,-94.7715093
71691,ALLSUPS #2399,US-287 & SR-207,Claude,TX,585,2.929,"US-287 & SR-207, Claude, TX, USA","Claude, Armstrong County, Texas, United States",35.1081103,-101.362741
71695,KWIK TRIP #1126,US-14/US-61,La Crosse,WI,444,3.384,"US-14/US-61, La Crosse, WI, USA","South Avenue, Powell-Poage-Hamilton, La Crosse, La Crosse County, Wisconsin, 54601, United States",43.7952626,-91.246853
71698,Kwik Star #1142,hwy 6,Iowa City                               ,IA,380,3.134,"hwy 6, Iowa City                               , IA, USA","6, Highway 1 West, Iowa City, Johnson County, Iowa, 52246, United States",41.6476403,-91.5403241
71702,SHOP AND SAVE,US-220 & CR-734,Ridgeway                                ,VA,65,3.909,"US-220 & CR-734, Ridgeway                                , VA, USA","Ridgeway, Henry County, Virginia, United States",36.5768047,-79.8583721
71707,QUARLES #4437,US HWY 30,Lancaster,PA,208,3.999,"US HWY 30, Lancaster, PA, USA","Lincoln Highway, Gap, Salisbury Township, Lancaster County, Pennsylvania, 17527, United States",39.9944764,-76.0268999
71714,RACETRAC #2576,SR-997 & SR-994,Miami,FL,95,3.28733333,"SR-997 & SR-994, Miami, FL, USA","Miami, Miami-Dade County, Florida, United States",25.7741566,-80.1935973
71715,Allsups Convenience Store #2401,US-87,San Angelo,TX,612,3.19566666,"US-87, San Angelo, TX, USA","North Koenigheim Street, Downtown, San Angelo, Tom Green County, Texas, 76903, United States",31.4636331,-100.4436072
71716,Allsups #2404,US-62,Carlsbad,NM,593,3.194,"US-62, Carlsbad, NM, USA","National Parks Highway, Carlsbad, Eddy County, New Mexico, 88220, United States",32.3908285,-104.2196691
71717,Kwik Trip #1199,US-14 ,Darien                                  ,WI,345,3.199,"US-14 , Darien                                  , WI, USA","North Walworth Street, Darien, Walworth County, Wisconsin, 53114, United States",42.6023888,-88.7140137
71718,KWIK STAR #1158,US-30,Ames,IA,320,3.174,"US-30, Ames, IA, USA","US 30, Ames, Story County, Iowa, 50013, United States",42.002986,-93.6394534
71721,HUCKS FOOD & FUEL #314,US-50/150,Washington,IN,510,3.46233333,"US-50/150, Washington, IN, USA","US 50;US 150, Washington, Daviess County, Indiana, 47501, United States",38.6557764,-87.1168541
71722,MAVERIK #5392,FM-16,Keenesburg,CO,800,3.154,"FM-16, Keenesburg, CO, USA","Keenesburg, Weld County, Colorado, United States",40.1081705,-104.519701
71723,ALLSUPS CONVENIENCE #2398,SR-70,Pampa,TX,585,3.079,"SR-70, Pampa, TX, USA","Freedom Museum USA, 600, North Hobart Street, Pampa, Gray County, Texas, 79065, United States",35.5378292,-100.9715212
71724,ALLSUPS CONVENIENCE #2403,US-180,Mineral Wells,TX,630,3.00566666,"US-180, Mineral Wells, TX, USA","US Highway 180 West, Mineral Wells, Palo Pinto County, Texas, 76067, United States",32.803621,-98.1454163
71725,Allsups Convenience Store #2406,US-67,Rankin,TX,710,3.499,"US-67, Rankin, TX, USA","Trooper Sammy Long Memorial HIghway, Rankin, Upton County, Texas, 79778, United States",31.2200003,-101.9441695
71726,Kwik Trip #1152,US HWY 169,Saint Peter,MN,425,3.724,"US HWY 169, Saint Peter, MN, USA","South Minnesota Avenue, Saint Peter, Nicollet County, Minnesota, 56082, United States",44.3232658,-93.9578151
71735,Loves Travel Stop #811,US-395,Pasco,WA,925,4.589,"US-395, Pasco, WA, USA","Lewis and Clark Trail, Pasco, Franklin County, Washington, 99301, United States",46.2500374,-119.0940572
71735,Love's #811,US-395,Pasco,WA,925,4.589,"US-395, Pasco, WA, USA","Lewis and Clark Trail, Pasco, Franklin County, Washington, 99301, United States",46.2500374,-119.0940572
71771,BREAK TIME #3170,SR-13 & HWY-T,Bolivar,MO,535,3.374,"SR-13 & HWY-T, Bolivar, MO, USA","Bolivar, Polk County, Missouri, 65613, United States",37.6136916,-93.4107968
71772,Kwik Trip #1137,US-8,Saint Croix Falls                       ,WI,451,3.524,"US-8, Saint Croix Falls                       , WI, USA","US Highway 8, Saint Croix Falls, Polk County, Wisconsin, 55084, United States",45.4009312,-92.6280581
71774,CASEYS #4292,1020 5TH ST ,Carrollton                              ,IL,574,3.289,"1020 5TH ST , Carrollton                              , IL, USA","1020, 5th Street, Carrollton, Greene County, Illinois, 62016, United States",39.2906734,-90.4069675
71774,CASEYS #4292,1020 5TH ST ,Carrollton                              ,IL,574,3.239,"1020 5TH ST , Carrollton                              , IL, USA","1020, 5th Street, Carrollton, Greene County, Illinois, 62016, United States",39.2906734,-90.4069675
71774,CASEYS #4292,1020 5TH ST ,Carrollton                              ,IL,574,3.429,"1020 5TH ST , Carrollton                              , IL, USA","1020, 5th Street, Carrollton, Greene County, Illinois, 62016, United States",39.2906734,-90.4069675
71775,Caseys #3950,US-270 & US-54,Liberal,KS,525,3.319,"US-270 & US-54, Liberal, KS, USA","Liberal, Seward County, Kansas, United States",37.0398062,-100.9222517
71784,7-ELEVEN #41750,I-4 & SR-33,Lakeland,FL,225,3.289,"I-4 & SR-33, Lakeland, FL, USA","Lakeland, Polk County, Florida, United States",28.0394654,-81.9498042
71785,7-ELEVEN #41266,I-81 & SR-924,Hazleton,PA,200,3.839,"I-81 & SR-924, Hazleton, PA, USA","Hazleton, Luzerne County, Pennsylvania, 18201, United States",40.9548956,-75.9769572
71787,PUMP & PANTRY #55,US-159 & US-73,Falls City,NE,486,3.239,"US-159 & US-73, Falls City, NE, USA","Falls City, Richardson County, Nebraska, 68355, United States",40.0608106,-95.6018932
71792,KWIK TRIP #1147,US-71 & SR-60,Windom                                  ,MN,425,3.349,"US-71 & SR-60, Windom                                  , MN, USA","Windom, Cottonwood County, Minnesota, United States",43.8663464,-95.1169366
71794,KWIK TRIP #1174,US-51 & US-2,Ironwood,MI,334,3.479,"US-51 & US-2, Ironwood, MI, USA","Ironwood, Gogebic County, Michigan, United States",46.4555673,-90.1684371
71794,KWIK TRIP #1174,US-51 & US-2,Ironwood,MI,334,3.139,"US-51 & US-2, Ironwood, MI, USA","Ironwood, Gogebic County, Michigan, United States",46.4555673,-90.1684371
71794,KWIK TRIP #1174,US-51 & US-2,Ironwood,MI,334,3.459,"US-51 & US-2, Ironwood, MI, USA","Ironwood, Gogebic County, Michigan, United States",46.4555673,-90.1684371
71794,KWIK TRIP #1174,US-51 & US-2,Ironwood,MI,334,3.159,"US-51 & US-2, Ironwood, MI, USA","Ironwood, Gogebic County, Michigan, United States",46.4555673,-90.1684371
71794,KWIK TRIP #1174,US-51 & US-2,Ironwood,MI,334,3.179,"US-51 & US-2, Ironwood, MI, USA","Ironwood, Gogebic County, Michigan, United States",46.4555673,-90.1684371
71805,RACETRAC #2583,I-24E,La Vergne,TN,460,2.899,"I-24E, La Vergne, TN, USA","I 24, Stone Ridge, La Vergne, Rutherford County, Middle Tennessee, Tennessee, 37089, United States",35.9877862,-86.5846717
71806,RACETRAC #2600,SR-70,Okeechobee,FL,140,3.299,"SR-70, Okeechobee, FL, USA","Park Street, Barber Quarters, Okeechobee, Okeechobee County, Florida, United States",27.243734,-80.8350944
71808,WEIGELS #100,SR 153,Chattanooga,TN,405,3.01566666,"SR 153, Chattanooga, TN, USA","SR 153, Green Hills, Chattanooga, Hamilton County, East Tennessee, Tennessee, 37414, United States",35.1190382,-85.2356642
71811,7-ELEVEN #41826,SR-722 & SR-283,Lancaster,PA,70,4.129,"SR-722 & SR-283, Lancaster, PA, USA","Lancaster, Lancaster County, Pennsylvania, 17575, United States",40.0379958,-76.3056707
71812,KWIK TRIP #1198,I-43 & Hwy AA,Oostburg,WI,444,3.24233333,"I-43 & Hwy AA, Oostburg, WI, USA","Oostburg, Sheboygan County, Wisconsin, 53070, United States",43.6231131,-87.7983447
71813,Kweik Star #1156,SR-150 & SR-3,Oelwein,IA,565,3.58233333,"SR-150 & SR-3, Oelwein, IA, USA","Oelwein, Fayette County, Iowa, 50662, United States",42.6778743,-91.9145143
71814,TEX-BEST #531,US-90,Uvalde,TX,740,2.874,"US-90, Uvalde, TX, USA","West Main Street, Uvalde, Uvalde County, Texas, 78801, United States",29.206341,-99.7952141
71817,KWIK TRIP #1128,US-12,Altoona,WI,295,3.33233333,"US-12, Altoona, WI, USA","US 12, Altoona, Eau Claire County, Wisconsin, 54703, United States",44.7954128,-91.4504285
71824,QuikTrip #4052,US 181 S,San Antonio,TX,740,2.92233333,"US 181 S, San Antonio, TX, USA","South Presa Street, San Antonio, Bexar County, Texas, 78235, United States",29.3251209,-98.4281241
71826,KWIK TRIP #1183,US-2,Bessemer                                ,MI,334,3.159,"US-2, Bessemer                                , MI, USA","East Lead Street, Bessemer, Gogebic County, Michigan, 49959, United States",46.4812862,-90.0209913
71826,KWIK TRIP #1183,US-2,Bessemer                                ,MI,334,3.139,"US-2, Bessemer                                , MI, USA","East Lead Street, Bessemer, Gogebic County, Michigan, 49959, United States",46.4812862,-90.0209913
71826,KWIK TRIP #1183,US-2,Bessemer                                ,MI,334,3.179,"US-2, Bessemer                                , MI, USA","East Lead Street, Bessemer, Gogebic County, Michigan, 49959, United States",46.4812862,-90.0209913
71826,KWIK TRIP #1183,US-2,Bessemer                                ,MI,334,3.479,"US-2, Bessemer                                , MI, USA","East Lead Street, Bessemer, Gogebic County, Michigan, 49959, United States",46.4812862,-90.0209913
71826,KWIK TRIP #1183,US-2,Bessemer                                ,MI,334,3.459,"US-2, Bessemer                                , MI, USA","East Lead Street, Bessemer, Gogebic County, Michigan, 49959, United States",46.4812862,-90.0209913
71827,KWIK TRIP #1188,US-12,Cokato,MN,451,3.474,"US-12, Cokato, MN, USA","Cokato Street East, Pleasant Terrace Mobile Home Park, Cokato, Wright County, Minnesota, 55321, United States",45.0800016,-94.1866163
71832,SHEETZ #753,SR 3,Seville,OH,249,3.08233333,"SR 3, Seville, OH, USA","West Main Street, Seville, Medina County, Ohio, 44273, United States",41.0101095,-81.863416
71833,Circle K #2706636,US HWY 43,Jackson,AL,715,3.899,"US HWY 43, Jackson, AL, USA","Murphy USA, Andrew Jackson Highway, Reedtown, Russellville, Franklin County, Alabama, 35653, United States",34.4937016,-87.7276802
71835,CUZZS TRAVEL DEPOT,US 43 N,Thomasville,AL,715,3.599,"US 43 N, Thomasville, AL, USA","US 43, Thomasville, Clarke County, Alabama, United States",31.8638179,-87.7468379
71839,RUTTERS #92,US-222 & SR-737,Kutztown,PA,90,3.699,"US-222 & SR-737, Kutztown, PA, USA","Kutztown, Berks County, Pennsylvania, United States",40.5173165,-75.7774177
71841,Quick Fuel #3193,US-69,Kansas City,KS,400,3.34566666,"US-69, Kansas City, KS, USA","South 7th Street Trafficway, Rosedale, Kansas City, Wyandotte County, Kansas, 66160, United States",39.0681106,-94.6140487
71844,HD EXPRESS MART,US 20,Clyde,OH,550,3.379,"US 20, Clyde, OH, USA","East McPherson Highway, Clyde, York Township, Sandusky County, Ohio, 43410, United States",41.3044287,-82.9544194
71845,ALLSUPS #2424,US 180,Millsap,TX,630,2.984,"US 180, Millsap, TX, USA","180, Northwest Front Street, Millsap, Parker County, Texas, 76066, United States",32.7471112,-98.0112485
71852,KWIK TRIP #1164,US-63,Spooner,WI,295,3.599,"US-63, Spooner, WI, USA","US 53;US 63, Town of Spooner, Washburn County, Wisconsin, 54801, United States",45.866179,-91.8326699
71859,ALLSUPS #2415,SR 6,Meridian,TX,765,2.96566666,"SR 6, Meridian, TX, USA","Meridian, Bosque County, Texas, 76665, United States",31.9247314,-97.6561096
71862,Loves Travel Stop #863,I-90 & SR-528,Madison,OH,305,3.849,"I-90 & SR-528, Madison, OH, USA","Madison County, Ohio, United States",39.8868227,-83.3937233
71866,RACETRAC #2615,"I-65, EXIT 128",Louisville,KY,415,2.919,"I-65, EXIT 128, Louisville, KY, USA","Car Rental Exit, Louisville, Jefferson County, Kentucky, 40221, United States",38.1859027,-85.7429972
71867,HOLIDAY STATIONSTORE #2653855,US-12,Aberdeen,SD,530,3.10733333,"US-12, Aberdeen, SD, USA","US Highway 12 West, Aberdeen, Aberdeen Township, Brown County, South Dakota, 57401, United States",45.4595559,-98.5190871
71868,RACETRAC #2456,SR-44 & CR-491,Lecanto,FL,140,3.31566666,"SR-44 & CR-491, Lecanto, FL, USA","Lecanto, Citrus County, Florida, United States",28.8516486,-82.4875982
71870,Circle K #2706479,US-280,Sylacauga,AL,615,3.799,"US-280, Sylacauga, AL, USA","US 231;US 280, Sylacauga, Talladega County, Alabama, 35150, United States",33.1593877,-86.2723893
71871,KWIK TRIP #1133,US-10 & SR-85,Durand,WI,295,3.43066666,"US-10 & SR-85, Durand, WI, USA","Durand, Pepin County, Wisconsin, United States",44.6283703,-91.9676627
71874,Rutters #85,I-76 & US-30,Bedford,PA,14,4.099,"I-76 & US-30, Bedford, PA, USA","Bedford County, Pennsylvania, United States",40.0271453,-78.5237447
71875,LOVES TRAVEL STOP #615,US-59 & US-79,Carthage,TX,618,3.10233333,"US-59 & US-79, Carthage, TX, USA","Carthage, Panola County, Texas, 75633, United States",32.1570412,-94.338114
71878,LOVES TRAVEL STOP #872,SR-78 & CR-27,Lancaster,OH,315,3.27566666,"SR-78 & CR-27, Lancaster, OH, USA","Lancaster, Fairfield County, Ohio, 43130, United States",39.7136754,-82.5993294
71879,Gas N Wash Schoolhouse,FM-74,New Lenox,IL,399,3.699,"FM-74, New Lenox, IL, USA","Murphy USA, 431, East Lincoln Highway, New Lenox, Will County, Illinois, 60451, United States",41.5135327,-87.9573405
71886,QUIKTRIP #7136,US-17,Brunswick,GA,195,3.074,"US-17, Brunswick, GA, USA","Darien Highway, Brunswick, Glynn County, Georgia, 31520, United States",31.2092475,-81.466676
71887,SHELL,I-80 & SR-63,Greenwood                               ,NE,413,3.399,"I-80 & SR-63, Greenwood                               , NE, USA","Greenwood, Salt Creek Precinct, Cass County, Nebraska, United States",40.962791,-96.4403478
71888,KJS ALPINE,US HWY 26,Alpine,WY,825,3.799,"US HWY 26, Alpine, WY, USA","26, US Highway 89, Alpine, Lincoln County, Wyoming, 83128, United States",43.164783,-111.0186283
71889,Payson Cardlock,SR 260 & SR 87,Payson,AZ,930,3.709,"SR 260 & SR 87, Payson, AZ, USA","Payson, Gila County, Arizona, 85072, United States",34.2406479,-111.323026
71892,Tropic Fleet Bradenton Cardlock,US 301,Bradenton,FL,225,3.499,"US 301, Bradenton, FL, USA","1st Street East, Bradenton, Manatee County, Florida, 34205, United States",27.4898984,-82.5627894
71893,Tropic Fleet Rechtien Cardlock,SR-934,Miami,FL,95,3.471,"SR-934, Miami, FL, USA","John F. Kennedy Causeway, Miami, Miami-Dade County, Florida, 33141, United States",25.8483436,-80.1642602
71894,Majors 663 Nacogdoches Truck Plaza,US-259 & US-59,Nacogdoches,TX,618,3.029,"US-259 & US-59, Nacogdoches, TX, USA","Nacogdoches County, Texas, United States",31.5970503,-94.5927451
71902,MURPHY EXPRESS #8928,FM-1472,Laredo,TX,693,2.84566666,"FM-1472, Laredo, TX, USA","FM 1472, Laredo, Webb County, Texas, United States",27.7114044,-99.7295483
71903,ALLSUPS #2412,SR 199 W,Springtown,TX,630,2.919,"SR 199 W, Springtown, TX, USA","Senior Place, Springtown, Parker County, Texas, 76082, United States",32.9738269,-97.6808728
71911,MAVERIK COUNTRY STORE #706,SR-10,Castle Dale,UT,835,3.439,"SR-10, Castle Dale, UT, USA","East Main Street, Castle Dale, Emery County, Utah, 84513, United States",39.2117417,-111.0147113
71912,FUEL CITY WYLIE,SR-78,Wylie,TX,630,2.96566666,"SR-78, Wylie, TX, USA","Murphy USA, North State Highway 78, Wylie, Collin County, Texas, 75098, United States",33.0232982,-96.5119327
71913,Circle K #4702456,I-69,Martinsville,IN,375,3.599,"I-69, Martinsville, IN, USA","Iraq Afghanistan Veterans Memorial Highway, Champlin Meadows, Martinsville, Morgan County, Indiana, 46151, United States",39.405921,-86.4347353
71914,HUCKS FOOD & Fuel #309,I-169 Exit 8,Hopkinsville,KY,490,3.474,"I-169 Exit 8, Hopkinsville, KY, USA","I 169, Hopkinsville, Christian County, Kentucky, 42240, United States",36.8658125,-87.472283
71923,SHEETZ #740,US-23  & SR-752,Ashville,OH,315,3.10233333,"US-23  & SR-752, Ashville, OH, USA","Ashville, Harrison Township, Pickaway County, Ohio, United States",39.7156186,-82.9529584
71927,Allsups Convenience #2420,US 283,Altus,OK,770,2.979,"US 283, Altus, OK, USA","North Main Street, Altus, Jackson County, Oklahoma, 73521, United States",34.6404829,-99.3339272
71929,STUCKEYS TRAVEL CENTER,I-10 & FM-365,Beaumont,TX,610,2.824,"I-10 & FM-365, Beaumont, TX, USA","Beaumont, Jefferson County, Texas, United States",30.0829344,-94.0984277
71932,MCCLURE OIL #60,US 35,Logansport,IN,370,3.799,"US 35, Logansport, IN, USA","Hoosier Heartland Highway, Logansport, Cass County, Indiana, 46947, United States",40.7335158,-86.3619836
71933,RHODES CONVENIENCE STORES,US-62,Sikeston                                ,MO,275,3.35066666,"US-62, Sikeston                                , MO, USA","East Malone Avenue, Sikeston, Scott County, Missouri, 63801, United States",36.8810902,-89.5724683
71934,SHEETZ #759,I-71 & SR-734,Jeffersonville,OH,315,3.06566666,"I-71 & SR-734, Jeffersonville, OH, USA","Jeffersonville, Jefferson Township, Fayette County, Ohio, 43128, United States",39.6536719,-83.5638094
71937,KWIK TRIP #1173,CR-10,Waconia,MN,451,3.60733333,"CR-10, Waconia, MN, USA","Waconia Parkway South, Waconia, Carver County, Minnesota, 55387, United States",44.8403718,-93.7993869
71942,BYRNE DAIRY #135,I-81 & SR-481,Liverpool,NY,220,4.199,"I-81 & SR-481, Liverpool, NY, USA","Village of Liverpool, Town of Salina, Onondaga County, New York, United States",43.106456,-76.217705
71946,Allsups #102450,US-87,Eden                                    ,TX,739,3.179,"US-87, Eden                                    , TX, USA","US 87, Eden, Concho County, Texas, 76837, United States",31.2164773,-99.8652716
71948,19 AND 75 FILLING STATION,US-75 & SR-19,Ivanhoe                                 ,MN,432,3.394,"US-75 & SR-19, Ivanhoe                                 , MN, USA","Ivanhoe, Lincoln County, Minnesota, 56142, United States",44.463229,-96.247372
71949,24 STORE SHELBY,SR-61,Shelby,OH,249,3.499,"SR-61, Shelby, OH, USA","North Gamble Street, Shelby, Plymouth Township, Richland County, Ohio, 44865, United States",40.9071743,-82.6590305
71950,77/36 DUCHESS,I-77 & US-36,Newcomerstown,OH,542,3.299,"I-77 & US-36, Newcomerstown, OH, USA","Newcomerstown, Oxford Township, Tuscarawas County, Ohio, United States",40.2722923,-81.6059541
71951,7-ELEVEN #39448,I-81 & SR-682,Mount Crawford,VA,185,3.31566666,"I-81 & SR-682, Mount Crawford, VA, USA","Mount Crawford, Rockingham County, Virginia, United States",38.3564677,-78.9418566
71953,ALEX'S TRUCK STOP,US-61,Tunica,MS,435,3.299,"US-61, Tunica, MS, USA","US 61, Tunica, Tunica County, Mississippi, 38676, United States",34.6945267,-90.3757281
71957,B&M Quickstop,SR-8,Mineral Point                           ,MO,540,3.699,"SR-8, Mineral Point                           , MO, USA","Mineral Point, Washington County, Missouri, United States",37.9447722,-90.7242964
71958,BELL STORES,I-77 & CR-80,Dover,OH,249,3.399,"I-77 & CR-80, Dover, OH, USA","Dover, Tuscarawas County, Ohio, 44622, United States",40.5213381,-81.4741475
71960,BELL STORES #1159,US-30 & CR-144,Wooster,OH,249,3.659,"US-30 & CR-144, Wooster, OH, USA","Wooster, Wayne County, Ohio, 44691, United States",40.7980976,-81.9397733
71961,BELL STORES #54,US-250 & SR-241,Mount Eaton,OH,249,3.499,"US-250 & SR-241, Mount Eaton, OH, USA","Mount Eaton, Paint Township, Wayne County, Ohio, 44659, United States",40.6945024,-81.7031847
71962,BELLSTORES,SR-598,Galion,OH,315,3.499,"SR-598, Galion, OH, USA","Portland Way North, Galion, Polk Township, Crawford County, Ohio, 44833, United States",40.7474018,-82.7984736
71965,CIRCLE K #2709989,US-167 & CR-405,Sheridan,AR,695,3.599,"US-167 & CR-405, Sheridan, AR, USA","Sheridan, Grant County, Arkansas, United States",34.3100971,-92.4013484
71966,BLACK DIAMOND TRAVEL CENTER,I-26 & SR-173,Unicoi,TN,405,3.40233333,"I-26 & SR-173, Unicoi, TN, USA","Unicoi County, East Tennessee, Tennessee, United States",36.1072175,-82.444068
71967,BLOC STOP TRAVEL CENTER,US-19 & SR-133,ALBANY,GA,10,3.799,"US-19 & SR-133, ALBANY, GA, USA","Albany, Dougherty County, Georgia, United States",31.5782062,-84.1556809
71968,BLONDIES FOOD AND FUEL,US-90 & SR-69,Grand Ridge                             ,FL,20,3.59066666,"US-90 & SR-69, Grand Ridge                             , FL, USA","Grand Ridge, Jackson County, Florida, United States",30.7124146,-85.0202017
71969,BORDERVIEW GROCERY,US-11 & CR-19,Champlain,NY,39,3.799,"US-11 & CR-19, Champlain, NY, USA","Town of Champlain, Clinton County, New York, United States",44.986656,-73.446693
71973,SHEETZ #703,I-40 & US-70,Garner,NC,177,2.859,"I-40 & US-70, Garner, NC, USA","Garner, Wake County, North Carolina, United States",35.7112642,-78.6141709
71975,BP,I-81 & SR-177,Christiansburg,VA,185,3.799,"I-81 & SR-177, Christiansburg, VA, USA","Christiansburg, Montgomery County, Virginia, United States",37.1298517,-80.4089389
71977,BP,SR-47,Sugar Grove                             ,IL,296,3.599,"SR-47, Sugar Grove                             , IL, USA","USA fitness, Melissa Lane, Aurora, Sugar Grove Township, Kane County, Illinois, 60506, United States",41.7930868,-88.381923
71978,BP,I-29 & US-34,Pacific Junction,IA,319,3.399,"I-29 & US-34, Pacific Junction, IA, USA","Pacific Junction, Mills County, Iowa, United States",41.0186897,-95.8003095
71979,KENT KWIK #219,SR-338,Odessa,TX,710,3.00733333,"SR-338, Odessa, TX, USA","The Park's Senior Living, Mission, Odessa, Midland County, Texas, United States",31.9101342,-102.2860008
71980,KENT KWIK #433,US-87,San Angelo,TX,739,3.13233333,"US-87, San Angelo, TX, USA","North Koenigheim Street, Downtown, San Angelo, Tom Green County, Texas, 76903, United States",31.4636331,-100.4436072
71981,SHEETZ #488,US-13 & US-264,Greenville                              ,NC,205,2.899,"US-13 & US-264, Greenville                              , NC, USA","Greenville, Pitt County, North Carolina, United States",35.613224,-77.3724593
71982,MAVERIK COUNTRY STORE #665,SR-201,Magna,UT,835,3.399,"SR-201, Magna, UT, USA","SR 201, Magna, Salt Lake County, Utah, 84044, United States",40.7188104,-112.0646676
71984,BP,I-43 & SR-11,Elkhorn,WI,420,3.149,"I-43 & SR-11, Elkhorn, WI, USA","Elkhorn, Walworth County, Wisconsin, 53121, United States",42.6719206,-88.543494
71985,Brew #12,US-20 & SR-31,Correctionville,IA,527,3.559,"US-20 & SR-31, Correctionville, IA, USA","Correctionville, Union Township, Woodbury County, Iowa, United States",42.4749887,-95.785565
71988,C AND W GLOBAL,SR-429 & SR-438,Winter Garden                           ,FL,140,3.074,"SR-429 & SR-438, Winter Garden                           , FL, USA","Winter Garden, Orange County, Florida, United States",28.5656649,-81.5856742
71990,Allsups #2418,US-84,Snyder,TX,612,2.97233333,"US-84, Snyder, TX, USA","South US Highway 84, Snyder, Scurry County, Texas, 79549, United States",32.7114584,-100.8735978
71991,TA Express Fairview #943,US 36,Fairview,KS,570,3.299,"US 36, Fairview, KS, USA","West 1st Street, Fairview, Brown County, Kansas, 66425, United States",39.8412106,-95.7282428
71992,7-ELEVEN #41263,US-13,Bridgeville,DE,243,3.399,"US-13, Bridgeville, DE, USA","Sussex Highway, Cantebury Apartments, Bridgeville, Sussex County, Delaware, 19933, United States",38.7446922,-75.5926311
71994,7-ELEVEN #42058,SR-572,Lakeland,FL,225,3.48233333,"SR-572, Lakeland, FL, USA","Drane Field Road, Lakeland, Polk County, Florida, 33811, United States",27.9966225,-82.0151989
71997,7-ELEVEN #41287,SR-29,Immokalee,FL,64,3.679,"SR-29, Immokalee, FL, USA","SR 29, Immokalee, Collier County, Florida, 34143, United States",26.4057218,-81.3945288
72000,7-ELEVEN #41309,US-41,Nokomis,FL,225,3.379,"US-41, Nokomis, FL, USA","Tamiami Trail, Nokomis, Sarasota County, Florida, 34272, United States",27.1171055,-82.4503409
72004,7-ELEVEN #41578,US-13,Seaford,DE,243,3.359,"US-13, Seaford, DE, USA","Sussex Highway, The Island, Seaford, Sussex County, Delaware, 19973, United States",38.6513472,-75.5944188
72006,CIRCLE K #4707123,SR-2,Canaan,ME,26,3.759,"SR-2, Canaan, ME, USA","Canaan, Somerset County, Maine, 04924, United States",44.7630602,-69.5596522
72008,CASHS #4469,US-278 & US-63,Warren,AR,635,3.499,"US-278 & US-63, Warren, AR, USA","Warren, Bradley County, Arkansas, United States",33.6126086,-92.0645831
72011,CEFCO #107,US 190,Lampasas,TX,595,2.899,"US 190, Lampasas, TX, USA","E E Ohnmeiss Drive, Lampasas, Lampasas County, Texas, 76650, United States",31.0542549,-98.1817556
72012,CEFCO #108,US-77,Waco,TX,765,2.99233333,"US-77, Waco, TX, USA","US 77, Waco, McLennan County, Texas, 76706, United States",31.5325869,-97.1257573
72013,CEFCO #1081,US-59,Queen City,TX,723,3.024,"US-59, Queen City, TX, USA","US 59, Queen City, Cass County, Texas, 75572, United States",33.1426082,-94.1606195
72014,CEFCO #1086,US-259,Longview,TX,766,2.959,"US-259, Longview, TX, USA","I 20;US 259, Longview, Gregg County, Texas, 75603, United States",32.4471909,-94.7169518
72015,CEFCO #1096,US-82,Paris,TX,723,2.96566666,"US-82, Paris, TX, USA","Northeast Loop 286, Paris, Lamar County, Texas, 75462, United States",33.6623356,-95.5095202
72016,Cefco #11,US-84,Waco,TX,765,2.99566666,"US-84, Waco, TX, USA","Franklin Avenue, Waco, McLennan County, Texas, 76710, United States",31.5214645,-97.1721528
72017,CEFCO #1102,SR-24 & SR-286,Paris,TX,723,2.96566666,"SR-24 & SR-286, Paris, TX, USA","Paris, Lamar County, Texas, United States",33.6617962,-95.555513
72018,CEFCO #2071,US-377 & FM-381,Early,TX,739,2.92566666,"US-377 & FM-381, Early, TX, USA","Early, Brown County, Texas, 76802, United States",31.742096,-98.9456052
72019,CEFCO #2081,US-84,Post,TX,700,2.94233333,"US-84, Post, TX, USA","US Highway 84, Post, Garza County, Texas, 79356, United States",33.179586,-101.3754131
72020,CEFCO #2082,SR-206 & SR-36,Cross Plains,TX,575,3.159,"SR-206 & SR-36, Cross Plains, TX, USA","Cross Plains, Callahan County, Texas, 76443, United States",32.1262459,-99.1654444
72021,CEFCO #30,US-77 & SR-320,Lott,TX,765,3.011,"US-77 & SR-320, Lott, TX, USA","Lott, Falls County, Texas, United States",31.2061063,-97.0326706
72022,CEFCO #65,US-84 & FM-116,Gatesville,TX,765,2.96566666,"US-84 & FM-116, Gatesville, TX, USA","Gatesville, Coryell County, Texas, United States",31.4351645,-97.743911
72024,CENEX,US-2 ,Stanley                                 ,ND,452,3.58233333,"US-2 , Stanley                                 , ND, USA","US 2, Stanley, Mountrail County, North Dakota, United States",48.3080931,-102.3688511
72025,CENEX,US-2 ,Devils Lake                             ,ND,355,3.24066666,"US-2 , Devils Lake                             , ND, USA","Highway 2 West, Devils Lake, Ramsey County, North Dakota, United States",48.1026622,-98.865506
72028,CENEX,US-52 & SR-15,Fessenden                               ,ND,390,3.531,"US-52 & SR-15, Fessenden                               , ND, USA","Fessenden, Wells County, North Dakota, 58438, United States",47.649168,-99.629289
72030,CENEX,I-90 & SR-51,Gillette                                ,WY,822,3.489,"I-90 & SR-51, Gillette                                , WY, USA","Gillette, Campbell County, Wyoming, 82718, United States",44.290635,-105.501876
72034,CHARLIES MARKET,SR-172,Salt Lake City,UT,835,3.459,"SR-172, Salt Lake City, UT, USA","5600 West, Glendale, Salt Lake City, Salt Lake County, Utah, 84122, United States",40.747599,-112.0250343
72038,CHEVRON,I-55 & SR-570,McComb                                  ,MS,759,3.28233333,"I-55 & SR-570, McComb                                  , MS, USA","McComb, Pike County, Mississippi, 39660, United States",31.2435782,-90.4535887
72039,CHEVRON,SR-20 & SR-65,Hosford,FL,145,3.299,"SR-20 & SR-65, Hosford, FL, USA","Hosford, Liberty County, Florida, 32334, United States",30.386585,-84.7979694
72041,CHEVRON,SR-20 & SR-71,Blountstown                             ,FL,145,3.299,"SR-20 & SR-71, Blountstown                             , FL, USA","Blountstown, Calhoun County, Florida, 32424, United States",30.4435293,-85.0451953
72045,MAVERIK COUNTRY STORE #710,US-6,Helper,UT,835,3.44566666,"US-6, Helper, UT, USA","Dinosaur Diamond Prehistoric Highway, Martin, Helper, Carbon County, Utah, 84526, United States",39.7063083,-110.8695984
72046,CHEVRON DBA ONE9 #1429,US-30 & US-95,Fruitland                               ,ID,785,3.349,"US-30 & US-95, Fruitland                               , ID, USA","Fruitland, Payette County, Idaho, 83619, United States",44.0088935,-116.916414
72046,CHEVRON,US-30 & US-95,Fruitland                               ,ID,785,3.39233333,"US-30 & US-95, Fruitland                               , ID, USA","Fruitland, Payette County, Idaho, 83619, United States",44.0088935,-116.916414
72054,CHEVRON,US-45,Guntown,MS,742,3.299,"US-45, Guntown, MS, USA","US 45, Guntown, Lee County, Mississippi, 38849, United States",34.4423405,-88.6757259
72060,CHEVRON FOOD MART #20,US-45 & SR-16,Scooba,MS,705,3.199,"US-45 & SR-16, Scooba, MS, USA","Scooba, Kemper County, Mississippi, 39358, United States",32.8290581,-88.4767398
72063,CIRCLE K #2655785,US-301,Upper Marlboro,MD,60,3.999,"US-301, Upper Marlboro, MD, USA","Crain Highway, Upper Marlboro, Prince George's County, Maryland, 20754, United States",38.8300179,-76.7321058
72066,CIRCLE K #2741094,SR-46 ,Seguin,TX,740,2.959,"SR-46 , Seguin, TX, USA","Murphy USA, 1398, Eastwood Drive, Seguin, Guadalupe County, Texas, 78155, United States",29.564816,-97.9429057
72067,CIRCLE K #2741822,US-90 & FM-471,Castroville,TX,740,2.91233333,"US-90 & FM-471, Castroville, TX, USA","Castroville, Medina County, Texas, United States",29.3565001,-98.8788844
72072,PARKERS #92,SR 17,Guyton,GA,195,2.999,"SR 17, Guyton, GA, USA","Guyton, Effingham County, Georgia, United States",32.3363045,-81.3914992
72073,CIRCLE K #2723791,I-85 & SR-54,Graham,NC,65,3.609,"I-85 & SR-54, Graham, NC, USA","Graham County, North Carolina, United States",35.359542,-83.8337785
72077,COLDWATER TRAVEL CENTER,I-55 & SR-306,Coldwater,MS,435,3.099,"I-55 & SR-306, Coldwater, MS, USA","Coldwater, Tate County, Mississippi, United States",34.6876336,-89.976972
72080,Corner Store,US-180/62,Seminole,TX,710,3.129,"US-180/62, Seminole, TX, USA","US 180, Seminole Park, Seminole, Gaines County, Texas, 79630, United States",32.7186427,-102.6405279
72081,STRIPES #2146,US-181 & SR-361,Ingleside                               ,TX,625,3.299,"US-181 & SR-361, Ingleside                               , TX, USA","Ingleside, San Patricio County, Texas, 78362, United States",27.876615,-97.2098831
72082,COUNTRYMARK,SR-124,Bluffton                                ,IN,370,3.76566666,"SR-124, Bluffton                                , IN, USA","North Main Street, Toll Gate Heights, Bluffton, Wells County, Indiana, 46714, United States",40.7500364,-85.1683916
72084,DANDY MINI MART #60,US-6 & SR-14,Troy,PA,31,3.999,"US-6 & SR-14, Troy, PA, USA","Troy, Bradford County, Pennsylvania, 16947, United States",41.7861639,-76.7873891
72087,DELTA,US-9,Jersey City                             ,NJ,115,3.239,"US-9, Jersey City                             , NJ, USA","Tonnelle Avenue, Croxton, Journal Square, Jersey City, Hudson County, New Jersey, 07047, United States",40.752797,-74.057465
72090,DOMINO #128,US-81 & SR-66,El Reno,OK,483,3.199,"US-81 & SR-66, El Reno, OK, USA","El Reno, Canadian County, Oklahoma, United States",35.532198,-97.9550578
72091,DUCK THRU FOOD STORE #54,US-64,Columbia,NC,470,3.523,"US-64, Columbia, NC, USA","US 64, Columbia, Tyrrell County, North Carolina, 27925, United States",35.9187219,-76.2378255
72097,EXPRESSWAY SERVICE STATION,US-287 & SR-25,Electra,TX,770,2.999,"US-287 & SR-25, Electra, TX, USA","Electra, Wichita County, Texas, United States",34.0320855,-98.9163686
72101,EXXON,US-24,Redford                                 ,MI,325,3.699,"US-24, Redford                                 , MI, USA","Telegraph Road, Redford Township, Wayne County, Michigan, 48239, United States",42.3582229,-83.274924
72105,LOVES TRAVEL STOP #171,SR-375 & SR-31,McAlester,OK,560,3.43733333,"SR-375 & SR-31, McAlester, OK, USA","McAlester, Pittsburg County, Oklahoma, United States",34.9334981,-95.7697934
72106,Loves Country Store #118,US-77 & SR-29,Wynnewood,OK,569,2.989,"US-77 & SR-29, Wynnewood, OK, USA","Wynnewood, Garvin County, Oklahoma, 73098, United States",34.6434171,-97.1644656
72108,FARMERS UNION OIL OF CARPIO,US-52 & SR-28,Carpio                                  ,ND,452,3.384,"US-52 & SR-28, Carpio                                  , ND, USA","Carpio, Ward County, North Dakota, United States",48.442517,-101.714606
72110,FAST STOP,US-84 & CR-1800,Lubbock,TX,700,2.999,"US-84 & CR-1800, Lubbock, TX, USA","County Road 1800, Lubbock, Lubbock County, Texas, 79424, United States",33.4687513,-101.939572
72112,Flyers #3219,US-60,Claypool,AZ,930,3.849,"US-60, Claypool, AZ, USA","Phoenix–Globe Highway, Claypool, Gila County, Arizona, 85532, United States",33.4072839,-110.8550211
72113,Food N Fuel,US-6 & CR-4,New Lenox                               ,IL,296,3.399,"US-6 & CR-4, New Lenox                               , IL, USA","New Lenox, Will County, Illinois, 60451, United States",41.5119761,-87.9656098
72113,Food N Fuel,US-6 & CR-4,New Lenox                               ,IL,296,3.499,"US-6 & CR-4, New Lenox                               , IL, USA","New Lenox, Will County, Illinois, 60451, United States",41.5119761,-87.9656098
72115,FRIENDSHIP FOOD & FUEL,SR-15 & CR-244,Ecru                                    ,MS,576,3.799,"SR-15 & CR-244, Ecru                                    , MS, USA","Ecru, Pontotoc County, Mississippi, 38841, United States",34.3531595,-89.0231192
72116,FRIENDSHIP FOOD MART #90,I-90 & SR-57,Elyria,OH,305,3.779,"I-90 & SR-57, Elyria, OH, USA","Elyria, Lorain County, Ohio, 44035, United States",41.3673191,-82.1073583
72118,GAS N WASH,I-355 & SR-7,HOMER GLEN,IL,296,3.599,"I-355 & SR-7, HOMER GLEN, IL, USA","Homer Glen, Will County, Illinois, 60491, United States",41.6000318,-87.9381112
72118,GAS N WASH,I-355 & SR-7,HOMER GLEN,IL,296,3.599,"I-355 & SR-7, HOMER GLEN, IL, USA","Homer Glen, Will County, Illinois, 60491, United States",41.6000318,-87.9381112
72118,GAS N WASH,I-355 & SR-7,HOMER GLEN,IL,296,3.599,"I-355 & SR-7, HOMER GLEN, IL, USA","Homer Glen, Will County, Illinois, 60491, United States",41.6000318,-87.9381112
72118,GAS N WASH,I-355 & SR-7,HOMER GLEN,IL,296,3.599,"I-355 & SR-7, HOMER GLEN, IL, USA","Homer Glen, Will County, Illinois, 60491, United States",41.6000318,-87.9381112
72118,GAS N WASH,I-355 & SR-7,HOMER GLEN,IL,296,3.599,"I-355 & SR-7, HOMER GLEN, IL, USA","Homer Glen, Will County, Illinois, 60491, United States",41.6000318,-87.9381112
72118,GAS N WASH,I-355 & SR-7,HOMER GLEN,IL,296,3.599,"I-355 & SR-7, HOMER GLEN, IL, USA","Homer Glen, Will County, Illinois, 60491, United States",41.6000318,-87.9381112
72120,GAS PRO TRAVEL CENTER,US-301/25,Statesboro,GA,195,3.129,"US-301/25, Statesboro, GA, USA","67 Styles, 25, North Main Street, Statesboro, Bulloch County, Georgia, 30458, United States",32.4496525,-81.783633
72122,KWIK TRIP #1115,US-63 & US-8,Turtle Lake,WI,295,3.65566666,"US-63 & US-8, Turtle Lake, WI, USA","Turtle Lake, Barron County, Wisconsin, United States",45.3938003,-92.1423009
72124,GET GO #3016,I-376 & SR-18,Monaca,PA,96,5.499,"I-376 & SR-18, Monaca, PA, USA","Monaca, Beaver County, Pennsylvania, United States",40.6872885,-80.2714505
72125,GETGO #7520,I-65 & US-31,Edinburgh,IN,375,3.359,"I-65 & US-31, Edinburgh, IN, USA","Edinburgh, Johnson County, Indiana, United States",39.3542176,-85.9666577
72126,GETGO #7526,I-69 & SR-332,Yorktown,IN,457,3.343,"I-69 & SR-332, Yorktown, IN, USA","Yorktown, Delaware County, Indiana, United States",40.1736547,-85.4941396
72128,GETGO #7545,I-65 & SR-400,Whitestown,IN,375,3.30233333,"I-65 & SR-400, Whitestown, IN, USA","Whitestown, Boone County, Indiana, United States",39.9972626,-86.3458296
72130,GILBERTS SHELL,SR-72 & CR-59,Gilberts,IL,290,3.279,"SR-72 & CR-59, Gilberts, IL, USA","Gilberts, Rutland Township, Kane County, Illinois, 60136, United States",42.1034365,-88.3745145
72139,HOLMES EXPRESS,US-78 & SR-175,Memphis,TN,435,3.399,"US-78 & SR-175, Memphis, TN, USA","Memphis, Shelby County, West Tennessee, Tennessee, United States",35.146026,-90.0517786
72143,Caseys #4023,US 36 & US 183,Phillipsburg                            ,KS,357,3.29233333,"US 36 & US 183, Phillipsburg                            , KS, USA","Phillipsburg, Phillips County, Kansas, United States",39.756121,-99.323985
72144,HUCKS FOOD & FUEL #397,US-68 & SR-432,Bowling Green,KY,487,3.499,"US-68 & SR-432, Bowling Green, KY, USA","Bowling Green, Warren County, Kentucky, 42101, United States",36.9929203,-86.4428677
72145,JP ZEBULON,US-19,Zebulon,GA,67,3.135,"US-19, Zebulon, GA, USA","Main Street, Zebulon, Pike County, Georgia, 30295, United States",33.1000995,-84.3426895
72149,IVOR MART,US-460,Hopewell,VA,180,3.699,"US-460, Hopewell, VA, USA","Hopewell, Virginia, 23860, United States",37.3043154,-77.2872001
72150,J AND R MARKET,SR-105 & SR-326,Sour Lake                               ,TX,610,3.159,"SR-105 & SR-326, Sour Lake                               , TX, USA","Sour Lake, Hardin County, Texas, United States",30.1402122,-94.4110239
72153,Jet Food Store,SR-15 & SR-46,Soperton,GA,85,3.41566666,"SR-15 & SR-46, Soperton, GA, USA","Soperton, Treutlen County, Georgia, 30457, United States",32.3771182,-82.5923554
72154,JET FOOD STORE #93,US-280 & SR-135,Vidalia,GA,195,3.43233333,"US-280 & SR-135, Vidalia, GA, USA","Vidalia, Toombs County, Georgia, United States",32.2176855,-82.4134614
72155,JIFFY TRIP #142,US-77,Newkirk                                 ,OK,500,3.059,"US-77, Newkirk                                 , OK, USA","West South Street, Newkirk, Kay County, Oklahoma, 74647, United States",36.8758396,-97.0660944
72156,JORDANS KWIK STOP #5,US-412,Portia,AR,418,3.37566666,"US-412, Portia, AR, USA","US 63;US 412, Portia, Lawrence County, Arkansas, 72457, United States",36.0892921,-91.0744827
72157,JORDANS KWIK STOP #52,US-67 & SR-304,Pocahontas,AR,418,3.31233333,"US-67 & SR-304, Pocahontas, AR, USA","Pocahontas, Randolph County, Arkansas, 72455, United States",36.2612154,-90.9711021
72160,KENJO MARKET #52,US-321,Maryville,TN,405,3.249,"US-321, Maryville, TN, USA","West Lamar Alexander Parkway, Maryville, Blount County, East Tennessee, Tennessee, 37801, United States",35.7561356,-84.0329152
72162,Krazy K's,US-45,Buckatunna                              ,MS,620,3.149,"US-45, Buckatunna                              , MS, USA","US 45, Buckatunna, Wayne County, Mississippi, 39322, United States",31.5313745,-88.5210724
72163,KWIK FILL,US-206,Hillsborough,NJ,115,3.399,"US-206, Hillsborough, NJ, USA","US 206, Hillsborough Township, Somerset County, New Jersey, 08844, United States",40.5116767,-74.6326862
72171,LAWTEY SHELL SERVICE,US-301 ,Lawtey                                  ,FL,75,3.599,"US-301 , Lawtey                                  , FL, USA","US 301, Lawtey, Bradford County, Florida, 32058, United States",30.0531082,-82.0688878
72181,LITTLEFIELD EXPRESS #7,US-167,Cave City,AR,418,3.349,"US-167, Cave City, AR, USA","North Main Street, Cave City, Sharp County, Arkansas, 72521, United States",35.9598148,-91.5492959
72184,MACS 33,US-49,Florence,MS,620,2.899,"US-49, Florence, MS, USA","Highway 49 South, Florence, Rankin County, Mississippi, 39073, United States",32.1557681,-90.1255191
72188,MARATHON,US-61 & SR-637,Reserve,LA,623,3.749,"US-61 & SR-637, Reserve, LA, USA","Reserve, Edgard, St. John the Baptist Parish, Louisiana, 70084, United States",30.0823981,-90.5585162
72189,MARATHON,I-75 & CR-20,Middletown,OH,317,3.21566666,"I-75 & CR-20, Middletown, OH, USA","Middletown, Butler County, Ohio, 45042, United States",39.516644,-84.4041725
72190,Minuteman Food Mart #37,US-74,Leland,NC,245,3.389,"US-74, Leland, NC, USA","Ocean Highway East, Leland, Brunswick County, North Carolina, 28401, United States",34.233782,-77.9886037
72191,MARATHON RIVERSIDE GAS,I-80 & CR-6,Elkhart,IN,465,3.499,"I-80 & CR-6, Elkhart, IN, USA","Elkhart County, Indiana, United States",41.6012796,-85.8590603
72194,Mobil,I-57,Riverdale,IL,365,3.699,"I-57, Riverdale, IL, USA","I 57, Blue Island, Calumet Township, Cook County, Illinois, 60827, United States",41.6504594,-87.6612483
72195,MOBIL,US-46,Columbia,NJ,90,3.079,"US-46, Columbia, NJ, USA","US 46, Columbia, Knowlton Township, Warren County, New Jersey, 18351, United States",40.9228648,-75.0899532
72196,MORGAN OIL,US-224 & CR-231,Lowellville,OH,573,3.399,"US-224 & CR-231, Lowellville, OH, USA","Lowellville, Mahoning County, Ohio, United States",41.0359418,-80.5362257
72201,MUDD CREEK COUNTRY STORE,US-79,Franklin                                ,TX,670,3.194,"US-79, Franklin                                , TX, USA","US 79, Franklin, Robertson County, Texas, 77856, United States",31.0259396,-96.4855362
72205,NIC'S,SR-97,Bainbridge,GA,20,3.379,"SR-97, Bainbridge, GA, USA","Murphy USA, 502, East Alice Street, Tallahassee Highway Retail, Bainbridge, Decatur County, Georgia, 39819, United States",30.8895996,-84.5685091
72206,NORTHLAKE BP,I-294 & US-45,Melrose Park,IL,290,3.699,"I-294 & US-45, Melrose Park, IL, USA","Melrose Park, Proviso Township, Cook County, Illinois, United States",41.900299,-87.8569745
72206,NORTHLAKE BP,I-294 & US-45,Melrose Park,IL,290,3.599,"I-294 & US-45, Melrose Park, IL, USA","Melrose Park, Proviso Township, Cook County, Illinois, United States",41.900299,-87.8569745
72207,NZT,I-294,Alsip                                   ,IL,365,3.389,"I-294, Alsip                                   , IL, USA","Tri-State Tollway, Alsip, Worth Township, Cook County, Illinois, 60418, United States",41.6616703,-87.7364972
72207,NZT,I-294,Alsip                                   ,IL,365,3.589,"I-294, Alsip                                   , IL, USA","Tri-State Tollway, Alsip, Worth Township, Cook County, Illinois, 60418, United States",41.6616703,-87.7364972
72210,CITGO,US-70,Princeton                               ,NC,205,3.699,"US-70, Princeton                               , NC, USA","US 70, Princeton, Johnston County, North Carolina, 27569, United States",35.4560548,-78.1378144
72212,PARKERS #72,US-52 & SR- 402,Moncks Corner,SC,42,3.25566666,"US-52 & SR- 402, Moncks Corner, SC, USA","Moncks Corner, Berkeley County, South Carolina, United States",33.1960027,-80.0131374
72215,PIT STOP #1,SR-31 & SR-34,Weedsport                               ,NY,220,3.899,"SR-31 & SR-34, Weedsport                               , NY, USA","Village of Weedsport, Town of Brutus, Cayuga County, New York, United States",43.048677,-76.5627197
72216,Pit Stop #14,US-20/US-16,Worland,WY,836,3.829,"US-20/US-16, Worland, WY, USA","Big Horn Avenue, Worland, Washakie County, Wyoming, 82401, United States",44.0184046,-107.9336397
72217,PIEDMONT PETROLEUM,US-501,Lynchburg,VA,185,3.459,"US-501, Lynchburg, VA, USA","Lynchburg Expressway, Sheffield, Lynchburg, Virginia, 24514, United States",37.3649605,-79.1829209
72222,RAINY LAKE OIL,CR-332 & CR-24,International Falls,MN,334,3.379,"CR-332 & CR-24, International Falls, MN, USA","International Falls, Koochiching County, Minnesota, United States",48.601033,-93.4105904
72224,RAYMOND TRUCK STOP,US-1/US-9,Newark,NJ,115,3.259,"US-1/US-9, Newark, NJ, USA","US 1;US 9, Newark, Essex County, New Jersey, 07114, United States",40.6956595,-74.1887354
72225,SHEETZ #144,US-220 & SR-55,Moorefield,WV,60,3.289,"US-220 & SR-55, Moorefield, WV, USA","Moorefield, Hardy County, West Virginia, 26836, United States",39.0623301,-78.9694723
72226,REBEL GAS MART,SR-7,Oxford,MS,435,3.049,"SR-7, Oxford, MS, USA","Oxford, Lafayette County, Mississippi, United States",34.3663773,-89.5187664
72227,RED BANKS VALERO,I-22 & SR-178,Red Banks,MS,435,2.999,"I-22 & SR-178, Red Banks, MS, USA","Red Banks, Marshall County, Mississippi, United States",34.8281516,-89.5645253
72228,REFUEL #1043,US-15,Sumter,SC,42,3.09566666,"US-15, Sumter, SC, USA","South Lafayette Drive, Kingman Heights, Sumter, Sumter County, South Carolina, 29150, United States",33.8966772,-80.337252
72229,REFUEL #1047,US-521,Sumter,SC,42,3.00566666,"US-521, Sumter, SC, USA","Manning Avenue, Brady Heights, Sumter County, South Carolina, 29150, United States",33.8955045,-80.3385061
72230,REFUEL #1116,US-64,Apex,NC,177,3.799,"US-64, Apex, NC, USA","US 64, Apex, Wake County, North Carolina, 27502, United States",35.7449318,-78.9136705
72231,RENO JUNCTION TRAVEL PLAZA,SR-59 & SR-387,Wright,WY,822,3.509,"SR-59 & SR-387, Wright, WY, USA","Wright, Campbell County, Wyoming, 82732, United States",43.751281,-105.484825
72232,RICKY ROCKETS FUEL,I-294 & US-12,HICKORY HILLS,IL,291,3.999,"I-294 & US-12, HICKORY HILLS, IL, USA","Hickory Hills, Palos Township, Cook County, Illinois, 60457, United States",41.7255879,-87.825055
72232,RICKY ROCKETS FUEL,I-294 & US-12,HICKORY HILLS,IL,291,3.899,"I-294 & US-12, HICKORY HILLS, IL, USA","Hickory Hills, Palos Township, Cook County, Illinois, 60457, United States",41.7255879,-87.825055
72233,ROAD RANGER #284,I-27 & FM-1729,New Deal,TX,700,2.98566666,"I-27 & FM-1729, New Deal, TX, USA","East Main Street, New Deal, Lubbock County, Texas, 79350, United States",33.7373228,-101.8403446
72236,ROYAL FARMS #108,US-13,Cape Charles,VA,130,3.47233333,"US-13, Cape Charles, VA, USA","Cape Charles, Northampton County, Virginia, United States",37.2671674,-76.0176986
72237,ROYAL FARMS #135,SR-404 & SR-16,Denton                                  ,MD,194,3.339,"SR-404 & SR-16, Denton                                  , MD, USA","Denton, Caroline County, Maryland, 21629, United States",38.8845583,-75.8271564
72238,ROYAL FARMS #169,I-895 & US-40,Baltimore                               ,MD,22,3.259,"I-895 & US-40, Baltimore                               , MD, USA","Baltimore, Maryland, United States",39.2908816,-76.610759
72239,ROYAL FARMS #171,US-13 & SR-24,Laurel                                  ,DE,194,3.259,"US-13 & SR-24, Laurel                                  , DE, USA","Laurel, Sussex County, Delaware, United States",38.5565041,-75.5713141
72242,ROYAL FARMS #311,SR-7 & SR-43,Nottingham,MD,22,3.269,"SR-7 & SR-43, Nottingham, MD, USA","Nottingham, White Marsh, Baltimore County, Maryland, 21326, United States",39.3639964,-76.4521842
72247,SEVEN MART,I-20 & SR-17,Delhi,LA,719,3.199,"I-20 & SR-17, Delhi, LA, USA","Delhi, Richland Parish, Louisiana, United States",32.4576421,-91.4931736
72248,SHELBY EXPRESS,SR-175,Memphis,TN,435,3.699,"SR-175, Memphis, TN, USA","175, East Parkway South, Morningside Park, Memphis, Shelby County, West Tennessee, Tennessee, 38104, United States",35.1320149,-89.9840699
72250,RACEWAY #6854,US-278 & SR-113,Rockmart                                ,GA,18,3.17233333,"US-278 & SR-113, Rockmart                                , GA, USA","Rockmart, Polk County, Georgia, United States",34.0026005,-85.0416133
72251,SHELL,I-94 & US-12,Detroit,MI,325,3.699,"I-94 & US-12, Detroit, MI, USA","Detroit, Wayne County, Michigan, United States",42.3315509,-83.0466403
72251,SHELL,I-94 & US-12,Detroit,MI,325,3.899,"I-94 & US-12, Detroit, MI, USA","Detroit, Wayne County, Michigan, United States",42.3315509,-83.0466403
72256,SHELL,US-1,Warren                                  ,ME,203,3.999,"US-1, Warren                                  , ME, USA","Atlantic Highway, Warren, Knox County, Maine, 04864, United States",44.1206446,-69.2870947
72259,SHELL,SR-72 & SR-25,Dundee,IL,293,3.279,"SR-72 & SR-25, Dundee, IL, USA","East Dundee, Dundee Township, Kane County, Illinois, United States",42.0989145,-88.2714689
72260,Duck Thru #58,US-13 & CR-677,Suffolk,VA,130,3.449,"US-13 & CR-677, Suffolk, VA, USA","Suffolk, Virginia, United States",36.7281341,-76.5834683
72261,SHELL,US-45 & CR-520,Shannon,MS,742,3.199,"US-45 & CR-520, Shannon, MS, USA","Shannon, Lee County, Mississippi, 38868, United States",34.1162203,-88.7117181
72263,SPARTAN FUELS,US-80 & SR-22,Columbus,GA,50,3.309,"US-80 & SR-22, Columbus, GA, USA","Columbus, Muscogee County, Georgia, United States",32.4610708,-84.9880449
72264,CIRCLE K #2654249,SR 24 & SR 286,Paris,TX,723,2.959,"SR 24 & SR 286, Paris, TX, USA","Paris, Lamar County, Texas, United States",33.6617962,-95.555513
72268,SHORT STOP,US-67/283,Santa Anna,TX,575,3.499,"US-67/283, Santa Anna, TX, USA","283, Wallis Avenue, Santa Anna, Coleman County, Texas, 76878, United States",31.742249,-99.317606
72273,SPINX #341,SR-41,Charleston,SC,42,3.33233333,"SR-41, Charleston, SC, USA","Murphy USA, West Ashley Road, Charleston, Charleston County, South Carolina, 29414, United States",32.822891,-80.0793847
72274,SPINX #366,SR-642,Summerville,SC,42,3.279,"SR-642, Summerville, SC, USA","Marlon State Route, Summerville, Dorchester County, South Carolina, 28483, United States",33.0369662,-80.2323621
72276,STAR 001,US-20 & SR-23,SOUTH BEND,IN,465,3.73233333,"US-20 & SR-23, SOUTH BEND, IN, USA","South Bend, Saint Joseph County, Indiana, United States",41.6833813,-86.2500066
72277,STOP N GAS,SR-15 & SR-39,Yorkshire                               ,NY,38,4.099,"SR-15 & SR-39, Yorkshire                               , NY, USA","Town of Yorkshire, Cattaraugus County, New York, United States",42.5300624,-78.4727976
72279,AMOCO,US-30,Clarence,IA,380,3.399,"US-30, Clarence, IA, USA","Lombard Street, Clarence, Cedar County, Iowa, 52216, United States",41.8887237,-91.062579
72287,CASEY'S #4522,US-81,Hennessey,OK,483,3.059,"US-81, Hennessey, OK, USA","Senator Ralph J. Choate Memorial Highway, Hennessey, Kingfisher County, Oklahoma, 73742, United States",36.1179208,-97.8988134
72289,SUNOCO,SR-12 & FM-1136,Orange,TX,610,2.899,"SR-12 & FM-1136, Orange, TX, USA","Old Buna Road, Orange County, Texas, 77626, United States",30.175577,-93.8797593
72290,SUNSTOP,US-19,Thomasville,GA,20,3.28233333,"US-19, Thomasville, GA, USA","US 19;US 84;GA 3;GA 38;GA 300, Thomasville, Thomas County, Georgia, 31792, United States",30.8568023,-83.9463798
72291,Union 76,US-129,Mc Alpin,FL,75,3.659,"US-129, Mc Alpin, FL, USA","Mc Alpin Road, McAlpin, Suwannee County, Florida, 32024, United States",30.1396324,-82.9440642
72292,SUNSTOP #336,SR-121 & CR-18,Lake Butler,FL,75,3.59233333,"SR-121 & CR-18, Lake Butler, FL, USA","Lake Butler, Union County, Florida, United States",30.0227391,-82.3395574
72293,SUNSTOP INLAND DBA ONE9 #1402,I-10 & SR-71,Marianna                                ,FL,20,3.299,"I-10 & SR-71, Marianna                                , FL, USA","Marianna, Jackson County, Florida, 32447, United States",30.7743596,-85.2268735
72293,ONE9 #1402,I-10 & SR-71,Marianna                                ,FL,20,3.299,"I-10 & SR-71, Marianna                                , FL, USA","Marianna, Jackson County, Florida, 32447, United States",30.7743596,-85.2268735
72294,SWANTON SUNOCO,I-89 & SR-78,Swanton                                 ,VT,39,3.539,"I-89 & SR-78, Swanton                                 , VT, USA","Swanton, Franklin County, Vermont, 05488, United States",44.9181593,-73.1242364
72295,SWIFT,US-69,Nederland,TX,610,2.98566666,"US-69, Nederland, TX, USA","North Memorial Freeway, Nederland, Jefferson County, Texas, 77627, United States",29.9591678,-94.0118752
72296,SWIFT STOP #5,US-84 & US-380,Post,TX,700,2.943,"US-84 & US-380, Post, TX, USA","Post, Garza County, Texas, 79356, United States",33.1909246,-101.380662
72298,TARZAN AND JANE,I-20 & SR-137,Stanton,TX,612,3.299,"I-20 & SR-137, Stanton, TX, USA","Stanton, Martin County, Texas, United States",32.1292891,-101.788464
72302,TEXACO,SR-114 & SR-156,Pennington,AL,705,3.19733333,"SR-114 & SR-156, Pennington, AL, USA","Pennington, Choctaw County, Alabama, 36916, United States",32.2070888,-88.0561287
72305,THE ANCHOR,US-60 & CR-3500,Mountain View                           ,MO,535,3.03233333,"US-60 & CR-3500, Mountain View                           , MO, USA","County Road 3500, Mountain View, Howell County, Missouri, 65548, United States",37.0080723,-91.6810619
72308,Racetrac #2609,SR-60,Okeechobee,FL,140,3.299,"SR-60, Okeechobee, FL, USA","Park Street, Okeechobee, Okeechobee County, Florida, United States",27.2436897,-80.8192044
72310,RACETRAC #2387,US-19,Hudson,FL,225,3.31566666,"US-19, Hudson, FL, USA","US Highway 19, Bayonet Point, Pasco County, Florida, 34668, United States",28.3364293,-82.6991679
72313,THOMPSON'S CORNER,US-25,Millen                                  ,GA,135,3.31566666,"US-25, Millen                                  , GA, USA","Statesboro Road, Millen, Jenkins County, Georgia, 30442, United States",32.8088047,-81.9486611
72314,THORNTONS #0333,SR-59 & SR-56,Warrenville,IL,346,3.549,"SR-59 & SR-56, Warrenville, IL, USA","Warrenville, DuPage County, Illinois, 60555, United States",41.8179303,-88.174097
72314,THORNTONS #0333,SR-59 & SR-56,Warrenville,IL,346,3.599,"SR-59 & SR-56, Warrenville, IL, USA","Warrenville, DuPage County, Illinois, 60555, United States",41.8179303,-88.174097
72315,THORNTONS #221343,US-14 & SR-31,Crystal Lake,IL,293,3.499,"US-14 & SR-31, Crystal Lake, IL, USA","Crystal Lake, McHenry County, Illinois, 60014, United States",42.2411344,-88.3161965
72315,THORNTONS #221343,US-14 & SR-31,Crystal Lake,IL,293,3.449,"US-14 & SR-31, Crystal Lake, IL, USA","Crystal Lake, McHenry County, Illinois, 60014, United States",42.2411344,-88.3161965
72316,THORNTONS #221344,SR-120,Mchenry,IL,297,3.699,"SR-120, Mchenry, IL, USA","State Route 120, Bull Valley, McHenry County, Illinois, 60097, United States",42.3562581,-88.3584886
72316,THORNTONS #221344,SR-120,Mchenry,IL,297,3.649,"SR-120, Mchenry, IL, USA","State Route 120, Bull Valley, McHenry County, Illinois, 60097, United States",42.3562581,-88.3584886
72318,THORNTONS #330,I-55 & SR-50,Cicero,IL,290,3.549,"I-55 & SR-50, Cicero, IL, USA","Cicero, Cook County, Illinois, 60804, United States",41.8455398,-87.7540199
72318,THORNTONS #330,I-55 & SR-50,Cicero,IL,290,3.599,"I-55 & SR-50, Cicero, IL, USA","Cicero, Cook County, Illinois, 60804, United States",41.8455398,-87.7540199
72319,THORNTONS #5,I-55 & SR-50,Cicero,IL,290,3.599,"I-55 & SR-50, Cicero, IL, USA","Cicero, Cook County, Illinois, 60804, United States",41.8455398,-87.7540199
72319,THORNTONS #5,I-55 & SR-50,Cicero,IL,290,3.649,"I-55 & SR-50, Cicero, IL, USA","Cicero, Cook County, Illinois, 60804, United States",41.8455398,-87.7540199
72320,THORNTONS #616,SR-265,Lebanon,TN,460,2.87566666,"SR-265, Lebanon, TN, USA","Central Pike, Lebanon, Wilson County, Middle Tennessee, Tennessee, 37071, United States",36.1300666,-86.3982581
72324,TREE CITY TRAVEL PLAZA,US-421,Greensburg,IN,375,3.989,"US-421, Greensburg, IN, USA","US 421, Greensburg, Decatur County, Indiana, 47240, United States",39.3482818,-85.4980274
72325,TREX MART #17,I-29 & SR-371,Platte City,MO,400,2.999,"I-29 & SR-371, Platte City, MO, USA","Platte City, Platte County, Missouri, 64079, United States",39.3671841,-94.7795799
72328,Tropic Fleet Hialeah Cardlock,SR-953 & SR-934,Miami                                   ,FL,95,3.479,"SR-953 & SR-934, Miami                                   , FL, USA","Miami, Miami-Dade County, Florida, United States",25.7741566,-80.1935973
72329,TROTTERS,SR-2 ,Broken Bow                              ,NE,475,3.299,"SR-2 , Broken Bow                              , NE, USA","Broken Bow, Custer County, Nebraska, 68822, United States",41.4018116,-99.6393288
72330,TRUE NORTH #325,SR-57 & SR-113,Elyria,OH,414,3.679,"SR-57 & SR-113, Elyria, OH, USA","Elyria, Lorain County, Ohio, 44035, United States",41.3673191,-82.1073583
72331,TUPELO TRAVEL STOP,SR-48 & SR-3,Tupelo,OK,569,2.999,"SR-48 & SR-3, Tupelo, OK, USA","Tupelo, Coal County, Oklahoma, 74572, United States",34.6048136,-96.4241692
72332,TXB #82 DBA KWIK CHEK FOOD STORES,US-83,Asherton,TX,693,3.259,"US-83, Asherton, TX, USA","Carter Street, Asherton, Dimmit County, Texas, 78827, United States",28.4404773,-99.7628499
72333,UNITED MARKET,US-84,Blackshear,GA,75,3.76566666,"US-84, Blackshear, GA, USA","US 84;GA 38, Blackshear, Pierce County, Georgia, 31516, United States",31.292125,-82.2572485
72335,VALERO,US-30 & SR-598,Galion,OH,411,3.499,"US-30 & SR-598, Galion, OH, USA","Galion, Crawford County, Ohio, 44833, United States",40.733795,-82.7896471
72337,VALLEY COUNTRY STORE,I-84 & US-93,Jerome,ID,787,3.43233333,"I-84 & US-93, Jerome, ID, USA","Jerome County, Idaho, United States",42.702266,-114.286704
72338,VALLEY MART #05,US-90 & SR-173,Hondo                                   ,TX,740,3.199,"US-90 & SR-173, Hondo                                   , TX, USA","Hondo, Medina County, Texas, 78861, United States",29.3474121,-99.1412026
72339,VP RACING FUEL,US-231 ,Panama City,FL,145,3.499,"US-231 , Panama City, FL, USA","US 231, Panama City, Bay County, Florida, 32401, United States",30.1824481,-85.6507486
72340,WARREN OIL,US-6,Channahon                               ,IL,399,3.779,"US-6, Channahon                               , IL, USA","US 6, Channahon, Aux Sable Township, Grundy County, Illinois, 60447, United States",41.4187415,-88.265661
72340,WARREN OIL,US-6,Channahon                               ,IL,399,3.629,"US-6, Channahon                               , IL, USA","US 6, Channahon, Aux Sable Township, Grundy County, Illinois, 60447, United States",41.4187415,-88.265661
72342,WHITE RIVER,US-231 & SR-58,Bloomfield,IN,546,3.759,"US-231 & SR-58, Bloomfield, IN, USA","Bloomfield, Greene County, Indiana, 47424, United States",39.02631,-86.9379018
72343,WOLF DEN,US-97,Wapato,WA,925,3.409,"US-97, Wapato, WA, USA","US 97, Wapato, Yakima County, Washington, 98951, United States",46.4453101,-120.4302611
72344,WOW FOOD MART,I-75 & US-25,Richmond,KY,410,3.609,"I-75 & US-25, Richmond, KY, USA","Richmond, Madison County, Kentucky, 40475, United States",37.7478572,-84.2946539
72345,YAKAMART,US-97,Toppenish                               ,WA,925,3.509,"US-97, Toppenish                               , WA, USA","Evergreen Highway, Toppenish, Yakima County, Washington, 98948, United States",46.3695645,-120.3202298
72346,Y-NOT STOP,US-165 & SR-10,Oakdale,LA,730,3.699,"US-165 & SR-10, Oakdale, LA, USA","Oakdale, Allen Parish, Louisiana, 71463, United States",30.8147872,-92.6564081
72350,7-ELEVEN #34709,504 N CREGO RD,Dekalb,IL,290,4.439,"504 N CREGO RD, Dekalb, IL, USA","Crego Road, ChicagoWest Business Center, DeKalb, DeKalb Township, DeKalb County, Illinois, 60115, United States",41.8980179,-88.7340747
72360,PUMP & PANTRY #22,SR-91 & SR-11,Burwell,NE,330,3.299,"SR-91 & SR-11, Burwell, NE, USA","Burwell, Garfield County, Nebraska, United States",41.7816186,-99.1353198
72362,PUMP & PANTRY #18,US-281 & CR-11,Doniphan,NE,330,3.30733333,"US-281 & CR-11, Doniphan, NE, USA","Doniphan, Hall County, Nebraska, United States",40.7720422,-98.3709442
72363,PUMP & PANTRY #1,US-30,Grand Island,NE,330,3.30733333,"US-30, Grand Island, NE, USA","West Highway 30, Grand Island, Hall County, Nebraska, 68803, United States",40.9116755,-98.3883774
72373,Rusty Lantern,SR-4 ,Turner                                  ,ME,170,3.899,"SR-4 , Turner                                  , ME, USA","Turner, Androscoggin County, Maine, 04282, United States",44.2565542,-70.2561951
72374,Rusty Lantern,SR-26 & SR-219,West Paris                              ,ME,170,3.96566666,"SR-26 & SR-219, West Paris                              , ME, USA","West Paris, Oxford County, Maine, 04289, United States",44.324339,-70.574112
72376,SUNOCO,US 84 & SR 39,Donalsonville,GA,20,3.499,"US 84 & SR 39, Donalsonville, GA, USA","Donalsonville, Seminole County, Georgia, United States",31.0404625,-84.8790911
72378,EB SUNOCO,SR-3 & SR-28,Muncie,IN,457,3.799,"SR-3 & SR-28, Muncie, IN, USA","Muncie, Delaware County, Indiana, United States",40.1936892,-85.3865271
72380,EXXPRESS MART #12,US-287 & SR-421,Lumberton                               ,TX,610,2.959,"US-287 & SR-421, Lumberton                               , TX, USA","Lumberton, Hardin County, Texas, United States",30.2655322,-94.1991444
72382,EXXPRESS MART #4,SR-105,Beaumont,TX,610,3.199,"SR-105, Beaumont, TX, USA","Gateway Village, 2825, Beaumont, Jefferson County, Texas, United States",30.0587897,-94.1326418
72385,GAS N WASH,I-57 & SR-17,Kankakee                                ,IL,399,3.599,"I-57 & SR-17, Kankakee                                , IL, USA","Kankakee County, Illinois, United States",41.1253903,-87.848682
72387,Williams Fuel Stop,SR-7 & SR-735,Gallipolis,OH,255,3.54066666,"SR-7 & SR-735, Gallipolis, OH, USA","Gallipolis, Gallipolis Township, Gallia County, Ohio, United States",38.809803,-82.2023691
72389,PILOT #1354,US 385,Odessa,TX,710,3.56566666,"US 385, Odessa, TX, USA","North Grant Avenue, Heap, Odessa, Ector County, Texas, 79760, United States",31.8478847,-102.3691688
72390,QUIKTRIP #46,US 169 & SR 266,Tulsa,OK,560,3.14233333,"US 169 & SR 266, Tulsa, OK, USA","Tulsa, Oklahoma, United States",36.1563122,-95.9927516
72391,QUIKTRIP #56,US-169 & SR-11,Tulsa,OK,560,3.14233333,"US-169 & SR-11, Tulsa, OK, USA","Tulsa, Oklahoma, United States",36.1563122,-95.9927516
72395,ALLSUPS #2427,US 84,Gatesville,TX,765,3.00733333,"US 84, Gatesville, TX, USA","West Main Street, Gatesville, Coryell County, Texas, 76528, United States",31.4335537,-97.7860959
72396,RACETRAC #2624,US-1,Marathon                                ,FL,95,3.23566666,"US-1, Marathon                                , FL, USA","Overseas Highway, Marathon Shores, Marathon, Monroe County, Florida, 33050, United States",24.7279259,-81.041642
72400,HAN DEE HUGOS #21,US-17 & SR-87,Winnabow                                ,NC,245,3.41233333,"US-17 & SR-87, Winnabow                                , NC, USA","Winnabow, Brunswick County, North Carolina, 28479, United States",34.1493374,-78.0936046
72402,HAN DEE HUGOS #5,SR-410 & SR-211,Bladenboro                              ,NC,63,3.20566666,"SR-410 & SR-211, Bladenboro                              , NC, USA","Bladenboro, Bladen County, North Carolina, United States",34.5386768,-78.7875887
72403,HAN DEE HUGOS #67,US-70,Raleigh                                 ,NC,177,3.999,"US-70, Raleigh                                 , NC, USA","Glenwood Avenue, Raleigh, Wake County, North Carolina, 27676, United States",35.897593,-78.7603185
72408,JOURNEY FOOD STORE #2,US-301,Callahan,FL,75,3.399,"US-301, Callahan, FL, USA","US 301, Callahan, Nassau County, Florida, 32011, United States",30.5544248,-81.8406216
72412,KELLEYS MARKET,US-20,Cherry Valley,IL,520,3.699,"US-20, Cherry Valley, IL, USA","I 39;US 20;US 51, Perryville, Cherry Valley, Cherry Valley Township, Winnebago County, Illinois, 61016, United States",42.2210848,-88.9899877
72413,TROPIC OIL COMPANY,SR-17,Lake Wales,FL,140,3.499,"SR-17, Lake Wales, FL, USA","5th Street, Lake Wales, Polk County, Florida, 33853, United States",27.8947298,-81.5813594
72418,SHELL,SR-953,Miami                                   ,FL,95,3.479,"SR-953, Miami                                   , FL, USA","Northwest 42nd Avenue, Miami, Miami-Dade County, Florida, 33125, United States",25.7847774,-80.2641728
72420,MAVERIK COUNTRY STORE #620,SR-8,Saint George,UT,791,3.46233333,"SR-8, Saint George, UT, USA","East Saint George Boulevard, Middleton, St. George, Washington County, Utah, 84690, United States",37.1097636,-113.553483
72424,MIDDLESEX FOOD STORE,CR-604,Carteret                                ,NJ,79,3.51566666,"CR-604, Carteret                                , NJ, USA","Roosevelt Avenue, Chrome, Carteret, Middlesex County, New Jersey, 07008, United States",40.5714941,-74.225485
72428,QUIKTRIP #7249,US 80 E,Flowood,MS,705,2.91566666,"US 80 E, Flowood, MS, USA","US Foods - Jackson, Flowood, Rankin County, Mississippi, United States",32.3046299,-90.1368671
72429,PARKERS #16 (DISCOUNT AVAILABLE),SR-21,Port Wentworth                          ,GA,195,3.10566666,"SR-21, Port Wentworth                          , GA, USA","PGS USA, 200, Expansion Boulevard, Port Wentworth, Chatham County, Georgia, 31418, United States",32.1677458,-81.1957138
72430,PATRIOT FUELING CENTER,SR-9,Lineville,AL,587,3.299,"SR-9, Lineville, AL, USA","State Route 9, Lineville, Clay County, Alabama, 36266, United States",33.3396786,-85.7293492
72432,Yesway #1203,SR-6,Clifton,TX,765,2.969,"SR-6, Clifton, TX, USA","Clifton, Bosque County, Texas, 76634, United States",31.7800712,-97.5793301
72433,RENFROE STORE,SR-25,Carthage,MS,705,4.099,"SR-25, Carthage, MS, USA","Sammy Wilson State Route, Carthage, Leake County, Mississippi, 39051, United States",32.7609376,-89.5171868
72437,Tropic Oil,US-191,Moab                                    ,UT,810,4.169,"US-191, Moab                                    , UT, USA","Main Street, Moab, Grand County, Utah, 84532, United States",38.5740628,-109.5507783
72440,Rutters #84,US-15 & SR-340,Emmitsburg,MD,22,3.91566666,"US-15 & SR-340, Emmitsburg, MD, USA","Emmitsburg, Frederick County, Maryland, United States",39.7045417,-77.3269307
72441,SHEETZ #165,US-6,Coudersport,PA,240,3.699,"US-6, Coudersport, PA, USA","East Second Street, Lymansville, Coudersport, Potter County, Pennsylvania, 16915, United States",41.7752225,-77.9923238
72446,SHEETZ #656,US-219 & US-6,Kane,PA,240,3.699,"US-219 & US-6, Kane, PA, USA","Kane, McKean County, Pennsylvania, 16735, United States",41.6628394,-78.8111427
72448,SHELL SERVICE STATION,SR-55,Morrison,TN,285,3.499,"SR-55, Morrison, TN, USA","Manchester Highway, Hiawassee, Morrison, Warren County, Middle Tennessee, Tennessee, 37110, United States",35.6217273,-85.8788475
72458,7-ELEVEN #41335,SR-80 & SR-29,Labelle,FL,225,3.599,"SR-80 & SR-29, Labelle, FL, USA","LaBelle, Hendry County, Florida, 33935, United States",26.7615384,-81.4385828
72468,Springerville Cardlock,US-191,Springerville,AZ,930,3.259,"US-191, Springerville, AZ, USA","West Main Street, Springerville, Apache County, Arizona, 85925, United States",34.1552952,-109.2998915
72473,Loves Travel Stop #885,US 77,Harlingen,TX,665,3.649,"US 77, Harlingen, TX, USA","U.S. Highway 77, Harlingen, Cameron County, Texas, 78552, United States",26.2131951,-97.7212259
72475,Express 24,SR-77 & US-60,Show Low                                ,AZ,930,3.299,"SR-77 & US-60, Show Low                                , AZ, USA","Show Low, Navajo County, Arizona, 85901, United States",34.2542084,-110.029832
72477,Racetrac #2618,US-231 & CR-8,Huntsville,AL,615,2.95066666,"US-231 & CR-8, Huntsville, AL, USA","Huntsville, Madison County, Alabama, United States",34.729847,-86.5859011
72478,Racetrac #2621,SR-53,Huntsville,AL,615,3.099,"SR-53, Huntsville, AL, USA","US 72 Alternate;SR 20, Huntsville, Limestone County, Alabama, 35649, United States",34.629025,-86.8955797
72479,CEFCO #2086,US 180 & 84,Snyder,TX,700,2.96566666,"US 180 & 84, Snyder, TX, USA","25th Street, Snyder, Scurry County, Texas, 79549, United States",32.7172851,-100.9265331
72480,TA Mt Vernon,I-44,Mount Vernon,MO,535,3.404,"I-44, Mount Vernon, MO, USA","I 44, Mount Vernon, Lawrence County, Missouri, 65712, United States",37.0856176,-93.8213524
72481,CASEYS #4323,SR-57 & SR-60,Wanamingo                               ,MN,451,3.499,"SR-57 & SR-60, Wanamingo                               , MN, USA","Wanamingo, Goodhue County, Minnesota, 55983, United States",44.3043907,-92.7906122
72485,ALLSUPS CONVENIENCE STORE #2160,US 70,Roswell,NM,593,3.25566666,"US 70, Roswell, NM, USA","West 2nd Street, Roswell, Chaves County, New Mexico, 88201, United States",33.3942611,-104.5724757
72489,CASEYS #3987,LINCOLN HWY,Wanatah,IN,465,3.71566666,"LINCOLN HWY, Wanatah, IN, USA","Lincoln Highway, Wanatah, LaPorte County, Indiana, 46390, United States",41.4343533,-86.9190579
72490,ASAP GENERAL STORE #322,US-281,Hinton,OK,483,3.13233333,"US-281, Hinton, OK, USA","US 281;OK 8, Hinton, Caddo County, Oklahoma, United States",35.4777102,-98.3551844
72492,CIRCLE K #2709098,US 85,Greeley,CO,800,3.21066666,"US 85, Greeley, CO, USA","Highway 85, Greeley, Weld County, Colorado, 80631, United States",40.4210241,-104.6789198
72499,Bowie Travel Center,I-10,Bowie,AZ,980,3.099,"I-10, Bowie, AZ, USA","Benson–Steins Pass Highway, Bowie, Cochise County, Arizona, 85605, United States",32.3175575,-109.4841926
72499,One9 dba Bowie Travel Center,I-10,Bowie,AZ,980,3.059,"I-10, Bowie, AZ, USA","Benson–Steins Pass Highway, Bowie, Cochise County, Arizona, 85605, United States",32.3175575,-109.4841926
72499,Bowie Travel Center Chevron dba One9 #1411,I-10,Bowie,AZ,980,3.014,"I-10, Bowie, AZ, USA","Benson–Steins Pass Highway, Bowie, Cochise County, Arizona, 85605, United States",32.3175575,-109.4841926
72500,GAS N WASH,US 34,Plano,IL,290,3.499,"US 34, Plano, IL, USA","US 34, Plano, Little Rock Township, Kendall County, Illinois, 60545, United States",41.6623699,-88.4978176
72500,GAS N WASH,US 34,Plano,IL,290,3.599,"US 34, Plano, IL, USA","US 34, Plano, Little Rock Township, Kendall County, Illinois, 60545, United States",41.6623699,-88.4978176
72505,CASEYS #4379,I-59 HWY,Worthington,MN,530,3.14233333,"I-59 HWY, Worthington, MN, USA","MN Highway 60, Sungold Heights Mobile Home Park, Worthington, Nobles County, Minnesota, 56187, United States",43.63755,-95.5654831
72506,CASEYS #4273,SR-56,Madison,IN,375,3.699,"SR-56, Madison, IN, USA","Park Avenue, Madison, Jefferson County, Indiana, 47250, United States",38.7343859,-85.3660757
72507,Golden Gate Fillmore,SR 99,Fillmore,UT,791,3.29733333,"SR 99, Fillmore, UT, USA","South Main Street, Fillmore, Millard County, Utah, 84631, United States",38.9656648,-112.3236555
72510,STUCK FLEET FUELING,US-19,Waynesburg,PA,165,4.499,"US-19, Waynesburg, PA, USA","East Greene Street, Waynesburg, Greene County, Pennsylvania, 15370, United States",39.8951739,-80.1814937
72514,Petro-Card 24 #910722,SR-6,Trenton                                 ,MO,276,3.149,"SR-6, Trenton                                 , MO, USA","Trenton, Grundy County, Missouri, 64683, United States",40.0789018,-93.6166074
72519,CIRCLE K #2723050,SR-59,Hope Mills,NC,205,2.909,"SR-59, Hope Mills, NC, USA","Car Wash USA Express, 3323, North Main Street, Golfer Acres, Hope Mills, Cumberland County, North Carolina, 28348, United States",34.9785211,-78.9562412
72520,PETRO-CARD 24 #910160,US-50,Warrensburg                             ,MO,400,3.299,"US-50, Warrensburg                             , MO, USA","US 50, Warrensburg, Johnson County, Missouri, 64093, United States",38.7751606,-93.7330091
72521,PETRO-CARD 24 #910410,I-44/US-66,Lebanon                                 ,MO,535,3.099,"I-44/US-66, Lebanon                                 , MO, USA","West Elm Street, West Lebanon, Lebanon, Laclede County, Missouri, 65536, United States",37.6577943,-92.6676284
72522,MFA #910591,US-63 ,La Plata,MO,494,3.339,"US-63 , La Plata, MO, USA","US 63, La Plata, Macon County, Missouri, United States",39.9692859,-92.4764364
72524,QuickChek #189,US-46,Ridgefield,NJ,115,3.25233333,"US-46, Ridgefield, NJ, USA","US 46, Morsemere, Ridgefield, Bergen County, New Jersey, 97657, United States",40.8439712,-74.0072114
72526,PETRO-CARD 24 #911251,US-169,King City                               ,MO,567,3.299,"US-169, King City                               , MO, USA","South Connecticut Street, King City, Jackson Township, Gentry County, Missouri, 64463, United States",40.0469664,-94.5251085
72529,PETRO-CARD 24 #910530,US-24,Moberly                                 ,MO,310,3.419,"US-24, Moberly                                 , MO, USA","US 24, Moberly, Randolph County, Missouri, 65270, United States",39.4414773,-92.4325155
72530,PETRO-CARD 24 #910140,US-50 BUS,California                              ,MO,392,3.459,"US-50 BUS, California                              , MO, USA","West Buchanan Street, California, Moniteau County, Missouri, 65018, United States",38.6353743,-92.5875241
72531,PETRO-CARD 24 #910040,US-60 BUS,Aurora,MO,416,3.209,"US-60 BUS, Aurora, MO, USA","US 54 Bus;MO 52, Aurora Springs, Miller County, Missouri, 65026, United States",38.316009,-92.5881168
72533,Fuel 4,US-9,Jersey City,NJ,115,3.239,"US-9, Jersey City, NJ, USA","Tonnelle Avenue, Croxton, Journal Square, Jersey City, Hudson County, New Jersey, 07047, United States",40.7458635,-74.0621693
72534,Petro-Card 24 #911290,US-59,Mound City                              ,MO,567,3.149,"US-59, Mound City                              , MO, USA","5th Street, Mound City, Holt County, Missouri, 64470, United States",40.1312501,-95.2305891
72535,MFA #911310,SR-5,Centerville                             ,IA,489,3.12566666,"SR-5, Centerville                             , IA, USA","Centerville, Appanoose County, Iowa, 52544, United States",40.7344306,-92.8742102
72536,MFA 910281,SR-5 ,Milan,MO,276,3.299,"SR-5 , Milan, MO, USA","Milan, Sullivan County, Missouri, 63556, United States",40.202346,-93.125267
72537,PETRO-CARD 24 #910210,SR-7,Clinton                                 ,MO,400,3.399,"SR-7, Clinton                                 , MO, USA","Clinton, Henry County, Missouri, 64735, United States",38.3686325,-93.7782689
72540,MFA #910441,US-54,Louisiana                               ,MO,494,3.049,"US-54, Louisiana                               , MO, USA","US 54, Elmwood, Louisiana, Pike County, Missouri, 63353, United States",39.4444128,-91.0764535
72541,MFA 911021,US-136 ,Tarkio                                  ,MO,567,3.329,"US-136 , Tarkio                                  , MO, USA","Walnut Street, Tarkio, Atchison County, Missouri, 64491, United States",40.4377904,-95.3804119
72542,MFA #910731,SR-15,Shelbina                                ,MO,494,2.999,"SR-15, Shelbina                                , MO, USA","Shelbina, Shelby County, Missouri, 63468, United States",39.6939275,-92.0429502
72543,PETRO CARD 24,SR-18,Clinton                                 ,MO,400,3.399,"SR-18, Clinton                                 , MO, USA","Clinton, Henry County, Missouri, 64735, United States",38.3686325,-93.7782689
72544,BJS NEW UNDERWOOD,CR-1416,New Underwood,SD,506,3.699,"CR-1416, New Underwood, SD, USA","Highway 1416, New Underwood, Pennington County, South Dakota, 57761, United States",44.0962906,-102.8209058
72546,MFA OIL #2028,SR-53,Poplar Bluff                            ,MO,275,3.23233333,"SR-53, Poplar Bluff                            , MO, USA","USA Storage, 1921, Westmoor Drive, Poplar Bluff, Butler County, Missouri, 63901, United States",36.7744622,-90.4189786
72548,GASQUATCH,US-70/SR-3,Idabel,OK,723,3.10733333,"US-70/SR-3, Idabel, OK, USA","Wayne Crusoe Memorial Highway, Idabel, McCurtain County, Oklahoma, United States",33.9337295,-94.8927998
72551,Good 2 Go,US-81,Geneva,NE,350,3.36566666,"US-81, Geneva, NE, USA","Geneva, Fillmore County, Nebraska, 68361, United States",40.5257539,-97.6027667
72554,CEFCO #422,SR-4,Baker,FL,127,3.299,"SR-4, Baker, FL, USA","Highway 4, Baker, Okaloosa County, Florida, United States",30.7959434,-86.6819564
72556,STARMART,US-183,Goldthwaite,TX,765,3.099,"US-183, Goldthwaite, TX, USA","US 84;US 183;TX 16, Goldthwaite, Mills County, Texas, 76844, United States",31.477592,-98.5693712
72558,Circle K #4703975,SR-109 & US-70,Lebanon,TN,460,2.87233333,"SR-109 & US-70, Lebanon, TN, USA","Lebanon, Wilson County, Middle Tennessee, Tennessee, United States",36.2079779,-86.2910945
72560,AMOCO,US 131 & US 12,White Pigeon,MI,465,3.559,"US 131 & US 12, White Pigeon, MI, USA","White Pigeon, Saint Joseph County, Michigan, United States",41.7981056,-85.6433229
72560,AMOCO,US 131 & US 12,White Pigeon,MI,465,3.599,"US 131 & US 12, White Pigeon, MI, USA","White Pigeon, Saint Joseph County, Michigan, United States",41.7981056,-85.6433229
72561,7-ELEVEN #38638,I-25 Exit 235,Erie,CO,800,3.399,"I-25 Exit 235, Erie, CO, USA","Attraction Exit, Sandusky, Erie County, Ohio, 44870, United States",41.4815962,-82.687419
72565,WEIGEL'S #102,I-75 & SR-30,Athens,TN,405,3.34733333,"I-75 & SR-30, Athens, TN, USA","Athens, McMinn County, East Tennessee, Tennessee, United States",35.4428864,-84.5930113
72567,THE TEXAN #12,US 87,La Vernia,TX,740,3.049,"US 87, La Vernia, TX, USA","Chihuahua East, La Vernia, Wilson County, Texas, 78121, United States",29.3549297,-98.1113991
72569,RACETRAC #204,US-19 & SR-400,Dawsonville                             ,GA,18,3.319,"US-19 & SR-400, Dawsonville                             , GA, USA","Dawsonville, Dawson County, Georgia, United States",34.4212053,-84.1190804
72570,Lake View Cheese & Liquor,I-43,Belgium,WI,444,3.25566666,"I-43, Belgium, WI, USA","I 43;WI 32, Lake Church, Town of Belgium, Ozaukee County, Wisconsin, 53004, United States",43.4858806,-87.8308111
72575,Loves Travel Stop #864,US-98,Lucedale,MS,715,3.449,"US-98, Lucedale, MS, USA","US 98, Lucedale, George County, Mississippi, 39452, United States",30.9544998,-88.5841621
72579,Raceway #6986,US-378 & CR-467,Sumter,SC,135,2.979,"US-378 & CR-467, Sumter, SC, USA","Sumter, Sumter County, South Carolina, United States",33.9204354,-80.3414693
72580,KWIK TRIP #1267,SR 29,Chippewa Falls,WI,295,3.39233333,"SR 29, Chippewa Falls, WI, USA","Homestead Senior Village, 320, Chippewa Falls, Chippewa County, Wisconsin, 54729, United States",44.9123533,-91.3858036
72582,FASTRAC MARKET #500242,SR-12 & SR-5A,Utica,NY,235,3.999,"SR-12 & SR-5A, Utica, NY, USA","City of Utica, Oneida County, New York, United States",43.1009031,-75.2326641
72582,FASTRAC MARKET #500242,SR-12 & SR-5A,Utica,NY,235,3.899,"SR-12 & SR-5A, Utica, NY, USA","City of Utica, Oneida County, New York, United States",43.1009031,-75.2326641
72588,ALLSUPS CONVENIENCE #2430,US 380,Jacksboro,TX,630,3.044,"US 380, Jacksboro, TX, USA","West Belknap Street, Jacksboro, Jack County, Texas, 76458, United States",33.2182535,-98.1681028
72589,ALLSUPS CONVENIENCE #2056,US 287,Memphis,TX,585,2.929,"US 287, Memphis, TX, USA","US Highway 287, Memphis, Hall County, Texas, 79245, United States",34.7159934,-100.5264465
72590,MAVERIK #716,I-80 & SR-351,Wells,NV,835,3.39233333,"I-80 & SR-351, Wells, NV, USA","Wells, Elko County, Nevada, 89835, United States",41.1107264,-114.963144
72592,QUIKTRIP #7191,US-45 & I-57,Effingham,IL,510,3.199,"US-45 & I-57, Effingham, IL, USA","Effingham County, Illinois, United States",39.0520902,-88.6029006
72592,QUIKTRIP #7191,US-45 & I-57,Effingham,IL,510,2.999,"US-45 & I-57, Effingham, IL, USA","Effingham County, Illinois, United States",39.0520902,-88.6029006
72594,Quiktrip #7900,I-30 & FM-989,Texarkana,TX,766,2.85733333,"I-30 & FM-989, Texarkana, TX, USA","Texarkana, Bowie County, Texas, United States",33.4466208,-94.0765653
72597,CIRCLE K #4705697,US 422,Warren,OH,573,3.61233333,"US 422, Warren, OH, USA","Parkman Road Northwest, Northfield, Northwest Warren, Warren, Trumbull County, Ohio, 44485, United States",41.2486588,-80.8497808
72599,FATDOGS LEXINGTON,US-283,Lexington                               ,NE,475,2.979,"US-283, Lexington                               , NE, USA","Plum Creek Parkway, Donald Price Mobile Home Park, Lexington, Dawson County, Nebraska, 68850, United States",40.7719233,-99.7395083
72606,PETRO-CARD 24 #910474,US-65,Malta Bend                              ,MO,276,3.439,"US-65, Malta Bend                              , MO, USA","West State Street, Malta Bend, Saline County, Missouri, 65339, United States",39.1934664,-93.3656089
72607,TOWN PUMP FOOD STORE #6300,I-90 & US-191,Big Timber,MT,786,3.539,"I-90 & US-191, Big Timber, MT, USA","Big Timber, Sweet Grass County, Montana, 59011, United States",45.834901,-109.955311
72608,Petro-Card 24 #910640,US-61,Perryville                              ,MO,275,3.099,"US-61, Perryville                              , MO, USA","US 61;MO B, Perryville, Perry County, Missouri, 63775, United States",37.7319332,-89.8624878
72611,Kwik Trip # 1722,SR 35 & SR 553,Gwinn                                   ,MI,395,3.819,"SR 35 & SR 553, Gwinn                                   , MI, USA","Gwinn, Marquette County, Michigan, United States",46.2810556,-87.4409718
72612,PETRO-CARD 24 #910411,I-44 & SR-32,Lebanon                                 ,MO,535,3.099,"I-44 & SR-32, Lebanon                                 , MO, USA","Lebanon, Laclede County, Missouri, 65536, United States",37.6806669,-92.6637835
72614,FAST FUEL FOOD STORES,SR-4,Gassaway                                ,WV,44,3.56566666,"SR-4, Gassaway                                , WV, USA","Gassaway, Braxton County, West Virginia, 26624, United States",38.6732278,-80.7746622
72615,U STOP #4,US-6 ,Lincoln                                 ,NE,413,3.399,"US-6 , Lincoln                                 , NE, USA","West O Street, Crete Carrier Corporation, Lincoln, Lancaster County, Nebraska, 68528, United States",40.8137351,-96.7842301
72620,CENEX,US-2 ,Leeds,ND,452,3.249,"US-2 , Leeds, ND, USA","US 2, Leeds, Benson County, North Dakota, United States",48.2960403,-99.4825624
72622,Phillips 66,US- 60 & HWY AD,Dexter                                  ,MO,275,3.40233333,"US- 60 & HWY AD, Dexter                                  , MO, USA","Dexter, Stoddard County, Missouri, 63841, United States",36.7937232,-89.9559808
72623,LENNYS FOOD N FUEL,US-6,Joliet,IL,296,3.499,"US-6, Joliet, IL, USA","South Ottawa Street, Joliet East Side Historic District, Joliet, Will County, Illinois, 60432, United States",41.5202554,-88.081763
72623,LENNYS FOOD N FUEL,US-6,Joliet,IL,296,3.299,"US-6, Joliet, IL, USA","South Ottawa Street, Joliet East Side Historic District, Joliet, Will County, Illinois, 60432, United States",41.5202554,-88.081763
72623,LENNYS FOOD N FUEL,US-6,Joliet,IL,296,3.399,"US-6, Joliet, IL, USA","South Ottawa Street, Joliet East Side Historic District, Joliet, Will County, Illinois, 60432, United States",41.5202554,-88.081763
72623,LENNYS FOOD N FUEL,US-6,Joliet,IL,296,3.659,"US-6, Joliet, IL, USA","South Ottawa Street, Joliet East Side Historic District, Joliet, Will County, Illinois, 60432, United States",41.5202554,-88.081763
72625,PETRO-CARD 24,SR-46 & US-71,Maryville                               ,MO,567,3.129,"SR-46 & US-71, Maryville                               , MO, USA","Maryville, Polk Township, Nodaway County, Missouri, 64468, United States",40.3460468,-94.8723858
72626,MFA OIL,SR-18,Lake City                               ,AR,418,3.399,"SR-18, Lake City                               , AR, USA","Lake City, Craighead County, Arkansas, United States",35.8180165,-90.4346778
72628,Gas Pro 6,SR-121 & US-25,Trenton                                 ,SC,135,3.46566666,"SR-121 & US-25, Trenton                                 , SC, USA","Trenton, Edgefield County, South Carolina, United States",33.7416558,-81.8423388
72630,PETRO-CARD 24 #910250,US-54 BUS,Fulton                                  ,MO,392,3.299,"US-54 BUS, Fulton                                  , MO, USA","MO H;US 54 BUS, Fulton, Callaway County, Missouri, 65251, United States",38.8205506,-91.9790655
72631,THORNTONS #221348,I-355 & SR-7,Homer Glen,IL,296,3.849,"I-355 & SR-7, Homer Glen, IL, USA","Homer Glen, Will County, Illinois, 60491, United States",41.6000318,-87.9381112
72631,THORNTONS #221348,I-355 & SR-7,Homer Glen,IL,296,3.899,"I-355 & SR-7, Homer Glen, IL, USA","Homer Glen, Will County, Illinois, 60491, United States",41.6000318,-87.9381112
72631,THORNTONS #221348,I-355 & SR-7,Homer Glen,IL,296,3.899,"I-355 & SR-7, Homer Glen, IL, USA","Homer Glen, Will County, Illinois, 60491, United States",41.6000318,-87.9381112
72631,THORNTONS #221348,I-355 & SR-7,Homer Glen,IL,296,3.899,"I-355 & SR-7, Homer Glen, IL, USA","Homer Glen, Will County, Illinois, 60491, United States",41.6000318,-87.9381112
72631,THORNTONS #221348,I-355 & SR-7,Homer Glen,IL,296,3.849,"I-355 & SR-7, Homer Glen, IL, USA","Homer Glen, Will County, Illinois, 60491, United States",41.6000318,-87.9381112
72631,THORNTONS #221348,I-355 & SR-7,Homer Glen,IL,296,3.899,"I-355 & SR-7, Homer Glen, IL, USA","Homer Glen, Will County, Illinois, 60491, United States",41.6000318,-87.9381112
72633,Petro-Card 24 #910830,SR-52,Windsor                                 ,MO,400,3.499,"SR-52, Windsor                                 , MO, USA","Missouri State Road, Paulina Hills, Arnold, Windsor Township, Jefferson County, Missouri, 63010, United States",38.4454761,-90.4078999
72634,MURPHY USA #7827,US-385 & US-60,Hereford                                ,TX,585,2.829,"US-385 & US-60, Hereford                                , TX, USA","Hereford, Deaf Smith County, Texas, 79045, United States",34.8245521,-102.398778
72639,ALLSUPS #2423,US-377 & US-70,Madill,OK,253,2.959,"US-377 & US-70, Madill, OK, USA","Madill, Marshall County, Oklahoma, 73446, United States",34.0902508,-96.7715618
72640,Kwik Trip # 1721,SR 553 & FM 480,Marquette                               ,MI,395,3.819,"SR 553 & FM 480, Marquette                               , MI, USA","Marquette County, Michigan, United States",46.4481521,-87.6305899
72642,LOVES TRAVEL STOP #857,US-95 & US-6,Tonopah,NV,910,3.71566666,"US-95 & US-6, Tonopah, NV, USA","Tonopah, Nye County, Nevada, United States",38.100063,-117.2250609
72646,TOOT N TOTUM #131,US 87,Lamesa,TX,710,3.109,"US 87, Lamesa, TX, USA","South Lynn Avenue, Lamesa, Dawson County, Texas, 79331, United States",32.725537,-101.9468914
72647,RACEWAY #6972,US-83 & US-43,Demopolis,AL,615,3.07733333,"US-83 & US-43, Demopolis, AL, USA","Demopolis, Marengo County, Alabama, 36732, United States",32.5178284,-87.8368201
72648,Loves Travel Stop #873,US 50,Canon City,CO,803,3.509,"US 50, Canon City, CO, USA","Royal Gorge Boulevard, Cañon City, Fremont County, Colorado, 81212, United States",38.4449444,-105.2291018
72649,Love's Travel Stop #891,US 93,Jackpot,NV,835,3.62733333,"US 93, Jackpot, NV, USA","US 93 Old, Jackpot, Elko County, Nevada, 89825, United States",41.9533443,-114.6833426
72652,Quiktrip #4148,I-35 & GRAND AVE PKWY,Pflugerville,TX,595,2.88233333,"I-35 & GRAND AVE PKWY, Pflugerville, TX, USA","Grand Avenue Parkway, Pflugerville, Travis County, Texas, 78664, United States",30.4669093,-97.6440907
72655,RACEWAY #6988,US-79 & US-41,Clarksville,TN,460,2.999,"US-79 & US-41, Clarksville, TN, USA","Clarksville, Montgomery County, Middle Tennessee, Tennessee, United States",36.5277607,-87.3588703
72656,ALLSUPS #2437,HWY 176 & HWY 115,Andrews,TX,710,3.39566666,"HWY 176 & HWY 115, Andrews, TX, USA","Andrews County, Texas, 79714, United States",32.2690953,-102.6042447
72660,RACEWAY #6989,US-157 & COURT ST ,Moulton,AL,615,3.049,"US-157 & COURT ST , Moulton, AL, USA","Court Street, Moulton, Lawrence County, Alabama, 35650, United States",34.4815826,-87.3056406
72663,LOC STOP TRAVEL CENTER,US-82,Dawson,GA,10,3.499,"US-82, Dawson, GA, USA","Rountree Drive Southwest, Dawson, Terrell County, Georgia, 31742, United States",31.7663303,-84.446946
72672,7-Eleven #42205,US 79,Hearne,TX,765,3.449,"US 79, Hearne, TX, USA","South Market Street, Hearne, Robertson County, Texas, 77859, United States",30.8796593,-96.593861
72677,KWIK TRIP #1256,SR 2 E,Iron Mountain,MI,360,3.279,"SR 2 E, Iron Mountain, MI, USA","East F Street, Iron Mountain, Dickinson County, Michigan, 49802, United States",45.8136898,-88.0643687
72677,KWIK TRIP #1256,SR 2 E,Iron Mountain,MI,360,3.399,"SR 2 E, Iron Mountain, MI, USA","East F Street, Iron Mountain, Dickinson County, Michigan, 49802, United States",45.8136898,-88.0643687
72677,KWIK TRIP #1256,SR 2 E,Iron Mountain,MI,360,3.289,"SR 2 E, Iron Mountain, MI, USA","East F Street, Iron Mountain, Dickinson County, Michigan, 49802, United States",45.8136898,-88.0643687
72679,TEX BEST #532,US-281 & HWY 186,Edinburg,TX,639,3.02066666,"US-281 & HWY 186, Edinburg, TX, USA","Edinburg, Hidalgo County, Texas, United States",26.3013982,-98.1624501
72680,RACEWAY #6990,US-98,Foley,AL,155,3.07566666,"US-98, Foley, AL, USA","East Laurel Avenue, Foley, Baldwin County, Alabama, 36535, United States",30.4068429,-87.6651404
72683,HUCKS FOOD & FUEL #383,SR-57,Evansville                              ,IN,340,3.759,"SR-57, Evansville                              , IN, USA","SR 57, Evansville, Vanderburgh County, Indiana, 47725, United States",38.0565631,-87.5138953
72691,KUM & GO #2402,US 60,Springfield,MO,535,3.17566666,"US 60, Springfield, MO, USA","James River Freeway, Springfield, Greene County, Missouri, 65807, United States",37.1396309,-93.2852612
72693,Kum & Go #2404,US 60,Aurora,MO,535,3.119,"US 60, Aurora, MO, USA","US 60;MO 265, Aurora, Lawrence County, Missouri, 65605, United States",36.9535918,-93.6993027
72705,SHEETZ #795,US-460 & CR-629,Disputanta,VA,180,2.98233333,"US-460 & CR-629, Disputanta, VA, USA","Disputanta, Prince George County, Virginia, United States",37.1237095,-77.2241782
72713,Kwik Star #1217,FM 11,Sioux Falls,SD,530,2.939,"FM 11, Sioux Falls, SD, USA","Sioux Falls, Sioux Falls Township, Minnehaha County, South Dakota, United States",43.5476008,-96.7293629
72714,LOVES TRAVEL STOP  #771,I-85 & SR-18,West Point,GA,720,3.679,"I-85 & SR-18, West Point, GA, USA","West Point, Troup County, Georgia, United States",32.8772531,-85.183728
72716,RACEWAY #7000,US-1 & SR-40,Folkston,GA,75,3.099,"US-1 & SR-40, Folkston, GA, USA","Folkston, Charlton County, Georgia, 31537, United States",30.8305818,-82.0097846
72719,TA EXPRESS LITTLEFIELD,"I-15, EXIT 8",Littlefield,AZ,910,3.679,"I-15, EXIT 8, Littlefield, AZ, USA","Veterans Memorial Highway, Littlefield, Mohave County, Arizona, 86432, United States",36.8931185,-113.925061
72725,CASEYS #4481,US 75,Denison,TX,253,2.93566666,"US 75, Denison, TX, USA","Katy Memorial Expressway, Frontier Village, Denison, Grayson County, Texas, 75020, United States",33.721443,-96.5855937
72733,Parker's #94,US-17 N,Georgetown,SC,42,2.989,"US-17 N, Georgetown, SC, USA","North Fraser Street, Steele Town, Georgetown, Georgetown County, South Carolina, 29440, United States",33.3740122,-79.2883875
72734,7-ELEVEN #41940,I-95,West Haven,CT,100,3.999,"I-95, West Haven, CT, USA","Governor John Davis Lodge Turnpike, Savin Rock, West Haven, South Central Connecticut Planning Region, Connecticut, 06516, United States",41.274719,-72.9692646
72736,FRIENDLY GUS STORE #12,I-16 Exit 49,Dublin,GA,85,3.27566666,"I-16 Exit 49, Dublin, GA, USA","Jim Gillis Historic Savannah Parkway, Dublin, Laurens County, Georgia, 31040, United States",32.4938289,-82.9630253
72738,BREAK TIME #3172,US-50/US-63,Jefferson City,MO,310,3.33566666,"US-50/US-63, Jefferson City, MO, USA","US 50;US 63, Jefferson City, Cole County, Missouri, 65102, United States",38.5402904,-92.1064825
72739,MAVERIK #712,US 70 & US 54,Alamogordo,NM,640,3.05566666,"US 70 & US 54, Alamogordo, NM, USA","Alamogordo, Otero County, New Mexico, United States",32.8998822,-105.9602081
72743,PEOTONE TRAVEL CENTER,I-57 & SR-25,Peotone,IL,290,3.459,"I-57 & SR-25, Peotone, IL, USA","Peotone, Will County, Illinois, 60468, United States",41.3328083,-87.789758
72743,PEOTONE TRAVEL CENTER,I-57 & SR-25,Peotone,IL,290,3.499,"I-57 & SR-25, Peotone, IL, USA","Peotone, Will County, Illinois, 60468, United States",41.3328083,-87.789758
72747,One9 #1358,"I-40,  EXIT 16",Gallup                                  ,NM,580,3.24566666,"I-40,  EXIT 16, Gallup                                  , NM, USA","I 40, Gallup, McKinley County, New Mexico, United States",35.5325678,-108.7037353
72748,HORIZON TRAVEL PLAZA,US-411,Cartersville,GA,193,2.934,"US-411, Cartersville, GA, USA","US 411;GA 61, Interchange Village, Cartersville, Bartow County, Georgia, 30184, United States",34.2499522,-84.7706108
72754,RACETRAC #2495,US 41 & US 19,Griffin,GA,85,3.229,"US 41 & US 19, Griffin, GA, USA","Griffin, Spalding County, Georgia, United States",33.2467807,-84.2640904
72759,Allsups Convenience Store #2461,US-87 & SR-137,Lamesa,TX,612,3.099,"US-87 & SR-137, Lamesa, TX, USA","Lamesa, Dawson County, Texas, 79331, United States",32.7357287,-101.9550202
72760,RaceWay #6999,US-84 & US-319,Thomasville,GA,20,3.16566666,"US-84 & US-319, Thomasville, GA, USA","Thomasville, Thomas County, Georgia, 31792, United States",30.8365815,-83.9787808
72764,CUMBERLAND FARMS #004783,US-5,East Windsor,CT,100,4.049,"US-5, East Windsor, CT, USA","South Main Street, East Windsor, Capitol Planning Region, Connecticut, 06088, United States",41.8853024,-72.6074343
72765,FASTRAC MARKET #500203,SR-104 & CR-256,Wolcott,NY,190,3.819,"SR-104 & CR-256, Wolcott, NY, USA","Village of Wolcott, Town of Wolcott, Wayne County, New York, United States",43.220622,-76.814958
72765,FASTRAC MARKET #500203,SR-104 & CR-256,Wolcott,NY,190,3.799,"SR-104 & CR-256, Wolcott, NY, USA","Village of Wolcott, Town of Wolcott, Wayne County, New York, United States",43.220622,-76.814958
72769,TOOT N TOTUM #132,US 84,Lubbock,TX,585,2.97066666,"US 84, Lubbock, TX, USA","Clovis Road, Lubbock County, Texas, 79415, United States",33.6272961,-101.9110563
72772,RACEWAY #6998,US-501 & SR-576,Marion,SC,42,3.01566666,"US-501 & SR-576, Marion, SC, USA","Marion County, South Carolina, United States",34.0572007,-79.3987578
72778,KWIK STAR #1208,US-75,Sioux Center,IA,530,3.199,"US-75, Sioux Center, IA, USA","North Main Avenue, Sioux Center, Sioux County, Iowa, 51250, United States",43.0791843,-96.1756086
72781,SHEETZ #774,I-70 & SR-83,New Concord,OH,430,3.059,"I-70 & SR-83, New Concord, OH, USA","New Concord, Union Township, Muskingum County, Ohio, 43762, United States",39.9934992,-81.7338559
72783,SHEETZ #770,I-70 & US-42,London,OH,315,2.999,"I-70 & US-42, London, OH, USA","London, Madison County, Ohio, 43140, United States",39.8864493,-83.448253
72785,GAS N WASH,US 30,Crest Hill,IL,290,3.359,"US 30, Crest Hill, IL, USA","Plainfield Road, Crest Hill, Will County, Illinois, 60403, United States",41.555191,-88.1262613
72785,GAS N WASH,US 30,Crest Hill,IL,290,3.299,"US 30, Crest Hill, IL, USA","Plainfield Road, Crest Hill, Will County, Illinois, 60403, United States",41.555191,-88.1262613
72788,MAVERIK #700,I-25 EXIT 215,Denver,CO,800,3.289,"I-25 EXIT 215, Denver, CO, USA","Exit, Denver, Colorado, 80231, United States",39.6660361,-104.8673054
72791,LOVES TRAVEL STOP #850,SR-491 & RD. G,Cortez,CO,614,3.48233333,"SR-491 & RD. G, Cortez, CO, USA","Cortez, Montezuma County, Colorado, 81321, United States",37.3494528,-108.584073
72798,Casey's #4539,US-75,Rock Rapids                             ,IA,530,3.349,"US-75, Rock Rapids                             , IA, USA","1st Avenue, Rock Rapids, Lyon County, Iowa, 51246, United States",43.4319093,-96.1784812
72808,Allsups Convenience #2463,US-377,Aubrey,TX,630,2.899,"US-377, Aubrey, TX, USA","377, Aubrey, Denton County, Texas, 76258, United States",33.3099089,-96.976171
72811,QUIKTRIP #50,SR-51,Broken Arrow,OK,560,3.129,"SR-51, Broken Arrow, OK, USA","Hartford Villas Senior Apartments, Broken Arrow, Tulsa, Oklahoma, United States",36.0594192,-95.7745992
72812,Kwik Trip #748,US 8,Barron,WI,295,3.664,"US 8, Barron, WI, USA","13 1/2 Avenue, Town of Barron, Barron County, Wisconsin, 54812, United States",45.4007285,-91.8138329
72813,Allsups #2425,Hwy 144,Granbury,TX,630,3.029,"Hwy 144, Granbury, TX, USA","144, Fall Creek Highway, Granbury, Hood County, Texas, 76049, United States",32.4720672,-97.6982081
72819,QUIKTRIP #7925,I-69W,Laredo,TX,693,2.85066666,"I-69W, Laredo, TX, USA","West Bob Bullock Loop, San Isidro Ranch, Laredo, Webb County, Texas, 78045, United States",27.6078145,-99.4960779
72820,QUARLES #54232,us-385,Crane                                   ,TX,710,3.88566666,"us-385, Crane                                   , TX, USA","US 385, Boston Estates, Crane County, Texas, 79731, United States",31.3810458,-102.3484014
72821,QUARLES #54231,CR-23 & CR-33,Eunice                                  ,NM,593,3.699,"CR-23 & CR-33, Eunice                                  , NM, USA","Eunice, Lea County, New Mexico, 88231, United States",32.4388224,-103.159002
72822,QUARLES #54225,US-83,Abilene                                 ,TX,575,3.499,"US-83, Abilene                                 , TX, USA","Texas Vietnam Veterans Memorial Highway, Abilene, Taylor County, Texas, 79602, United States",32.3623347,-99.7423963
72827,QUARLES #54259,FM-1936,Odessa                                  ,TX,710,3.699,"FM-1936, Odessa                                  , TX, USA","FM 1936, West Odessa, Odessa, Ector County, Texas, 79763, United States",31.8102148,-102.4334317
72828,QUARLES #54250,US-80,Abilene                                 ,TX,575,3.31233333,"US-80, Abilene                                 , TX, USA","I 20, Abilene, Taylor County, Texas, 79601, United States",32.479545,-99.7031925
72831,QUARLES #54262,CR-64,Hobbs                                   ,NM,593,3.699,"CR-64, Hobbs                                   , NM, USA","West Bender Boulevard, Hobbs, Lea County, New Mexico, 88240, United States",32.7257614,-103.147829
72837,QUARLES #54284,US-285,Loving                                  ,NM,593,3.799,"US-285, Loving                                  , NM, USA","South 8th Street, Loving, Eddy County, New Mexico, 88256, United States",32.2828481,-104.1010404
72839,QUARLES #54293,CR-64,Hobbs                                   ,NM,593,3.699,"CR-64, Hobbs                                   , NM, USA","West Bender Boulevard, Hobbs, Lea County, New Mexico, 88240, United States",32.7257614,-103.147829
72841,QUARLES #54296,SR-214 & CR-370,Denver City,TX,700,3.799,"SR-214 & CR-370, Denver City, TX, USA","Denver City, Yoakum County, Texas, 79323, United States",32.9679571,-102.8293851
72844,QUARLES #54332,US-285,Pecos                                   ,TX,710,3.759,"US-285, Pecos                                   , TX, USA","East Dickinson Boulevard, Fort Stockton, Pecos County, Texas, 79735, United States",30.8930828,-102.8782743
72847,QUARLES #54341,US-87,Big Spring                              ,TX,612,3.649,"US-87, Big Spring                              , TX, USA","South US Highway 87, Big Spring, Howard County, Texas, 79721, United States",32.2185926,-101.4713408
72848,QUARLES #54347,US-67 ,Rankin,TX,710,3.699,"US-67 , Rankin, TX, USA","Trooper Sammy Long Memorial HIghway, Rankin, Upton County, Texas, 79778, United States",31.2200003,-101.9441695
72849,QUARLES #54349,CR-1140,Midland                                 ,TX,710,3.66566666,"CR-1140, Midland                                 , TX, USA","North County Road 1140, Chub, Midland County, Texas, 79705, United States",32.0244324,-102.0017238
72851,QUARLES #54367,FM-1787,Midland,TX,710,3.799,"FM-1787, Midland, TX, USA","Farm-to-Market Road 1787, Stonewater Country Club, Ragsdale, Midland County, Texas, 79761, United States",31.6564417,-102.2492242
72855,GAS N WASH,SR 59,Plainfield,IL,399,3.559,"SR 59, Plainfield, IL, USA","Taekwondo USA, Plainfield Road, Darien, DuPage County, Illinois, 60561, United States",41.7501406,-87.9748423
72855,GAS N WASH,SR 59,Plainfield,IL,399,3.599,"SR 59, Plainfield, IL, USA","Taekwondo USA, Plainfield Road, Darien, DuPage County, Illinois, 60561, United States",41.7501406,-87.9748423
72857,7-ELEVEN #42019,SR-3 & SR-4,Yukon,OK,483,3.159,"SR-3 & SR-4, Yukon, OK, USA","Yukon, Canadian County, Oklahoma, United States",35.5067259,-97.7625386
72859,CASEYS #4286,SR-32,Crawfordsville,IN,375,3.56233333,"SR-32, Crawfordsville, IN, USA","West South Boulevard, Crawfordsville, Montgomery County, Indiana, 47933, United States",40.0250138,-86.9043188
72863,Double Quick #92,US-61,Cleveland,MS,655,3.18233333,"US-61, Cleveland, MS, USA","US 61;US 278, D.E.H. Trucking Inc., Cleveland, Bolivar County, Mississippi, 38732, United States",33.7705401,-90.7158846
72864,SUNSTOP #430,US-27,Bainbridge,GA,20,3.599,"US-27, Bainbridge, GA, USA","Colquitt Highway, Bainbridge, Decatur County, Georgia, 31717, United States",30.891781,-84.5715559
72872,QUIKTRIP #7926,US 59 & SR 20,Laredo,TX,693,2.859,"US 59 & SR 20, Laredo, TX, USA","Laredo, Webb County, Texas, United States",27.5079211,-99.5069834
72879,QUIKTRIP #4002,US-87,Comfort,TX,595,2.96566666,"US-87, Comfort, TX, USA","I 10;US 87, Comfort, Kendall County, Texas, 78013, United States",29.9692543,-98.8924995
72880,PARKERS #97,US 80,Bloomingdale,GA,195,3.03233333,"US 80, Bloomingdale, GA, USA","US Highway 80 West, Pooler, Chatham County, Georgia, 31322, United States",32.1232215,-81.2704376
72885,RACEWAY #6960,US-431 & Westgate PKWY,Dothan                                  ,AL,10,3.199,"US-431 & Westgate PKWY, Dothan                                  , AL, USA","Westgate Parkway, Dothan, Houston County, Alabama, 36303, United States",31.2715619,-85.3981291
72886,PILOT #1381,US-190 & Rose Marie Blvd,Hearne,TX,670,3.499,"US-190 & Rose Marie Blvd, Hearne, TX, USA","Rose Marie Boulevard, Hearne, Robertson County, Texas, 77859, United States",30.8715767,-96.5881792
72888,STRIPES #42591,US-87,Mason                                   ,TX,595,3.299,"US-87, Mason                                   , TX, USA","San Antonio Street, Mason, Mason County, Texas, 79856, United States",30.7426827,-99.2252384
72893,Racetrac #2586,I-95 & 20th ST,Vero Beach,FL,140,3.159,"I-95 & 20th ST, Vero Beach, FL, USA","20th Street, Vero Beach, Indian River County, Florida, 32690, United States",27.6379398,-80.3801261
72894,Allsups Convenience Store #2458,US-287 & FM-1655,Alvord,TX,630,2.899,"US-287 & FM-1655, Alvord, TX, USA","South Wickham Street, Alvord, Wise County, Texas, 76225, United States",33.3573904,-97.695603
72895,Allsups#2465,SR 7,Davis,OK,569,2.96733333,"SR 7, Davis, OK, USA","Davis, Murray County, Oklahoma, United States",34.5034796,-97.1188924
72896,PILOT #1283,I-45 & SR-31,Corsicana,TX,630,3.04233333,"I-45 & SR-31, Corsicana, TX, USA","Corsicana, Navarro County, Texas, United States",32.0938236,-96.464675
72899,RACEWAY #7002,US 79 & 59,Carthage,TX,766,2.82066666,"US 79 & 59, Carthage, TX, USA","Northeast Loop, Carthage, Panola County, Texas, 75633, United States",32.1748426,-94.3245673
72901,FATDOGS GRAND ISLAND TRAVEL CENTER,I-80 & HWY 281,Grand Island,NE,330,2.979,"I-80 & HWY 281, Grand Island, NE, USA","Grand Island, Hall County, Nebraska, United States",40.924271,-98.338685
72902,CIRCLE K #2704593,SR-24 &  SR-690,Spring Lake,NC,63,3.079,"SR-24 &  SR-690, Spring Lake, NC, USA","Spring Lake, Cumberland County, North Carolina, United States",35.1679396,-78.9728056
72903,Kent Kwik #221,SR-338,Odessa,TX,710,2.989,"SR-338, Odessa, TX, USA","The Park's Senior Living, Mission, Odessa, Midland County, Texas, United States",31.9101342,-102.2860008
72904,CEFCO #112,US-281,Marble Falls,TX,595,2.929,"US-281, Marble Falls, TX, USA","South US Highway 281, Marble Falls, Burnet County, Texas, 76654, United States",30.5611931,-98.2761134
72905,TA EXPRESS PLEASANTON #445,I-37 EXIT 109,Pleasanton,TX,740,3.099,"I-37 EXIT 109, Pleasanton, TX, USA","Atascosa River Regional Park Enter & Exit, Pleasanton, Atascosa County, Texas, 78064, United States",28.9714636,-98.4835437
72916,CASEYS #2562,SR 140 & SR 156,Ellsworth,KS,357,3.46566666,"SR 140 & SR 156, Ellsworth, KS, USA","Ellsworth County, Kansas, United States",38.6942009,-98.2149289
72922,SUNOCO,SR-640,Willoughby                              ,OH,305,3.859,"SR-640, Willoughby                              , OH, USA","Vine Street, Willoughby, Lake County, Ohio, 44094, United States",41.6425608,-81.4235738
72923,76,US-84,Brookhaven                              ,MS,620,3.149,"US-84, Brookhaven                              , MS, USA","US 84, Brookhaven, Lincoln County, Mississippi, 39601, United States",31.5463373,-90.4436467
72924,SHERMAN TRAVEL CENTER,SR-9 ,Senatobia,MS,435,3.029,"SR-9 , Senatobia, MS, USA","Senatobia, Tate County, Mississippi, 38668, United States",34.6187807,-89.9646282
72925,AMOCO,US-52 & SR-340,Darlington,SC,135,3.199,"US-52 & SR-340, Darlington, SC, USA","Darlington County, South Carolina, United States",34.3609331,-79.9438572
72926,Amoco,US-31 & US-10,Scottville,MI,456,3.359,"US-31 & US-10, Scottville, MI, USA","Scottville, Mason County, Michigan, 49454, United States",43.954728,-86.280079
72926,Amoco,US-31 & US-10,Scottville,MI,456,3.399,"US-31 & US-10, Scottville, MI, USA","Scottville, Mason County, Michigan, 49454, United States",43.954728,-86.280079
72926,Amoco,US-31 & US-10,Scottville,MI,456,3.379,"US-31 & US-10, Scottville, MI, USA","Scottville, Mason County, Michigan, 49454, United States",43.954728,-86.280079
72927,Bell Stores #165,US-30 ,Wooster,OH,249,3.51566666,"US-30 , Wooster, OH, USA","East Lincoln Way, Wooster, Wooster Township, Wayne County, Ohio, 44691, United States",40.7925239,-81.9222476
72935,Circle K #2722258,US-17 & SR-40,Pierson,FL,140,3.40233333,"US-17 & SR-40, Pierson, FL, USA","Pierson, Volusia County, Florida, 32180, United States",29.2393293,-81.4652728
72936,Circle K #2707549,SR-471 & SR-48,Bushnell,FL,140,3.499,"SR-471 & SR-48, Bushnell, FL, USA","Bushnell, Sumter County, Florida, United States",28.6644827,-82.1117399
72940,Circle K #3909,SR-236,Clarksville,TN,460,3.329,"SR-236, Clarksville, TN, USA","Tiny Town Road, Clarksville, Montgomery County, Middle Tennessee, Tennessee, 37042, United States",36.6276437,-87.3357762
72941,CIRCLE K #2740389,I-55 & US-51,Hammond,LA,600,3.249,"I-55 & US-51, Hammond, LA, USA","Hammond, Tangipahoa Parish, Louisiana, United States",30.5043583,-90.4611995
72942,CIRCLE K #2742777,US-62/180,El Paso,TX,640,3.19066666,"US-62/180, El Paso, TX, USA","180, East Paisano Drive, Downtown Historic District, Downtown, El Paso, El Paso County, Texas, 79901, United States",31.7551942,-106.4872499
72943,CIRCLE K #2706805,SR-415 & SR-76,Port Allen,LA,600,3.359,"SR-415 & SR-76, Port Allen, LA, USA","Port Allen, West Baton Rouge Parish, Louisiana, United States",30.45335,-91.2100569
72944,Circle K #2709094,US-62 & SR-327,Lubbock,TX,700,3.099,"US-62 & SR-327, Lubbock, TX, USA","Lubbock, Lubbock County, Texas, United States",33.5855677,-101.8470215
72945,CIRCLE K #2707057,SR-59 & CR-12,Foley,AL,715,3.09233333,"SR-59 & CR-12, Foley, AL, USA","Foley, Baldwin County, Alabama, United States",30.4065868,-87.6835974
72949,BOURBON TRAVEL PLAZA,US-30,Bourbon                                 ,IN,370,3.499,"US-30, Bourbon                                 , IN, USA","East Center Street, Bourbon, Marshall County, Indiana, 46504, United States",41.2955782,-86.113169
72951,DK,SR-36,Abilene,TX,575,2.849,"SR-36, Abilene, TX, USA","Murphy USA, 1434, East Overland Trail, Abilene, Taylor County, Texas, 79601, United States",32.4787185,-99.700123
72953,GRAND AVENUE EXPRESS,I-35 & FM-372,Gainesville,TX,253,2.999,"I-35 & FM-372, Gainesville, TX, USA","Gainesville, Cooke County, Texas, United States",33.6248484,-97.142753
72957,IRVING,SR-11,Augusta,ME,203,3.899,"SR-11, Augusta, ME, USA","Civic Center Drive, Augusta, Kennebec County, Maine, 04330, United States",44.3457873,-69.794413
72958,Jack Flash Pana,SR-16,Pana,IL,318,3.199,"SR-16, Pana, IL, USA","Pana, Christian County, Illinois, 62557, United States",39.3889311,-89.0800809
72958,Jack Flash Pana,SR-16,Pana,IL,318,3.159,"SR-16, Pana, IL, USA","Pana, Christian County, Illinois, 62557, United States",39.3889311,-89.0800809
72958,Jack Flash Pana,SR-16,Pana,IL,318,3.099,"SR-16, Pana, IL, USA","Pana, Christian County, Illinois, 62557, United States",39.3889311,-89.0800809
72959,JORDANS #75,US-67,Newport,AR,418,3.299,"US-67, Newport, AR, USA","Arrington Street, Newport, Jackson County, Arkansas, 72112, United States",35.6055663,-91.2888604
72960,KENT KWIK #206,FM-2020,Odessa,TX,710,3.02566666,"FM-2020, Odessa, TX, USA","West University Boulevard, American Village, Westside, Odessa, Ector County, Texas, 79764, United States",31.8617391,-102.4109007
72963,MAVERIK #5358,"I-25, Exit 145",Colorado Springs,CO,796,3.33066666,"I-25, Exit 145, Colorado Springs, CO, USA","Exit Road, Colorado Springs, El Paso County, Colorado, 80914, United States",38.7922335,-104.6984674
72966,MCCLURE STORE #15,SR-9,Marion,IN,370,3.694,"SR-9, Marion, IN, USA","South Western Avenue, Marion, Grant County, Indiana, 46953, United States",40.4958697,-85.6702631
72967,BINKS TENAHA QUICK STOP,US-59/US-84,Tenaha,TX,618,3.059,"US-59/US-84, Tenaha, TX, USA","North George Bowers Drive, Tenaha, Shelby County, Texas, 75974, United States",31.9451346,-94.2420707
72969,LOVES TRAVEL STOP #555,US-30,Delphos,OH,411,3.30566666,"US-30, Delphos, OH, USA","US 30, Delphos, Marion Township, Allen County, Ohio, 45833, United States",40.8549458,-84.3164681
72973,PETE'S 49,US-166 & US-169,Coffeyville,KS,307,3.214,"US-166 & US-169, Coffeyville, KS, USA","Coffeyville, Montgomery County, Kansas, 67337, United States",37.0372999,-95.6163634
72974,USTOP 34,US-77,Lincoln,NE,413,3.499,"US-77, Lincoln, NE, USA","South 9th Street, South Lincoln, South Salt Creek, Lincoln, Lancaster County, Nebraska, 68502, United States",40.793099,-96.708616
72981,Sprint Mart #2301,I-565 & CR-115,Madison,AL,742,3.49233333,"I-565 & CR-115, Madison, AL, USA","Madison County, Alabama, United States",34.7736807,-86.5675095
72982,SUNOCO,I-10 & SR-328,Breaux Bridge                           ,LA,730,2.85566666,"I-10 & SR-328, Breaux Bridge                           , LA, USA","Breaux Bridge, Saint Martin Parish, Louisiana, 70517, United States",30.2735323,-91.8992837
72984,TERRIBLE HERBST #341,US-95,Indian Springs,NV,910,3.899,"US-95, Indian Springs, NV, USA","Veterans Memorial Highway, Indian Springs, Clark County, Nevada, 89018, United States",36.5798687,-115.7055393
72985,THE PRIDE OF VILLA PARK,SR-64,Villa Park                              ,IL,290,3.299,"SR-64, Villa Park                              , IL, USA","Range USA Villa Park, 277, West North Avenue, Villa Park, DuPage County, Illinois, 60181, United States",41.9050144,-87.9724424
72985,THE PRIDE OF VILLA PARK,SR-64,Villa Park                              ,IL,290,3.349,"SR-64, Villa Park                              , IL, USA","Range USA Villa Park, 277, West North Avenue, Villa Park, DuPage County, Illinois, 60181, United States",41.9050144,-87.9724424
72987,The Texan,US-285 & CR-116,Pecos,TX,710,2.999,"US-285 & CR-116, Pecos, TX, USA","Pecos County, Texas, United States",30.7857437,-102.8065415
72988,Thorntons #221354,US-12,Lake Zurich,IL,293,3.399,"US-12, Lake Zurich, IL, USA","Rand Road, Countryside West, Lake Zurich, Ela Township, Lake County, Illinois, 60047, United States",42.1724057,-88.071894
72988,Thorntons #221354,US-12,Lake Zurich,IL,293,3.349,"US-12, Lake Zurich, IL, USA","Rand Road, Countryside West, Lake Zurich, Ela Township, Lake County, Illinois, 60047, United States",42.1724057,-88.071894
72989,THORNTONS #442562,SR-63,Monroe,OH,407,3.199,"SR-63, Monroe, OH, USA","SR 63, Monroe, Turtlecreek Township, Warren County, Ohio, 45050, United States",39.4395989,-84.3307297
72991,THORNTONS #221345,US-20 ,Hanover Park,IL,297,3.759,"US-20 , Hanover Park, IL, USA","West Lake Street, Ontarioville, Hanover Park, Hanover Township, Cook County, Illinois, 60133, United States",41.9895073,-88.1547265
72998,83 FUEL STOP,US-83,Catarina,TX,693,2.959,"US-83, Catarina, TX, USA","Texas Vietnam Veterans Memorial Highway, Catarina, Dimmit County, Texas, 78836, United States",28.3536818,-99.6149884
72999,Aeg Petroleum,US-70 & SR-467,Portales,NM,593,3.68566666,"US-70 & SR-467, Portales, NM, USA","Portales, Roosevelt County, New Mexico, 88130, United States",34.1859636,-103.3373367
73003,GAS PRO TRAVEL CENTER,US-25 & SR-88,Hephzibah,GA,135,3.599,"US-25 & SR-88, Hephzibah, GA, USA","Hephzibah, Richmond County, Georgia, United States",33.3140311,-82.0967857
73005,NOBLE,US-20,Sturbridge,MA,215,3.999,"US-20, Sturbridge, MA, USA","Sturbridge Road, Charlton, Worcester County, Massachusetts, 01556, United States",42.1308847,-72.0426999
73008,MUSTANG XPRESS,US-183 & FM-1327,Austin,TX,595,3.33233333,"US-183 & FM-1327, Austin, TX, USA","FM 1327, Austin, Travis County, Texas, 78652, United States",30.1119237,-97.804168
73012,FUELPORT # 1,FM-143,San Antonio,TX,740,3.049,"FM-143, San Antonio, TX, USA","143, Farm-to-Market Road 2537, Cassin, San Antonio, Bexar County, Texas, 78221, United States",29.253114,-98.4932953
73014,CIRCLE K #2726298,SR 33 & SR 50,Mascotte,FL,140,3.539,"SR 33 & SR 50, Mascotte, FL, USA","Mascotte, Lake County, Florida, 34753, United States",28.5783313,-81.8867452
73015,76,US 40,Franklinville,NJ,150,3.169,"US 40, Franklinville, NJ, USA","Franklinville, Franklin Township, Gloucester County, New Jersey, 08322, United States",39.6179019,-75.0808338
73016,PARKERS #112,SR 67,Statesboro,GA,195,3.199,"SR 67, Statesboro, GA, USA","Murphy USA, 728, Northside Drive East, Kingswood, Statesboro, Bulloch County, Georgia, 30458, United States",32.4331497,-81.7614844
73017,U Stop #36,US 136 & SR 50,Tecumseh,NE,413,3.399,"US 136 & SR 50, Tecumseh, NE, USA","Tecumseh, Johnson County, Nebraska, 68450, United States",40.3680345,-96.1940137
73018,Smart Stop Travel Center,US 271 & SR 37,Bogata,TX,723,3.199,"US 271 & SR 37, Bogata, TX, USA","Bogata, Red River County, Texas, United States",33.4711597,-95.2144967
73031,Travel Refresh,US 59,Corrigan                                ,TX,618,2.949,"US 59, Corrigan                                , TX, USA","US 59, Corrigan, Polk County, Texas, 75939, United States",31.0170459,-94.8238785
73032,Parkers #110,SR 56,Augusta,GA,135,3.19233333,"SR 56, Augusta, GA, USA","Murphy USA, Wrightsboro Road, Ridgewood, Augusta, Richmond County, Georgia, 30909, United States",33.4685461,-82.0701536
73035,QUIKTRIP #7909,US-10,El Paso,TX,640,2.849,"US-10, El Paso, TX, USA","El Paso, El Paso County, Texas, United States",31.7601001,-106.4870476
73036,Maverik Country Store #741,US-80,Rock Springs,WY,827,3.30733333,"US-80, Rock Springs, WY, USA","Rock Springs, Sweetwater County, Wyoming, 82901, United States",41.5860557,-109.2194544
73040,TAILGATE #3,SR 21,Bryan,TX,670,3.599,"SR 21, Bryan, TX, USA","Murphy USA, 2200, Briarcrest Drive, Bryan, Brazos County, Texas, 77802, United States",30.6592945,-96.3311245
73041,Racetrac #182,US- 19,Hampton                                 ,GA,67,2.999,"US- 19, Hampton                                 , GA, USA","Bear Creek Boulevard, Main Street Commons, Hampton, Henry County, Georgia, 30284, United States",33.3685471,-84.2961698
73042,MAVERIK #728,Hwy 483,Lovington,NM,593,3.094,"Hwy 483, Lovington, NM, USA","Tatum Highway, Lovington, Lea County, New Mexico, 88260, United States",32.9651027,-103.3457642
73045,MAVERIK #717,US-395,Spokane,WA,970,3.979,"US-395, Spokane, WA, USA","North Division Street, Riverside, Spokane, Spokane County, Washington, 99258, United States",47.6671387,-117.4111622
73045,MAVERIK #717,US-395,Spokane,WA,970,3.999,"US-395, Spokane, WA, USA","North Division Street, Riverside, Spokane, Spokane County, Washington, 99258, United States",47.6671387,-117.4111622
73046,Refuel #63,US 501 & SR 544,Conway,SC,46,3.134,"US 501 & SR 544, Conway, SC, USA","Conway, Horry County, South Carolina, United States",33.8360035,-79.0478143
73048,ALLSUPS CONVENIENCE STORE #2473,US-287,Bowie,TX,630,2.899,"US-287, Bowie, TX, USA","US 287, Bowie, Montague County, Texas, 76230, United States",33.5350804,-97.8332002
73052,Circle K #2701875,US-78 E,Grovetown,GA,135,3.499,"US-78 E, Grovetown, GA, USA","East Robinson Avenue, Grovetown, Columbia County, Georgia, 30813, United States",33.4490906,-82.1938504
73055,CIRCLE K #4707124,SR-3,Liberty,ME,203,4.099,"SR-3, Liberty, ME, USA","Liberty, Waldo County, Maine, 04949, United States",44.3927438,-69.3074579
73057,CIRCLE K #2703586,US-550 & SR-516,Flora Vista,NM,580,3.719,"US-550 & SR-516, Flora Vista, NM, USA","Flora Vista, San Juan County, New Mexico, 87415, United States",36.7987276,-108.0771094
73062,CIRCLE K #2741849,SR-358 & SR-286,Corpus Christi,TX,625,3.124,"SR-358 & SR-286, Corpus Christi, TX, USA","Corpus Christi, Nueces County, Texas, United States",27.7635302,-97.4033191
73068,MAVERIK #5369,SR 21,Colorado Springs,CO,796,3.499,"SR 21, Colorado Springs, CO, USA","Colorado Springs Senior Homes Incorporated, Papeton, Colorado Springs, El Paso County, Colorado, United States",38.8764778,-104.8116145
73074,RACETRAC #2641,HWY 59 & FM 989,Texarkana                               ,TX,723,2.85733333,"HWY 59 & FM 989, Texarkana                               , TX, USA","Texarkana, Bowie County, Texas, United States",33.4466208,-94.0765653
73075,ALLSUPS CONVENIENCE STORE #2470,SR 18,Eunice,NM,710,3.099,"SR 18, Eunice, NM, USA","Eunice, Lea County, New Mexico, 88231, United States",32.4388224,-103.159002
73076,MAVERIK #5148,US 40,Kremmling,CO,800,3.679,"US 40, Kremmling, CO, USA","Park Avenue, Kremmling, Grand County, Colorado, 80459, United States",40.0560141,-106.3669258
73082,KWIK STAR #1153,US 71,Milford,IA,433,3.324,"US 71, Milford, IA, USA","Okoboji Avenue, Milford, Dickinson County, Iowa, 51351, United States",43.3365923,-95.1499653
73084,Kwik Trip #747,I-94 ALT & US-12,Baldwin,WI,448,3.499,"I-94 ALT & US-12, Baldwin, WI, USA","Village of Baldwin, Saint Croix County, Wisconsin, 54002, United States",44.9667546,-92.3732461
73092,QUIKTRIP #4042,I-10,Converse,TX,740,2.94566666,"I-10, Converse, TX, USA","Converse, Bexar County, Texas, 78109, United States",29.5180081,-98.3161241
73094,MARATHON,US-24,Taylor                                  ,MI,325,3.539,"US-24, Taylor                                  , MI, USA","Telegraph Road, Taylor, Wayne County, Michigan, 48180, United States",42.1954189,-83.2674619
73094,MARATHON,US-24,Taylor                                  ,MI,325,3.499,"US-24, Taylor                                  , MI, USA","Telegraph Road, Taylor, Wayne County, Michigan, 48180, United States",42.1954189,-83.2674619
73095,Quiktrip #7250,US 49,Richland,MS,760,2.91566666,"US 49, Richland, MS, USA","I 20;US 49, Richland, Rankin County, Mississippi, 39205, United States",32.2762194,-90.1756514
73096,KWIK TRIP #748,US 8,Barron,WI,295,3.64733333,"US 8, Barron, WI, USA","13 1/2 Avenue, Town of Barron, Barron County, Wisconsin, 54812, United States",45.4007285,-91.8138329
73106,ALLSUPS CONVENIENCE STORE #2472,US-75,Atoka,OK,253,2.96733333,"US-75, Atoka, OK, USA","North Mississippi Avenue, Atoka, Atoka County, Oklahoma, 74525, United States",34.3904493,-96.1264162
73118,ALLSUPS #2432,US 287 & SR 34,Ennis,TX,630,2.929,"US 287 & SR 34, Ennis, TX, USA","Ennis, Ellis County, Texas, United States",32.3293111,-96.6252679
73120, Kwik Star #1184,US 61,Dubuque,IA,335,3.489,"US 61, Dubuque, IA, USA","US 61;US 151, Port of Dubuque, Dubuque, Julien Township, Dubuque County, Iowa, 52001, United States",42.5015619,-90.6615412
73126,Kwik Trip #1298,US 10,Mondovi,WI,295,3.349,"US 10, Mondovi, WI, USA","East Main Street, Mondovi, Buffalo County, Wisconsin, 54755, United States",44.5694785,-91.6563219
73127,Gas N Wash,"I-55, EXIT 285",Chicago                                 ,IL,290,3.399,"I-55, EXIT 285, Chicago                                 , IL, USA","Grant Park South Garage (Exit), Jewelers Row, Loop, Chicago, South Chicago Township, Cook County, Illinois, 60604, United States",41.8774134,-87.6243099
73129,SHEETZ #837,I-94,Romulus,MI,325,3.099,"I-94, Romulus, MI, USA","Detroit Industrial Expressway, Romulus, Wayne County, Michigan, 48174, United States",42.2268695,-83.3907931
